[2026-08-11T12:19:12.015+0000] {processor.py:161} INFO - Started process (PID=86) to work on /opt/airflow/dags/nyc_taxi_ingest.py
[2026-08-11T12:19:12.019+0000] {processor.py:830} INFO - Processing file /opt/airflow/dags/nyc_taxi_ingest.py for tasks to queue
[2026-08-11T12:19:12.033+0000] {logging_mixin.py:188} INFO - [2026-08-11T12:19:12.032+0000] {dagbag.py:545} INFO - Filling up the DagBag from /opt/airflow/dags/nyc_taxi_ingest.py
[2026-08-11T12:19:15.327+0000] {processor.py:840} INFO - DAG(s) 'nyc_taxi_ingest' retrieved from /opt/airflow/dags/nyc_taxi_ingest.py
[2026-08-11T12:19:15.403+0000] {logging_mixin.py:188} INFO - [2026-08-11T12:19:15.402+0000] {dag.py:3089} INFO - Sync 1 DAGs
[2026-08-11T12:19:15.500+0000] {logging_mixin.py:188} INFO - [2026-08-11T12:19:15.499+0000] {dag.py:3947} INFO - Setting next_dagrun for nyc_taxi_ingest to None, run_after=None
[2026-08-11T12:19:15.584+0000] {processor.py:183} INFO - Processing /opt/airflow/dags/nyc_taxi_ingest.py took 3.608 seconds
[2026-08-11T12:19:45.822+0000] {processor.py:161} INFO - Started process (PID=88) to work on /opt/airflow/dags/nyc_taxi_ingest.py
[2026-08-11T12:19:45.829+0000] {processor.py:830} INFO - Processing file /opt/airflow/dags/nyc_taxi_ingest.py for tasks to queue
[2026-08-11T12:19:45.842+0000] {logging_mixin.py:188} INFO - [2026-08-11T12:19:45.840+0000] {dagbag.py:545} INFO - Filling up the DagBag from /opt/airflow/dags/nyc_taxi_ingest.py
[2026-08-11T12:19:47.122+0000] {processor.py:840} INFO - DAG(s) 'nyc_taxi_ingest' retrieved from /opt/airflow/dags/nyc_taxi_ingest.py
[2026-08-11T12:19:47.158+0000] {logging_mixin.py:188} INFO - [2026-08-11T12:19:47.158+0000] {dag.py:3089} INFO - Sync 1 DAGs
[2026-08-11T12:19:47.178+0000] {logging_mixin.py:188} INFO - [2026-08-11T12:19:47.178+0000] {dag.py:3947} INFO - Setting next_dagrun for nyc_taxi_ingest to None, run_after=None
[2026-08-11T12:19:47.195+0000] {processor.py:183} INFO - Processing /opt/airflow/dags/nyc_taxi_ingest.py took 1.384 seconds
[2026-08-11T12:20:17.403+0000] {processor.py:161} INFO - Started process (PID=90) to work on /opt/airflow/dags/nyc_taxi_ingest.py
[2026-08-11T12:20:17.404+0000] {processor.py:830} INFO - Processing file /opt/airflow/dags/nyc_taxi_ingest.py for tasks to queue
[2026-08-11T12:20:17.409+0000] {logging_mixin.py:188} INFO - [2026-08-11T12:20:17.409+0000] {dagbag.py:545} INFO - Filling up the DagBag from /opt/airflow/dags/nyc_taxi_ingest.py
[2026-08-11T12:20:17.975+0000] {processor.py:840} INFO - DAG(s) 'nyc_taxi_ingest' retrieved from /opt/airflow/dags/nyc_taxi_ingest.py
[2026-08-11T12:20:17.996+0000] {logging_mixin.py:188} INFO - [2026-08-11T12:20:17.995+0000] {dag.py:3089} INFO - Sync 1 DAGs
[2026-08-11T12:20:18.011+0000] {logging_mixin.py:188} INFO - [2026-08-11T12:20:18.011+0000] {dag.py:3947} INFO - Setting next_dagrun for nyc_taxi_ingest to None, run_after=None
[2026-08-11T12:20:18.026+0000] {processor.py:183} INFO - Processing /opt/airflow/dags/nyc_taxi_ingest.py took 0.629 seconds
[2026-08-11T12:20:48.204+0000] {processor.py:161} INFO - Started process (PID=92) to work on /opt/airflow/dags/nyc_taxi_ingest.py
[2026-08-11T12:20:48.205+0000] {processor.py:830} INFO - Processing file /opt/airflow/dags/nyc_taxi_ingest.py for tasks to queue
[2026-08-11T12:20:48.208+0000] {logging_mixin.py:188} INFO - [2026-08-11T12:20:48.207+0000] {dagbag.py:545} INFO - Filling up the DagBag from /opt/airflow/dags/nyc_taxi_ingest.py
[2026-08-11T12:20:48.752+0000] {processor.py:840} INFO - DAG(s) 'nyc_taxi_ingest' retrieved from /opt/airflow/dags/nyc_taxi_ingest.py
[2026-08-11T12:20:48.776+0000] {logging_mixin.py:188} INFO - [2026-08-11T12:20:48.776+0000] {dag.py:3089} INFO - Sync 1 DAGs
[2026-08-11T12:20:48.793+0000] {logging_mixin.py:188} INFO - [2026-08-11T12:20:48.793+0000] {dag.py:3947} INFO - Setting next_dagrun for nyc_taxi_ingest to None, run_after=None
[2026-08-11T12:20:48.809+0000] {processor.py:183} INFO - Processing /opt/airflow/dags/nyc_taxi_ingest.py took 0.610 seconds
[2026-08-11T12:21:19.035+0000] {processor.py:161} INFO - Started process (PID=94) to work on /opt/airflow/dags/nyc_taxi_ingest.py
[2026-08-11T12:21:19.036+0000] {processor.py:830} INFO - Processing file /opt/airflow/dags/nyc_taxi_ingest.py for tasks to queue
[2026-08-11T12:21:19.038+0000] {logging_mixin.py:188} INFO - [2026-08-11T12:21:19.038+0000] {dagbag.py:545} INFO - Filling up the DagBag from /opt/airflow/dags/nyc_taxi_ingest.py
[2026-08-11T12:21:19.502+0000] {processor.py:840} INFO - DAG(s) 'nyc_taxi_ingest' retrieved from /opt/airflow/dags/nyc_taxi_ingest.py
[2026-08-11T12:21:19.528+0000] {logging_mixin.py:188} INFO - [2026-08-11T12:21:19.527+0000] {dag.py:3089} INFO - Sync 1 DAGs
[2026-08-11T12:21:19.544+0000] {logging_mixin.py:188} INFO - [2026-08-11T12:21:19.544+0000] {dag.py:3947} INFO - Setting next_dagrun for nyc_taxi_ingest to None, run_after=None
[2026-08-11T12:21:19.559+0000] {processor.py:183} INFO - Processing /opt/airflow/dags/nyc_taxi_ingest.py took 0.530 seconds
[2026-08-11T12:21:49.764+0000] {processor.py:161} INFO - Started process (PID=96) to work on /opt/airflow/dags/nyc_taxi_ingest.py
[2026-08-11T12:21:49.766+0000] {processor.py:830} INFO - Processing file /opt/airflow/dags/nyc_taxi_ingest.py for tasks to queue
[2026-08-11T12:21:49.769+0000] {logging_mixin.py:188} INFO - [2026-08-11T12:21:49.769+0000] {dagbag.py:545} INFO - Filling up the DagBag from /opt/airflow/dags/nyc_taxi_ingest.py
[2026-08-11T12:21:50.356+0000] {processor.py:840} INFO - DAG(s) 'nyc_taxi_ingest' retrieved from /opt/airflow/dags/nyc_taxi_ingest.py
[2026-08-11T12:21:50.385+0000] {logging_mixin.py:188} INFO - [2026-08-11T12:21:50.384+0000] {dag.py:3089} INFO - Sync 1 DAGs
[2026-08-11T12:21:50.404+0000] {logging_mixin.py:188} INFO - [2026-08-11T12:21:50.404+0000] {dag.py:3947} INFO - Setting next_dagrun for nyc_taxi_ingest to None, run_after=None
[2026-08-11T12:21:50.419+0000] {processor.py:183} INFO - Processing /opt/airflow/dags/nyc_taxi_ingest.py took 0.663 seconds
[2026-08-11T12:22:20.733+0000] {processor.py:161} INFO - Started process (PID=98) to work on /opt/airflow/dags/nyc_taxi_ingest.py
[2026-08-11T12:22:20.734+0000] {processor.py:830} INFO - Processing file /opt/airflow/dags/nyc_taxi_ingest.py for tasks to queue
[2026-08-11T12:22:20.736+0000] {logging_mixin.py:188} INFO - [2026-08-11T12:22:20.736+0000] {dagbag.py:545} INFO - Filling up the DagBag from /opt/airflow/dags/nyc_taxi_ingest.py
[2026-08-11T12:22:21.480+0000] {processor.py:840} INFO - DAG(s) 'nyc_taxi_ingest' retrieved from /opt/airflow/dags/nyc_taxi_ingest.py
[2026-08-11T12:22:21.508+0000] {logging_mixin.py:188} INFO - [2026-08-11T12:22:21.508+0000] {dag.py:3089} INFO - Sync 1 DAGs
[2026-08-11T12:22:21.527+0000] {logging_mixin.py:188} INFO - [2026-08-11T12:22:21.526+0000] {dag.py:3947} INFO - Setting next_dagrun for nyc_taxi_ingest to None, run_after=None
[2026-08-11T12:22:21.545+0000] {processor.py:183} INFO - Processing /opt/airflow/dags/nyc_taxi_ingest.py took 0.818 seconds
[2026-08-11T12:22:51.654+0000] {processor.py:161} INFO - Started process (PID=100) to work on /opt/airflow/dags/nyc_taxi_ingest.py
[2026-08-11T12:22:51.655+0000] {processor.py:830} INFO - Processing file /opt/airflow/dags/nyc_taxi_ingest.py for tasks to queue
[2026-08-11T12:22:51.659+0000] {logging_mixin.py:188} INFO - [2026-08-11T12:22:51.658+0000] {dagbag.py:545} INFO - Filling up the DagBag from /opt/airflow/dags/nyc_taxi_ingest.py
[2026-08-11T12:22:52.446+0000] {processor.py:840} INFO - DAG(s) 'nyc_taxi_ingest' retrieved from /opt/airflow/dags/nyc_taxi_ingest.py
[2026-08-11T12:22:52.470+0000] {logging_mixin.py:188} INFO - [2026-08-11T12:22:52.470+0000] {dag.py:3089} INFO - Sync 1 DAGs
[2026-08-11T12:22:52.504+0000] {logging_mixin.py:188} INFO - [2026-08-11T12:22:52.504+0000] {dag.py:3947} INFO - Setting next_dagrun for nyc_taxi_ingest to None, run_after=None
[2026-08-11T12:22:52.541+0000] {processor.py:183} INFO - Processing /opt/airflow/dags/nyc_taxi_ingest.py took 0.897 seconds
[2026-08-11T12:23:22.618+0000] {processor.py:161} INFO - Started process (PID=102) to work on /opt/airflow/dags/nyc_taxi_ingest.py
[2026-08-11T12:23:22.619+0000] {processor.py:830} INFO - Processing file /opt/airflow/dags/nyc_taxi_ingest.py for tasks to queue
[2026-08-11T12:23:22.622+0000] {logging_mixin.py:188} INFO - [2026-08-11T12:23:22.621+0000] {dagbag.py:545} INFO - Filling up the DagBag from /opt/airflow/dags/nyc_taxi_ingest.py
[2026-08-11T12:23:23.172+0000] {processor.py:840} INFO - DAG(s) 'nyc_taxi_ingest' retrieved from /opt/airflow/dags/nyc_taxi_ingest.py
[2026-08-11T12:23:23.197+0000] {logging_mixin.py:188} INFO - [2026-08-11T12:23:23.197+0000] {dag.py:3089} INFO - Sync 1 DAGs
[2026-08-11T12:23:23.212+0000] {logging_mixin.py:188} INFO - [2026-08-11T12:23:23.212+0000] {dag.py:3947} INFO - Setting next_dagrun for nyc_taxi_ingest to None, run_after=None
[2026-08-11T12:23:23.263+0000] {processor.py:183} INFO - Processing /opt/airflow/dags/nyc_taxi_ingest.py took 0.650 seconds
[2026-08-11T12:23:53.644+0000] {processor.py:161} INFO - Started process (PID=104) to work on /opt/airflow/dags/nyc_taxi_ingest.py
[2026-08-11T12:23:53.645+0000] {processor.py:830} INFO - Processing file /opt/airflow/dags/nyc_taxi_ingest.py for tasks to queue
[2026-08-11T12:23:53.647+0000] {logging_mixin.py:188} INFO - [2026-08-11T12:23:53.646+0000] {dagbag.py:545} INFO - Filling up the DagBag from /opt/airflow/dags/nyc_taxi_ingest.py
[2026-08-11T12:23:54.195+0000] {processor.py:840} INFO - DAG(s) 'nyc_taxi_ingest' retrieved from /opt/airflow/dags/nyc_taxi_ingest.py
[2026-08-11T12:23:54.217+0000] {logging_mixin.py:188} INFO - [2026-08-11T12:23:54.217+0000] {dag.py:3089} INFO - Sync 1 DAGs
[2026-08-11T12:23:54.232+0000] {logging_mixin.py:188} INFO - [2026-08-11T12:23:54.231+0000] {dag.py:3947} INFO - Setting next_dagrun for nyc_taxi_ingest to None, run_after=None
[2026-08-11T12:23:54.260+0000] {processor.py:183} INFO - Processing /opt/airflow/dags/nyc_taxi_ingest.py took 0.621 seconds
[2026-08-11T12:24:24.552+0000] {processor.py:161} INFO - Started process (PID=106) to work on /opt/airflow/dags/nyc_taxi_ingest.py
[2026-08-11T12:24:24.554+0000] {processor.py:830} INFO - Processing file /opt/airflow/dags/nyc_taxi_ingest.py for tasks to queue
[2026-08-11T12:24:24.558+0000] {logging_mixin.py:188} INFO - [2026-08-11T12:24:24.557+0000] {dagbag.py:545} INFO - Filling up the DagBag from /opt/airflow/dags/nyc_taxi_ingest.py
[2026-08-11T12:24:25.279+0000] {processor.py:840} INFO - DAG(s) 'nyc_taxi_ingest' retrieved from /opt/airflow/dags/nyc_taxi_ingest.py
[2026-08-11T12:24:25.303+0000] {logging_mixin.py:188} INFO - [2026-08-11T12:24:25.303+0000] {dag.py:3089} INFO - Sync 1 DAGs
[2026-08-11T12:24:25.320+0000] {logging_mixin.py:188} INFO - [2026-08-11T12:24:25.320+0000] {dag.py:3947} INFO - Setting next_dagrun for nyc_taxi_ingest to None, run_after=None
[2026-08-11T12:24:25.337+0000] {processor.py:183} INFO - Processing /opt/airflow/dags/nyc_taxi_ingest.py took 0.791 seconds
[2026-08-11T12:24:55.590+0000] {processor.py:161} INFO - Started process (PID=108) to work on /opt/airflow/dags/nyc_taxi_ingest.py
[2026-08-11T12:24:55.591+0000] {processor.py:830} INFO - Processing file /opt/airflow/dags/nyc_taxi_ingest.py for tasks to queue
[2026-08-11T12:24:55.593+0000] {logging_mixin.py:188} INFO - [2026-08-11T12:24:55.593+0000] {dagbag.py:545} INFO - Filling up the DagBag from /opt/airflow/dags/nyc_taxi_ingest.py
[2026-08-11T12:24:56.234+0000] {processor.py:840} INFO - DAG(s) 'nyc_taxi_ingest' retrieved from /opt/airflow/dags/nyc_taxi_ingest.py
[2026-08-11T12:24:56.258+0000] {logging_mixin.py:188} INFO - [2026-08-11T12:24:56.257+0000] {dag.py:3089} INFO - Sync 1 DAGs
[2026-08-11T12:24:56.274+0000] {logging_mixin.py:188} INFO - [2026-08-11T12:24:56.274+0000] {dag.py:3947} INFO - Setting next_dagrun for nyc_taxi_ingest to None, run_after=None
[2026-08-11T12:24:56.292+0000] {processor.py:183} INFO - Processing /opt/airflow/dags/nyc_taxi_ingest.py took 0.707 seconds
[2026-08-11T12:25:26.444+0000] {processor.py:161} INFO - Started process (PID=110) to work on /opt/airflow/dags/nyc_taxi_ingest.py
[2026-08-11T12:25:26.447+0000] {processor.py:830} INFO - Processing file /opt/airflow/dags/nyc_taxi_ingest.py for tasks to queue
[2026-08-11T12:25:26.450+0000] {logging_mixin.py:188} INFO - [2026-08-11T12:25:26.449+0000] {dagbag.py:545} INFO - Filling up the DagBag from /opt/airflow/dags/nyc_taxi_ingest.py
[2026-08-11T12:25:27.423+0000] {processor.py:840} INFO - DAG(s) 'nyc_taxi_ingest' retrieved from /opt/airflow/dags/nyc_taxi_ingest.py
[2026-08-11T12:25:27.469+0000] {logging_mixin.py:188} INFO - [2026-08-11T12:25:27.469+0000] {dag.py:3089} INFO - Sync 1 DAGs
[2026-08-11T12:25:27.505+0000] {logging_mixin.py:188} INFO - [2026-08-11T12:25:27.505+0000] {dag.py:3947} INFO - Setting next_dagrun for nyc_taxi_ingest to None, run_after=None
[2026-08-11T12:25:27.531+0000] {processor.py:183} INFO - Processing /opt/airflow/dags/nyc_taxi_ingest.py took 1.097 seconds
[2026-08-11T12:25:57.726+0000] {processor.py:161} INFO - Started process (PID=112) to work on /opt/airflow/dags/nyc_taxi_ingest.py
[2026-08-11T12:25:57.729+0000] {processor.py:830} INFO - Processing file /opt/airflow/dags/nyc_taxi_ingest.py for tasks to queue
[2026-08-11T12:25:57.733+0000] {logging_mixin.py:188} INFO - [2026-08-11T12:25:57.733+0000] {dagbag.py:545} INFO - Filling up the DagBag from /opt/airflow/dags/nyc_taxi_ingest.py
[2026-08-11T12:25:58.504+0000] {processor.py:840} INFO - DAG(s) 'nyc_taxi_ingest' retrieved from /opt/airflow/dags/nyc_taxi_ingest.py
[2026-08-11T12:25:58.530+0000] {logging_mixin.py:188} INFO - [2026-08-11T12:25:58.529+0000] {dag.py:3089} INFO - Sync 1 DAGs
[2026-08-11T12:25:58.548+0000] {logging_mixin.py:188} INFO - [2026-08-11T12:25:58.548+0000] {dag.py:3947} INFO - Setting next_dagrun for nyc_taxi_ingest to None, run_after=None
[2026-08-11T12:25:58.567+0000] {processor.py:183} INFO - Processing /opt/airflow/dags/nyc_taxi_ingest.py took 0.848 seconds
[2026-08-11T12:26:29.080+0000] {processor.py:161} INFO - Started process (PID=114) to work on /opt/airflow/dags/nyc_taxi_ingest.py
[2026-08-11T12:26:29.081+0000] {processor.py:830} INFO - Processing file /opt/airflow/dags/nyc_taxi_ingest.py for tasks to queue
[2026-08-11T12:26:29.084+0000] {logging_mixin.py:188} INFO - [2026-08-11T12:26:29.083+0000] {dagbag.py:545} INFO - Filling up the DagBag from /opt/airflow/dags/nyc_taxi_ingest.py
[2026-08-11T12:26:29.669+0000] {processor.py:840} INFO - DAG(s) 'nyc_taxi_ingest' retrieved from /opt/airflow/dags/nyc_taxi_ingest.py
[2026-08-11T12:26:29.693+0000] {logging_mixin.py:188} INFO - [2026-08-11T12:26:29.692+0000] {dag.py:3089} INFO - Sync 1 DAGs
[2026-08-11T12:26:29.708+0000] {logging_mixin.py:188} INFO - [2026-08-11T12:26:29.708+0000] {dag.py:3947} INFO - Setting next_dagrun for nyc_taxi_ingest to None, run_after=None
[2026-08-11T12:26:29.733+0000] {processor.py:183} INFO - Processing /opt/airflow/dags/nyc_taxi_ingest.py took 0.659 seconds
[2026-08-11T12:26:59.975+0000] {processor.py:161} INFO - Started process (PID=116) to work on /opt/airflow/dags/nyc_taxi_ingest.py
[2026-08-11T12:26:59.977+0000] {processor.py:830} INFO - Processing file /opt/airflow/dags/nyc_taxi_ingest.py for tasks to queue
[2026-08-11T12:26:59.979+0000] {logging_mixin.py:188} INFO - [2026-08-11T12:26:59.978+0000] {dagbag.py:545} INFO - Filling up the DagBag from /opt/airflow/dags/nyc_taxi_ingest.py
[2026-08-11T12:27:00.774+0000] {processor.py:840} INFO - DAG(s) 'nyc_taxi_ingest' retrieved from /opt/airflow/dags/nyc_taxi_ingest.py
[2026-08-11T12:27:00.797+0000] {logging_mixin.py:188} INFO - [2026-08-11T12:27:00.797+0000] {dag.py:3089} INFO - Sync 1 DAGs
[2026-08-11T12:27:00.815+0000] {logging_mixin.py:188} INFO - [2026-08-11T12:27:00.815+0000] {dag.py:3947} INFO - Setting next_dagrun for nyc_taxi_ingest to None, run_after=None
[2026-08-11T12:27:00.835+0000] {processor.py:183} INFO - Processing /opt/airflow/dags/nyc_taxi_ingest.py took 0.865 seconds
[2026-08-11T12:27:31.392+0000] {processor.py:161} INFO - Started process (PID=118) to work on /opt/airflow/dags/nyc_taxi_ingest.py
[2026-08-11T12:27:31.393+0000] {processor.py:830} INFO - Processing file /opt/airflow/dags/nyc_taxi_ingest.py for tasks to queue
[2026-08-11T12:27:31.398+0000] {logging_mixin.py:188} INFO - [2026-08-11T12:27:31.397+0000] {dagbag.py:545} INFO - Filling up the DagBag from /opt/airflow/dags/nyc_taxi_ingest.py
[2026-08-11T12:27:32.071+0000] {processor.py:840} INFO - DAG(s) 'nyc_taxi_ingest' retrieved from /opt/airflow/dags/nyc_taxi_ingest.py
[2026-08-11T12:27:32.094+0000] {logging_mixin.py:188} INFO - [2026-08-11T12:27:32.094+0000] {dag.py:3089} INFO - Sync 1 DAGs
[2026-08-11T12:27:32.112+0000] {logging_mixin.py:188} INFO - [2026-08-11T12:27:32.112+0000] {dag.py:3947} INFO - Setting next_dagrun for nyc_taxi_ingest to None, run_after=None
[2026-08-11T12:27:32.128+0000] {processor.py:183} INFO - Processing /opt/airflow/dags/nyc_taxi_ingest.py took 0.756 seconds
[2026-08-11T12:28:02.348+0000] {processor.py:161} INFO - Started process (PID=120) to work on /opt/airflow/dags/nyc_taxi_ingest.py
[2026-08-11T12:28:02.349+0000] {processor.py:830} INFO - Processing file /opt/airflow/dags/nyc_taxi_ingest.py for tasks to queue
[2026-08-11T12:28:02.352+0000] {logging_mixin.py:188} INFO - [2026-08-11T12:28:02.351+0000] {dagbag.py:545} INFO - Filling up the DagBag from /opt/airflow/dags/nyc_taxi_ingest.py
[2026-08-11T12:28:03.066+0000] {processor.py:840} INFO - DAG(s) 'nyc_taxi_ingest' retrieved from /opt/airflow/dags/nyc_taxi_ingest.py
[2026-08-11T12:28:03.094+0000] {logging_mixin.py:188} INFO - [2026-08-11T12:28:03.094+0000] {dag.py:3089} INFO - Sync 1 DAGs
[2026-08-11T12:28:03.113+0000] {logging_mixin.py:188} INFO - [2026-08-11T12:28:03.113+0000] {dag.py:3947} INFO - Setting next_dagrun for nyc_taxi_ingest to None, run_after=None
[2026-08-11T12:28:03.157+0000] {processor.py:183} INFO - Processing /opt/airflow/dags/nyc_taxi_ingest.py took 0.816 seconds
[2026-08-11T12:28:33.391+0000] {processor.py:161} INFO - Started process (PID=122) to work on /opt/airflow/dags/nyc_taxi_ingest.py
[2026-08-11T12:28:33.393+0000] {processor.py:830} INFO - Processing file /opt/airflow/dags/nyc_taxi_ingest.py for tasks to queue
[2026-08-11T12:28:33.396+0000] {logging_mixin.py:188} INFO - [2026-08-11T12:28:33.395+0000] {dagbag.py:545} INFO - Filling up the DagBag from /opt/airflow/dags/nyc_taxi_ingest.py
[2026-08-11T12:28:34.022+0000] {processor.py:840} INFO - DAG(s) 'nyc_taxi_ingest' retrieved from /opt/airflow/dags/nyc_taxi_ingest.py
[2026-08-11T12:28:34.063+0000] {logging_mixin.py:188} INFO - [2026-08-11T12:28:34.062+0000] {dag.py:3089} INFO - Sync 1 DAGs
[2026-08-11T12:28:34.088+0000] {logging_mixin.py:188} INFO - [2026-08-11T12:28:34.087+0000] {dag.py:3947} INFO - Setting next_dagrun for nyc_taxi_ingest to None, run_after=None
[2026-08-11T12:28:34.110+0000] {processor.py:183} INFO - Processing /opt/airflow/dags/nyc_taxi_ingest.py took 0.727 seconds
[2026-08-11T12:29:04.702+0000] {processor.py:161} INFO - Started process (PID=124) to work on /opt/airflow/dags/nyc_taxi_ingest.py
[2026-08-11T12:29:04.704+0000] {processor.py:830} INFO - Processing file /opt/airflow/dags/nyc_taxi_ingest.py for tasks to queue
[2026-08-11T12:29:04.707+0000] {logging_mixin.py:188} INFO - [2026-08-11T12:29:04.707+0000] {dagbag.py:545} INFO - Filling up the DagBag from /opt/airflow/dags/nyc_taxi_ingest.py
[2026-08-11T12:29:05.376+0000] {processor.py:840} INFO - DAG(s) 'nyc_taxi_ingest' retrieved from /opt/airflow/dags/nyc_taxi_ingest.py
[2026-08-11T12:29:05.404+0000] {logging_mixin.py:188} INFO - [2026-08-11T12:29:05.404+0000] {dag.py:3089} INFO - Sync 1 DAGs
[2026-08-11T12:29:05.424+0000] {logging_mixin.py:188} INFO - [2026-08-11T12:29:05.423+0000] {dag.py:3947} INFO - Setting next_dagrun for nyc_taxi_ingest to None, run_after=None
[2026-08-11T12:29:05.446+0000] {processor.py:183} INFO - Processing /opt/airflow/dags/nyc_taxi_ingest.py took 0.758 seconds
[2026-08-11T12:29:35.782+0000] {processor.py:161} INFO - Started process (PID=126) to work on /opt/airflow/dags/nyc_taxi_ingest.py
[2026-08-11T12:29:35.783+0000] {processor.py:830} INFO - Processing file /opt/airflow/dags/nyc_taxi_ingest.py for tasks to queue
[2026-08-11T12:29:35.785+0000] {logging_mixin.py:188} INFO - [2026-08-11T12:29:35.785+0000] {dagbag.py:545} INFO - Filling up the DagBag from /opt/airflow/dags/nyc_taxi_ingest.py
[2026-08-11T12:29:36.534+0000] {processor.py:840} INFO - DAG(s) 'nyc_taxi_ingest' retrieved from /opt/airflow/dags/nyc_taxi_ingest.py
[2026-08-11T12:29:36.575+0000] {logging_mixin.py:188} INFO - [2026-08-11T12:29:36.575+0000] {dag.py:3089} INFO - Sync 1 DAGs
[2026-08-11T12:29:36.596+0000] {logging_mixin.py:188} INFO - [2026-08-11T12:29:36.596+0000] {dag.py:3947} INFO - Setting next_dagrun for nyc_taxi_ingest to None, run_after=None
[2026-08-11T12:29:36.793+0000] {processor.py:183} INFO - Processing /opt/airflow/dags/nyc_taxi_ingest.py took 1.018 seconds
[2026-08-11T12:30:07.095+0000] {processor.py:161} INFO - Started process (PID=128) to work on /opt/airflow/dags/nyc_taxi_ingest.py
[2026-08-11T12:30:07.096+0000] {processor.py:830} INFO - Processing file /opt/airflow/dags/nyc_taxi_ingest.py for tasks to queue
[2026-08-11T12:30:07.100+0000] {logging_mixin.py:188} INFO - [2026-08-11T12:30:07.099+0000] {dagbag.py:545} INFO - Filling up the DagBag from /opt/airflow/dags/nyc_taxi_ingest.py
[2026-08-11T12:30:07.983+0000] {processor.py:840} INFO - DAG(s) 'nyc_taxi_ingest' retrieved from /opt/airflow/dags/nyc_taxi_ingest.py
[2026-08-11T12:30:08.015+0000] {logging_mixin.py:188} INFO - [2026-08-11T12:30:08.014+0000] {dag.py:3089} INFO - Sync 1 DAGs
[2026-08-11T12:30:08.043+0000] {logging_mixin.py:188} INFO - [2026-08-11T12:30:08.043+0000] {dag.py:3947} INFO - Setting next_dagrun for nyc_taxi_ingest to None, run_after=None
[2026-08-11T12:30:08.103+0000] {processor.py:183} INFO - Processing /opt/airflow/dags/nyc_taxi_ingest.py took 1.016 seconds
[2026-08-11T12:30:38.290+0000] {processor.py:161} INFO - Started process (PID=130) to work on /opt/airflow/dags/nyc_taxi_ingest.py
[2026-08-11T12:30:38.292+0000] {processor.py:830} INFO - Processing file /opt/airflow/dags/nyc_taxi_ingest.py for tasks to queue
[2026-08-11T12:30:38.294+0000] {logging_mixin.py:188} INFO - [2026-08-11T12:30:38.293+0000] {dagbag.py:545} INFO - Filling up the DagBag from /opt/airflow/dags/nyc_taxi_ingest.py
[2026-08-11T12:30:38.887+0000] {processor.py:840} INFO - DAG(s) 'nyc_taxi_ingest' retrieved from /opt/airflow/dags/nyc_taxi_ingest.py
[2026-08-11T12:30:38.912+0000] {logging_mixin.py:188} INFO - [2026-08-11T12:30:38.912+0000] {dag.py:3089} INFO - Sync 1 DAGs
[2026-08-11T12:30:38.929+0000] {logging_mixin.py:188} INFO - [2026-08-11T12:30:38.929+0000] {dag.py:3947} INFO - Setting next_dagrun for nyc_taxi_ingest to None, run_after=None
[2026-08-11T12:30:38.960+0000] {processor.py:183} INFO - Processing /opt/airflow/dags/nyc_taxi_ingest.py took 0.677 seconds
[2026-08-11T12:31:09.204+0000] {processor.py:161} INFO - Started process (PID=132) to work on /opt/airflow/dags/nyc_taxi_ingest.py
[2026-08-11T12:31:09.205+0000] {processor.py:830} INFO - Processing file /opt/airflow/dags/nyc_taxi_ingest.py for tasks to queue
[2026-08-11T12:31:09.207+0000] {logging_mixin.py:188} INFO - [2026-08-11T12:31:09.206+0000] {dagbag.py:545} INFO - Filling up the DagBag from /opt/airflow/dags/nyc_taxi_ingest.py
[2026-08-11T12:31:09.727+0000] {processor.py:840} INFO - DAG(s) 'nyc_taxi_ingest' retrieved from /opt/airflow/dags/nyc_taxi_ingest.py
[2026-08-11T12:31:09.747+0000] {logging_mixin.py:188} INFO - [2026-08-11T12:31:09.746+0000] {dag.py:3089} INFO - Sync 1 DAGs
[2026-08-11T12:31:09.762+0000] {logging_mixin.py:188} INFO - [2026-08-11T12:31:09.761+0000] {dag.py:3947} INFO - Setting next_dagrun for nyc_taxi_ingest to None, run_after=None
[2026-08-11T12:31:09.778+0000] {processor.py:183} INFO - Processing /opt/airflow/dags/nyc_taxi_ingest.py took 0.579 seconds
[2026-08-11T12:31:40.038+0000] {processor.py:161} INFO - Started process (PID=134) to work on /opt/airflow/dags/nyc_taxi_ingest.py
[2026-08-11T12:31:40.039+0000] {processor.py:830} INFO - Processing file /opt/airflow/dags/nyc_taxi_ingest.py for tasks to queue
[2026-08-11T12:31:40.041+0000] {logging_mixin.py:188} INFO - [2026-08-11T12:31:40.041+0000] {dagbag.py:545} INFO - Filling up the DagBag from /opt/airflow/dags/nyc_taxi_ingest.py
[2026-08-11T12:31:40.683+0000] {processor.py:840} INFO - DAG(s) 'nyc_taxi_ingest' retrieved from /opt/airflow/dags/nyc_taxi_ingest.py
[2026-08-11T12:31:40.735+0000] {logging_mixin.py:188} INFO - [2026-08-11T12:31:40.734+0000] {dag.py:3089} INFO - Sync 1 DAGs
[2026-08-11T12:31:40.774+0000] {logging_mixin.py:188} INFO - [2026-08-11T12:31:40.773+0000] {dag.py:3947} INFO - Setting next_dagrun for nyc_taxi_ingest to None, run_after=None
[2026-08-11T12:31:40.818+0000] {processor.py:183} INFO - Processing /opt/airflow/dags/nyc_taxi_ingest.py took 0.786 seconds
[2026-08-11T12:32:11.019+0000] {processor.py:161} INFO - Started process (PID=136) to work on /opt/airflow/dags/nyc_taxi_ingest.py
[2026-08-11T12:32:11.020+0000] {processor.py:830} INFO - Processing file /opt/airflow/dags/nyc_taxi_ingest.py for tasks to queue
[2026-08-11T12:32:11.022+0000] {logging_mixin.py:188} INFO - [2026-08-11T12:32:11.021+0000] {dagbag.py:545} INFO - Filling up the DagBag from /opt/airflow/dags/nyc_taxi_ingest.py
[2026-08-11T12:32:11.922+0000] {processor.py:840} INFO - DAG(s) 'nyc_taxi_ingest' retrieved from /opt/airflow/dags/nyc_taxi_ingest.py
[2026-08-11T12:32:11.947+0000] {logging_mixin.py:188} INFO - [2026-08-11T12:32:11.946+0000] {dag.py:3089} INFO - Sync 1 DAGs
[2026-08-11T12:32:11.968+0000] {logging_mixin.py:188} INFO - [2026-08-11T12:32:11.967+0000] {dag.py:3947} INFO - Setting next_dagrun for nyc_taxi_ingest to None, run_after=None
[2026-08-11T12:32:11.995+0000] {processor.py:183} INFO - Processing /opt/airflow/dags/nyc_taxi_ingest.py took 0.983 seconds
[2026-08-11T12:32:42.522+0000] {processor.py:161} INFO - Started process (PID=138) to work on /opt/airflow/dags/nyc_taxi_ingest.py
[2026-08-11T12:32:42.525+0000] {processor.py:830} INFO - Processing file /opt/airflow/dags/nyc_taxi_ingest.py for tasks to queue
[2026-08-11T12:32:42.534+0000] {logging_mixin.py:188} INFO - [2026-08-11T12:32:42.533+0000] {dagbag.py:545} INFO - Filling up the DagBag from /opt/airflow/dags/nyc_taxi_ingest.py
[2026-08-11T12:32:44.517+0000] {processor.py:840} INFO - DAG(s) 'nyc_taxi_ingest' retrieved from /opt/airflow/dags/nyc_taxi_ingest.py
[2026-08-11T12:32:44.620+0000] {logging_mixin.py:188} INFO - [2026-08-11T12:32:44.619+0000] {dag.py:3089} INFO - Sync 1 DAGs
[2026-08-11T12:32:44.658+0000] {logging_mixin.py:188} INFO - [2026-08-11T12:32:44.658+0000] {dag.py:3947} INFO - Setting next_dagrun for nyc_taxi_ingest to None, run_after=None
[2026-08-11T12:32:44.702+0000] {processor.py:183} INFO - Processing /opt/airflow/dags/nyc_taxi_ingest.py took 2.204 seconds
[2026-08-11T12:33:15.176+0000] {processor.py:161} INFO - Started process (PID=140) to work on /opt/airflow/dags/nyc_taxi_ingest.py
[2026-08-11T12:33:15.178+0000] {processor.py:830} INFO - Processing file /opt/airflow/dags/nyc_taxi_ingest.py for tasks to queue
[2026-08-11T12:33:15.181+0000] {logging_mixin.py:188} INFO - [2026-08-11T12:33:15.181+0000] {dagbag.py:545} INFO - Filling up the DagBag from /opt/airflow/dags/nyc_taxi_ingest.py
[2026-08-11T12:33:15.983+0000] {processor.py:840} INFO - DAG(s) 'nyc_taxi_ingest' retrieved from /opt/airflow/dags/nyc_taxi_ingest.py
[2026-08-11T12:33:16.010+0000] {logging_mixin.py:188} INFO - [2026-08-11T12:33:16.010+0000] {dag.py:3089} INFO - Sync 1 DAGs
[2026-08-11T12:33:16.028+0000] {logging_mixin.py:188} INFO - [2026-08-11T12:33:16.028+0000] {dag.py:3947} INFO - Setting next_dagrun for nyc_taxi_ingest to None, run_after=None
[2026-08-11T12:33:16.045+0000] {processor.py:183} INFO - Processing /opt/airflow/dags/nyc_taxi_ingest.py took 0.878 seconds
[2026-08-11T12:33:46.344+0000] {processor.py:161} INFO - Started process (PID=142) to work on /opt/airflow/dags/nyc_taxi_ingest.py
[2026-08-11T12:33:46.348+0000] {processor.py:830} INFO - Processing file /opt/airflow/dags/nyc_taxi_ingest.py for tasks to queue
[2026-08-11T12:33:46.356+0000] {logging_mixin.py:188} INFO - [2026-08-11T12:33:46.355+0000] {dagbag.py:545} INFO - Filling up the DagBag from /opt/airflow/dags/nyc_taxi_ingest.py
[2026-08-11T12:33:47.332+0000] {processor.py:840} INFO - DAG(s) 'nyc_taxi_ingest' retrieved from /opt/airflow/dags/nyc_taxi_ingest.py
[2026-08-11T12:33:47.374+0000] {logging_mixin.py:188} INFO - [2026-08-11T12:33:47.373+0000] {dag.py:3089} INFO - Sync 1 DAGs
[2026-08-11T12:33:47.399+0000] {logging_mixin.py:188} INFO - [2026-08-11T12:33:47.399+0000] {dag.py:3947} INFO - Setting next_dagrun for nyc_taxi_ingest to None, run_after=None
[2026-08-11T12:33:47.427+0000] {processor.py:183} INFO - Processing /opt/airflow/dags/nyc_taxi_ingest.py took 1.119 seconds
[2026-08-11T12:34:17.754+0000] {processor.py:161} INFO - Started process (PID=144) to work on /opt/airflow/dags/nyc_taxi_ingest.py
[2026-08-11T12:34:17.757+0000] {processor.py:830} INFO - Processing file /opt/airflow/dags/nyc_taxi_ingest.py for tasks to queue
[2026-08-11T12:34:17.762+0000] {logging_mixin.py:188} INFO - [2026-08-11T12:34:17.761+0000] {dagbag.py:545} INFO - Filling up the DagBag from /opt/airflow/dags/nyc_taxi_ingest.py
[2026-08-11T12:34:20.312+0000] {processor.py:840} INFO - DAG(s) 'nyc_taxi_ingest' retrieved from /opt/airflow/dags/nyc_taxi_ingest.py
[2026-08-11T12:34:20.532+0000] {logging_mixin.py:188} INFO - [2026-08-11T12:34:20.530+0000] {dag.py:3089} INFO - Sync 1 DAGs
[2026-08-11T12:34:20.658+0000] {logging_mixin.py:188} INFO - [2026-08-11T12:34:20.657+0000] {dag.py:3947} INFO - Setting next_dagrun for nyc_taxi_ingest to None, run_after=None
[2026-08-11T12:34:20.765+0000] {processor.py:183} INFO - Processing /opt/airflow/dags/nyc_taxi_ingest.py took 3.022 seconds
[2026-08-11T12:34:51.190+0000] {processor.py:161} INFO - Started process (PID=146) to work on /opt/airflow/dags/nyc_taxi_ingest.py
[2026-08-11T12:34:51.192+0000] {processor.py:830} INFO - Processing file /opt/airflow/dags/nyc_taxi_ingest.py for tasks to queue
[2026-08-11T12:34:51.198+0000] {logging_mixin.py:188} INFO - [2026-08-11T12:34:51.197+0000] {dagbag.py:545} INFO - Filling up the DagBag from /opt/airflow/dags/nyc_taxi_ingest.py
[2026-08-11T12:34:52.552+0000] {processor.py:840} INFO - DAG(s) 'nyc_taxi_ingest' retrieved from /opt/airflow/dags/nyc_taxi_ingest.py
[2026-08-11T12:34:52.578+0000] {logging_mixin.py:188} INFO - [2026-08-11T12:34:52.578+0000] {dag.py:3089} INFO - Sync 1 DAGs
[2026-08-11T12:34:52.598+0000] {logging_mixin.py:188} INFO - [2026-08-11T12:34:52.597+0000] {dag.py:3947} INFO - Setting next_dagrun for nyc_taxi_ingest to None, run_after=None
[2026-08-11T12:34:52.622+0000] {processor.py:183} INFO - Processing /opt/airflow/dags/nyc_taxi_ingest.py took 1.444 seconds
[2026-08-11T12:35:22.919+0000] {processor.py:161} INFO - Started process (PID=148) to work on /opt/airflow/dags/nyc_taxi_ingest.py
[2026-08-11T12:35:22.920+0000] {processor.py:830} INFO - Processing file /opt/airflow/dags/nyc_taxi_ingest.py for tasks to queue
[2026-08-11T12:35:22.923+0000] {logging_mixin.py:188} INFO - [2026-08-11T12:35:22.923+0000] {dagbag.py:545} INFO - Filling up the DagBag from /opt/airflow/dags/nyc_taxi_ingest.py
[2026-08-11T12:35:23.767+0000] {processor.py:840} INFO - DAG(s) 'nyc_taxi_ingest' retrieved from /opt/airflow/dags/nyc_taxi_ingest.py
[2026-08-11T12:35:23.794+0000] {logging_mixin.py:188} INFO - [2026-08-11T12:35:23.793+0000] {dag.py:3089} INFO - Sync 1 DAGs
[2026-08-11T12:35:23.814+0000] {logging_mixin.py:188} INFO - [2026-08-11T12:35:23.814+0000] {dag.py:3947} INFO - Setting next_dagrun for nyc_taxi_ingest to None, run_after=None
[2026-08-11T12:35:23.840+0000] {processor.py:183} INFO - Processing /opt/airflow/dags/nyc_taxi_ingest.py took 0.931 seconds
[2026-08-11T12:35:54.053+0000] {processor.py:161} INFO - Started process (PID=150) to work on /opt/airflow/dags/nyc_taxi_ingest.py
[2026-08-11T12:35:54.054+0000] {processor.py:830} INFO - Processing file /opt/airflow/dags/nyc_taxi_ingest.py for tasks to queue
[2026-08-11T12:35:54.057+0000] {logging_mixin.py:188} INFO - [2026-08-11T12:35:54.057+0000] {dagbag.py:545} INFO - Filling up the DagBag from /opt/airflow/dags/nyc_taxi_ingest.py
[2026-08-11T12:35:54.841+0000] {processor.py:840} INFO - DAG(s) 'nyc_taxi_ingest' retrieved from /opt/airflow/dags/nyc_taxi_ingest.py
[2026-08-11T12:35:54.884+0000] {logging_mixin.py:188} INFO - [2026-08-11T12:35:54.883+0000] {dag.py:3089} INFO - Sync 1 DAGs
[2026-08-11T12:35:54.906+0000] {logging_mixin.py:188} INFO - [2026-08-11T12:35:54.905+0000] {dag.py:3947} INFO - Setting next_dagrun for nyc_taxi_ingest to None, run_after=None
[2026-08-11T12:35:54.936+0000] {processor.py:183} INFO - Processing /opt/airflow/dags/nyc_taxi_ingest.py took 0.890 seconds
[2026-08-11T12:36:25.206+0000] {processor.py:161} INFO - Started process (PID=152) to work on /opt/airflow/dags/nyc_taxi_ingest.py
[2026-08-11T12:36:25.207+0000] {processor.py:830} INFO - Processing file /opt/airflow/dags/nyc_taxi_ingest.py for tasks to queue
[2026-08-11T12:36:25.209+0000] {logging_mixin.py:188} INFO - [2026-08-11T12:36:25.209+0000] {dagbag.py:545} INFO - Filling up the DagBag from /opt/airflow/dags/nyc_taxi_ingest.py
[2026-08-11T12:36:25.893+0000] {processor.py:840} INFO - DAG(s) 'nyc_taxi_ingest' retrieved from /opt/airflow/dags/nyc_taxi_ingest.py
[2026-08-11T12:36:25.929+0000] {logging_mixin.py:188} INFO - [2026-08-11T12:36:25.928+0000] {dag.py:3089} INFO - Sync 1 DAGs
[2026-08-11T12:36:25.954+0000] {logging_mixin.py:188} INFO - [2026-08-11T12:36:25.954+0000] {dag.py:3947} INFO - Setting next_dagrun for nyc_taxi_ingest to None, run_after=None
[2026-08-11T12:36:25.980+0000] {processor.py:183} INFO - Processing /opt/airflow/dags/nyc_taxi_ingest.py took 0.781 seconds
[2026-08-11T12:36:56.088+0000] {processor.py:161} INFO - Started process (PID=154) to work on /opt/airflow/dags/nyc_taxi_ingest.py
[2026-08-11T12:36:56.089+0000] {processor.py:830} INFO - Processing file /opt/airflow/dags/nyc_taxi_ingest.py for tasks to queue
[2026-08-11T12:36:56.092+0000] {logging_mixin.py:188} INFO - [2026-08-11T12:36:56.091+0000] {dagbag.py:545} INFO - Filling up the DagBag from /opt/airflow/dags/nyc_taxi_ingest.py
[2026-08-11T12:36:56.795+0000] {processor.py:840} INFO - DAG(s) 'nyc_taxi_ingest' retrieved from /opt/airflow/dags/nyc_taxi_ingest.py
[2026-08-11T12:36:56.821+0000] {logging_mixin.py:188} INFO - [2026-08-11T12:36:56.821+0000] {dag.py:3089} INFO - Sync 1 DAGs
[2026-08-11T12:36:56.842+0000] {logging_mixin.py:188} INFO - [2026-08-11T12:36:56.842+0000] {dag.py:3947} INFO - Setting next_dagrun for nyc_taxi_ingest to None, run_after=None
[2026-08-11T12:36:56.860+0000] {processor.py:183} INFO - Processing /opt/airflow/dags/nyc_taxi_ingest.py took 0.780 seconds
[2026-08-11T12:37:27.143+0000] {processor.py:161} INFO - Started process (PID=156) to work on /opt/airflow/dags/nyc_taxi_ingest.py
[2026-08-11T12:37:27.144+0000] {processor.py:830} INFO - Processing file /opt/airflow/dags/nyc_taxi_ingest.py for tasks to queue
[2026-08-11T12:37:27.147+0000] {logging_mixin.py:188} INFO - [2026-08-11T12:37:27.146+0000] {dagbag.py:545} INFO - Filling up the DagBag from /opt/airflow/dags/nyc_taxi_ingest.py
[2026-08-11T12:37:27.928+0000] {processor.py:840} INFO - DAG(s) 'nyc_taxi_ingest' retrieved from /opt/airflow/dags/nyc_taxi_ingest.py
[2026-08-11T12:37:27.962+0000] {logging_mixin.py:188} INFO - [2026-08-11T12:37:27.961+0000] {dag.py:3089} INFO - Sync 1 DAGs
[2026-08-11T12:37:27.984+0000] {logging_mixin.py:188} INFO - [2026-08-11T12:37:27.984+0000] {dag.py:3947} INFO - Setting next_dagrun for nyc_taxi_ingest to None, run_after=None
[2026-08-11T12:37:28.007+0000] {processor.py:183} INFO - Processing /opt/airflow/dags/nyc_taxi_ingest.py took 0.870 seconds
[2026-08-11T12:37:58.284+0000] {processor.py:161} INFO - Started process (PID=158) to work on /opt/airflow/dags/nyc_taxi_ingest.py
[2026-08-11T12:37:58.285+0000] {processor.py:830} INFO - Processing file /opt/airflow/dags/nyc_taxi_ingest.py for tasks to queue
[2026-08-11T12:37:58.287+0000] {logging_mixin.py:188} INFO - [2026-08-11T12:37:58.287+0000] {dagbag.py:545} INFO - Filling up the DagBag from /opt/airflow/dags/nyc_taxi_ingest.py
[2026-08-11T12:37:59.066+0000] {processor.py:840} INFO - DAG(s) 'nyc_taxi_ingest' retrieved from /opt/airflow/dags/nyc_taxi_ingest.py
[2026-08-11T12:37:59.100+0000] {logging_mixin.py:188} INFO - [2026-08-11T12:37:59.100+0000] {dag.py:3089} INFO - Sync 1 DAGs
[2026-08-11T12:37:59.128+0000] {logging_mixin.py:188} INFO - [2026-08-11T12:37:59.127+0000] {dag.py:3947} INFO - Setting next_dagrun for nyc_taxi_ingest to None, run_after=None
[2026-08-11T12:37:59.152+0000] {processor.py:183} INFO - Processing /opt/airflow/dags/nyc_taxi_ingest.py took 0.875 seconds
[2026-08-11T12:38:29.405+0000] {processor.py:161} INFO - Started process (PID=160) to work on /opt/airflow/dags/nyc_taxi_ingest.py
[2026-08-11T12:38:29.406+0000] {processor.py:830} INFO - Processing file /opt/airflow/dags/nyc_taxi_ingest.py for tasks to queue
[2026-08-11T12:38:29.409+0000] {logging_mixin.py:188} INFO - [2026-08-11T12:38:29.409+0000] {dagbag.py:545} INFO - Filling up the DagBag from /opt/airflow/dags/nyc_taxi_ingest.py
[2026-08-11T12:38:30.044+0000] {processor.py:840} INFO - DAG(s) 'nyc_taxi_ingest' retrieved from /opt/airflow/dags/nyc_taxi_ingest.py
[2026-08-11T12:38:30.074+0000] {logging_mixin.py:188} INFO - [2026-08-11T12:38:30.074+0000] {dag.py:3089} INFO - Sync 1 DAGs
[2026-08-11T12:38:30.107+0000] {logging_mixin.py:188} INFO - [2026-08-11T12:38:30.107+0000] {dag.py:3947} INFO - Setting next_dagrun for nyc_taxi_ingest to None, run_after=None
[2026-08-11T12:38:30.128+0000] {processor.py:183} INFO - Processing /opt/airflow/dags/nyc_taxi_ingest.py took 0.731 seconds
[2026-08-11T12:39:00.381+0000] {processor.py:161} INFO - Started process (PID=162) to work on /opt/airflow/dags/nyc_taxi_ingest.py
[2026-08-11T12:39:00.383+0000] {processor.py:830} INFO - Processing file /opt/airflow/dags/nyc_taxi_ingest.py for tasks to queue
[2026-08-11T12:39:00.386+0000] {logging_mixin.py:188} INFO - [2026-08-11T12:39:00.385+0000] {dagbag.py:545} INFO - Filling up the DagBag from /opt/airflow/dags/nyc_taxi_ingest.py
[2026-08-11T12:39:01.290+0000] {processor.py:840} INFO - DAG(s) 'nyc_taxi_ingest' retrieved from /opt/airflow/dags/nyc_taxi_ingest.py
[2026-08-11T12:39:01.313+0000] {logging_mixin.py:188} INFO - [2026-08-11T12:39:01.313+0000] {dag.py:3089} INFO - Sync 1 DAGs
[2026-08-11T12:39:01.335+0000] {logging_mixin.py:188} INFO - [2026-08-11T12:39:01.334+0000] {dag.py:3947} INFO - Setting next_dagrun for nyc_taxi_ingest to None, run_after=None
[2026-08-11T12:39:01.353+0000] {processor.py:183} INFO - Processing /opt/airflow/dags/nyc_taxi_ingest.py took 0.979 seconds
[2026-08-11T12:39:31.764+0000] {processor.py:161} INFO - Started process (PID=164) to work on /opt/airflow/dags/nyc_taxi_ingest.py
[2026-08-11T12:39:31.767+0000] {processor.py:830} INFO - Processing file /opt/airflow/dags/nyc_taxi_ingest.py for tasks to queue
[2026-08-11T12:39:31.771+0000] {logging_mixin.py:188} INFO - [2026-08-11T12:39:31.770+0000] {dagbag.py:545} INFO - Filling up the DagBag from /opt/airflow/dags/nyc_taxi_ingest.py
[2026-08-11T12:39:32.658+0000] {processor.py:840} INFO - DAG(s) 'nyc_taxi_ingest' retrieved from /opt/airflow/dags/nyc_taxi_ingest.py
[2026-08-11T12:39:32.683+0000] {logging_mixin.py:188} INFO - [2026-08-11T12:39:32.683+0000] {dag.py:3089} INFO - Sync 1 DAGs
[2026-08-11T12:39:32.700+0000] {logging_mixin.py:188} INFO - [2026-08-11T12:39:32.699+0000] {dag.py:3947} INFO - Setting next_dagrun for nyc_taxi_ingest to None, run_after=None
[2026-08-11T12:39:32.717+0000] {processor.py:183} INFO - Processing /opt/airflow/dags/nyc_taxi_ingest.py took 0.967 seconds
[2026-08-11T12:40:02.983+0000] {processor.py:161} INFO - Started process (PID=166) to work on /opt/airflow/dags/nyc_taxi_ingest.py
[2026-08-11T12:40:02.984+0000] {processor.py:830} INFO - Processing file /opt/airflow/dags/nyc_taxi_ingest.py for tasks to queue
[2026-08-11T12:40:02.987+0000] {logging_mixin.py:188} INFO - [2026-08-11T12:40:02.986+0000] {dagbag.py:545} INFO - Filling up the DagBag from /opt/airflow/dags/nyc_taxi_ingest.py
[2026-08-11T12:40:03.674+0000] {processor.py:840} INFO - DAG(s) 'nyc_taxi_ingest' retrieved from /opt/airflow/dags/nyc_taxi_ingest.py
[2026-08-11T12:40:03.698+0000] {logging_mixin.py:188} INFO - [2026-08-11T12:40:03.698+0000] {dag.py:3089} INFO - Sync 1 DAGs
[2026-08-11T12:40:03.721+0000] {logging_mixin.py:188} INFO - [2026-08-11T12:40:03.721+0000] {dag.py:3947} INFO - Setting next_dagrun for nyc_taxi_ingest to None, run_after=None
[2026-08-11T12:40:03.743+0000] {processor.py:183} INFO - Processing /opt/airflow/dags/nyc_taxi_ingest.py took 0.767 seconds
[2026-08-11T12:40:34.008+0000] {processor.py:161} INFO - Started process (PID=168) to work on /opt/airflow/dags/nyc_taxi_ingest.py
[2026-08-11T12:40:34.009+0000] {processor.py:830} INFO - Processing file /opt/airflow/dags/nyc_taxi_ingest.py for tasks to queue
[2026-08-11T12:40:34.012+0000] {logging_mixin.py:188} INFO - [2026-08-11T12:40:34.012+0000] {dagbag.py:545} INFO - Filling up the DagBag from /opt/airflow/dags/nyc_taxi_ingest.py
[2026-08-11T12:40:34.688+0000] {processor.py:840} INFO - DAG(s) 'nyc_taxi_ingest' retrieved from /opt/airflow/dags/nyc_taxi_ingest.py
[2026-08-11T12:40:34.714+0000] {logging_mixin.py:188} INFO - [2026-08-11T12:40:34.714+0000] {dag.py:3089} INFO - Sync 1 DAGs
[2026-08-11T12:40:34.737+0000] {logging_mixin.py:188} INFO - [2026-08-11T12:40:34.737+0000] {dag.py:3947} INFO - Setting next_dagrun for nyc_taxi_ingest to None, run_after=None
[2026-08-11T12:40:34.766+0000] {processor.py:183} INFO - Processing /opt/airflow/dags/nyc_taxi_ingest.py took 0.766 seconds
[2026-08-11T12:41:05.024+0000] {processor.py:161} INFO - Started process (PID=170) to work on /opt/airflow/dags/nyc_taxi_ingest.py
[2026-08-11T12:41:05.026+0000] {processor.py:830} INFO - Processing file /opt/airflow/dags/nyc_taxi_ingest.py for tasks to queue
[2026-08-11T12:41:05.028+0000] {logging_mixin.py:188} INFO - [2026-08-11T12:41:05.027+0000] {dagbag.py:545} INFO - Filling up the DagBag from /opt/airflow/dags/nyc_taxi_ingest.py
[2026-08-11T12:41:05.726+0000] {processor.py:840} INFO - DAG(s) 'nyc_taxi_ingest' retrieved from /opt/airflow/dags/nyc_taxi_ingest.py
[2026-08-11T12:41:05.753+0000] {logging_mixin.py:188} INFO - [2026-08-11T12:41:05.752+0000] {dag.py:3089} INFO - Sync 1 DAGs
[2026-08-11T12:41:05.774+0000] {logging_mixin.py:188} INFO - [2026-08-11T12:41:05.774+0000] {dag.py:3947} INFO - Setting next_dagrun for nyc_taxi_ingest to None, run_after=None
[2026-08-11T12:41:05.795+0000] {processor.py:183} INFO - Processing /opt/airflow/dags/nyc_taxi_ingest.py took 0.778 seconds
[2026-08-11T12:41:36.071+0000] {processor.py:161} INFO - Started process (PID=172) to work on /opt/airflow/dags/nyc_taxi_ingest.py
[2026-08-11T12:41:36.073+0000] {processor.py:830} INFO - Processing file /opt/airflow/dags/nyc_taxi_ingest.py for tasks to queue
[2026-08-11T12:41:36.076+0000] {logging_mixin.py:188} INFO - [2026-08-11T12:41:36.075+0000] {dagbag.py:545} INFO - Filling up the DagBag from /opt/airflow/dags/nyc_taxi_ingest.py
[2026-08-11T12:41:36.836+0000] {processor.py:840} INFO - DAG(s) 'nyc_taxi_ingest' retrieved from /opt/airflow/dags/nyc_taxi_ingest.py
[2026-08-11T12:41:36.863+0000] {logging_mixin.py:188} INFO - [2026-08-11T12:41:36.863+0000] {dag.py:3089} INFO - Sync 1 DAGs
[2026-08-11T12:41:36.881+0000] {logging_mixin.py:188} INFO - [2026-08-11T12:41:36.881+0000] {dag.py:3947} INFO - Setting next_dagrun for nyc_taxi_ingest to None, run_after=None
[2026-08-11T12:41:36.899+0000] {processor.py:183} INFO - Processing /opt/airflow/dags/nyc_taxi_ingest.py took 0.844 seconds
[2026-08-11T12:42:07.138+0000] {processor.py:161} INFO - Started process (PID=174) to work on /opt/airflow/dags/nyc_taxi_ingest.py
[2026-08-11T12:42:07.139+0000] {processor.py:830} INFO - Processing file /opt/airflow/dags/nyc_taxi_ingest.py for tasks to queue
[2026-08-11T12:42:07.142+0000] {logging_mixin.py:188} INFO - [2026-08-11T12:42:07.141+0000] {dagbag.py:545} INFO - Filling up the DagBag from /opt/airflow/dags/nyc_taxi_ingest.py
[2026-08-11T12:42:07.808+0000] {processor.py:840} INFO - DAG(s) 'nyc_taxi_ingest' retrieved from /opt/airflow/dags/nyc_taxi_ingest.py
[2026-08-11T12:42:07.835+0000] {logging_mixin.py:188} INFO - [2026-08-11T12:42:07.835+0000] {dag.py:3089} INFO - Sync 1 DAGs
[2026-08-11T12:42:07.858+0000] {logging_mixin.py:188} INFO - [2026-08-11T12:42:07.858+0000] {dag.py:3947} INFO - Setting next_dagrun for nyc_taxi_ingest to None, run_after=None
[2026-08-11T12:42:07.883+0000] {processor.py:183} INFO - Processing /opt/airflow/dags/nyc_taxi_ingest.py took 0.752 seconds
[2026-08-11T12:42:38.157+0000] {processor.py:161} INFO - Started process (PID=176) to work on /opt/airflow/dags/nyc_taxi_ingest.py
[2026-08-11T12:42:38.158+0000] {processor.py:830} INFO - Processing file /opt/airflow/dags/nyc_taxi_ingest.py for tasks to queue
[2026-08-11T12:42:38.161+0000] {logging_mixin.py:188} INFO - [2026-08-11T12:42:38.161+0000] {dagbag.py:545} INFO - Filling up the DagBag from /opt/airflow/dags/nyc_taxi_ingest.py
[2026-08-11T12:42:38.994+0000] {processor.py:840} INFO - DAG(s) 'nyc_taxi_ingest' retrieved from /opt/airflow/dags/nyc_taxi_ingest.py
[2026-08-11T12:42:39.024+0000] {logging_mixin.py:188} INFO - [2026-08-11T12:42:39.023+0000] {dag.py:3089} INFO - Sync 1 DAGs
[2026-08-11T12:42:39.046+0000] {logging_mixin.py:188} INFO - [2026-08-11T12:42:39.046+0000] {dag.py:3947} INFO - Setting next_dagrun for nyc_taxi_ingest to None, run_after=None
[2026-08-11T12:42:39.069+0000] {processor.py:183} INFO - Processing /opt/airflow/dags/nyc_taxi_ingest.py took 0.921 seconds
[2026-08-11T12:43:09.390+0000] {processor.py:161} INFO - Started process (PID=178) to work on /opt/airflow/dags/nyc_taxi_ingest.py
[2026-08-11T12:43:09.391+0000] {processor.py:830} INFO - Processing file /opt/airflow/dags/nyc_taxi_ingest.py for tasks to queue
[2026-08-11T12:43:09.394+0000] {logging_mixin.py:188} INFO - [2026-08-11T12:43:09.394+0000] {dagbag.py:545} INFO - Filling up the DagBag from /opt/airflow/dags/nyc_taxi_ingest.py
[2026-08-11T12:43:10.028+0000] {processor.py:840} INFO - DAG(s) 'nyc_taxi_ingest' retrieved from /opt/airflow/dags/nyc_taxi_ingest.py
[2026-08-11T12:43:10.050+0000] {logging_mixin.py:188} INFO - [2026-08-11T12:43:10.050+0000] {dag.py:3089} INFO - Sync 1 DAGs
[2026-08-11T12:43:10.068+0000] {logging_mixin.py:188} INFO - [2026-08-11T12:43:10.068+0000] {dag.py:3947} INFO - Setting next_dagrun for nyc_taxi_ingest to None, run_after=None
[2026-08-11T12:43:10.085+0000] {processor.py:183} INFO - Processing /opt/airflow/dags/nyc_taxi_ingest.py took 0.705 seconds
[2026-08-11T12:43:40.354+0000] {processor.py:161} INFO - Started process (PID=180) to work on /opt/airflow/dags/nyc_taxi_ingest.py
[2026-08-11T12:43:40.355+0000] {processor.py:830} INFO - Processing file /opt/airflow/dags/nyc_taxi_ingest.py for tasks to queue
[2026-08-11T12:43:40.357+0000] {logging_mixin.py:188} INFO - [2026-08-11T12:43:40.357+0000] {dagbag.py:545} INFO - Filling up the DagBag from /opt/airflow/dags/nyc_taxi_ingest.py
[2026-08-11T12:43:40.967+0000] {processor.py:840} INFO - DAG(s) 'nyc_taxi_ingest' retrieved from /opt/airflow/dags/nyc_taxi_ingest.py
[2026-08-11T12:43:40.990+0000] {logging_mixin.py:188} INFO - [2026-08-11T12:43:40.990+0000] {dag.py:3089} INFO - Sync 1 DAGs
[2026-08-11T12:43:41.005+0000] {logging_mixin.py:188} INFO - [2026-08-11T12:43:41.005+0000] {dag.py:3947} INFO - Setting next_dagrun for nyc_taxi_ingest to None, run_after=None
[2026-08-11T12:43:41.023+0000] {processor.py:183} INFO - Processing /opt/airflow/dags/nyc_taxi_ingest.py took 0.678 seconds
[2026-08-11T12:44:11.308+0000] {processor.py:161} INFO - Started process (PID=182) to work on /opt/airflow/dags/nyc_taxi_ingest.py
[2026-08-11T12:44:11.311+0000] {processor.py:830} INFO - Processing file /opt/airflow/dags/nyc_taxi_ingest.py for tasks to queue
[2026-08-11T12:44:11.315+0000] {logging_mixin.py:188} INFO - [2026-08-11T12:44:11.314+0000] {dagbag.py:545} INFO - Filling up the DagBag from /opt/airflow/dags/nyc_taxi_ingest.py
[2026-08-11T12:44:12.372+0000] {processor.py:840} INFO - DAG(s) 'nyc_taxi_ingest' retrieved from /opt/airflow/dags/nyc_taxi_ingest.py
[2026-08-11T12:44:12.407+0000] {logging_mixin.py:188} INFO - [2026-08-11T12:44:12.406+0000] {dag.py:3089} INFO - Sync 1 DAGs
[2026-08-11T12:44:12.427+0000] {logging_mixin.py:188} INFO - [2026-08-11T12:44:12.427+0000] {dag.py:3947} INFO - Setting next_dagrun for nyc_taxi_ingest to None, run_after=None
[2026-08-11T12:44:12.443+0000] {processor.py:183} INFO - Processing /opt/airflow/dags/nyc_taxi_ingest.py took 1.150 seconds
[2026-08-11T12:44:42.523+0000] {processor.py:161} INFO - Started process (PID=184) to work on /opt/airflow/dags/nyc_taxi_ingest.py
[2026-08-11T12:44:42.524+0000] {processor.py:830} INFO - Processing file /opt/airflow/dags/nyc_taxi_ingest.py for tasks to queue
[2026-08-11T12:44:42.526+0000] {logging_mixin.py:188} INFO - [2026-08-11T12:44:42.526+0000] {dagbag.py:545} INFO - Filling up the DagBag from /opt/airflow/dags/nyc_taxi_ingest.py
[2026-08-11T12:44:43.091+0000] {processor.py:840} INFO - DAG(s) 'nyc_taxi_ingest' retrieved from /opt/airflow/dags/nyc_taxi_ingest.py
[2026-08-11T12:44:43.109+0000] {logging_mixin.py:188} INFO - [2026-08-11T12:44:43.109+0000] {dag.py:3089} INFO - Sync 1 DAGs
[2026-08-11T12:44:43.122+0000] {logging_mixin.py:188} INFO - [2026-08-11T12:44:43.122+0000] {dag.py:3947} INFO - Setting next_dagrun for nyc_taxi_ingest to None, run_after=None
[2026-08-11T12:44:43.138+0000] {processor.py:183} INFO - Processing /opt/airflow/dags/nyc_taxi_ingest.py took 0.621 seconds
[2026-08-11T12:45:13.364+0000] {processor.py:161} INFO - Started process (PID=186) to work on /opt/airflow/dags/nyc_taxi_ingest.py
[2026-08-11T12:45:13.365+0000] {processor.py:830} INFO - Processing file /opt/airflow/dags/nyc_taxi_ingest.py for tasks to queue
[2026-08-11T12:45:13.368+0000] {logging_mixin.py:188} INFO - [2026-08-11T12:45:13.367+0000] {dagbag.py:545} INFO - Filling up the DagBag from /opt/airflow/dags/nyc_taxi_ingest.py
[2026-08-11T12:45:14.047+0000] {processor.py:840} INFO - DAG(s) 'nyc_taxi_ingest' retrieved from /opt/airflow/dags/nyc_taxi_ingest.py
[2026-08-11T12:45:14.069+0000] {logging_mixin.py:188} INFO - [2026-08-11T12:45:14.069+0000] {dag.py:3089} INFO - Sync 1 DAGs
[2026-08-11T12:45:14.086+0000] {logging_mixin.py:188} INFO - [2026-08-11T12:45:14.086+0000] {dag.py:3947} INFO - Setting next_dagrun for nyc_taxi_ingest to None, run_after=None
[2026-08-11T12:45:14.103+0000] {processor.py:183} INFO - Processing /opt/airflow/dags/nyc_taxi_ingest.py took 0.746 seconds
[2026-08-11T12:45:44.341+0000] {processor.py:161} INFO - Started process (PID=188) to work on /opt/airflow/dags/nyc_taxi_ingest.py
[2026-08-11T12:45:44.342+0000] {processor.py:830} INFO - Processing file /opt/airflow/dags/nyc_taxi_ingest.py for tasks to queue
[2026-08-11T12:45:44.344+0000] {logging_mixin.py:188} INFO - [2026-08-11T12:45:44.344+0000] {dagbag.py:545} INFO - Filling up the DagBag from /opt/airflow/dags/nyc_taxi_ingest.py
[2026-08-11T12:45:44.946+0000] {processor.py:840} INFO - DAG(s) 'nyc_taxi_ingest' retrieved from /opt/airflow/dags/nyc_taxi_ingest.py
[2026-08-11T12:45:44.973+0000] {logging_mixin.py:188} INFO - [2026-08-11T12:45:44.973+0000] {dag.py:3089} INFO - Sync 1 DAGs
[2026-08-11T12:45:44.992+0000] {logging_mixin.py:188} INFO - [2026-08-11T12:45:44.991+0000] {dag.py:3947} INFO - Setting next_dagrun for nyc_taxi_ingest to None, run_after=None
[2026-08-11T12:45:45.009+0000] {processor.py:183} INFO - Processing /opt/airflow/dags/nyc_taxi_ingest.py took 0.676 seconds
[2026-08-11T12:46:15.284+0000] {processor.py:161} INFO - Started process (PID=190) to work on /opt/airflow/dags/nyc_taxi_ingest.py
[2026-08-11T12:46:15.286+0000] {processor.py:830} INFO - Processing file /opt/airflow/dags/nyc_taxi_ingest.py for tasks to queue
[2026-08-11T12:46:15.290+0000] {logging_mixin.py:188} INFO - [2026-08-11T12:46:15.289+0000] {dagbag.py:545} INFO - Filling up the DagBag from /opt/airflow/dags/nyc_taxi_ingest.py
[2026-08-11T12:46:16.134+0000] {processor.py:840} INFO - DAG(s) 'nyc_taxi_ingest' retrieved from /opt/airflow/dags/nyc_taxi_ingest.py
[2026-08-11T12:46:16.156+0000] {logging_mixin.py:188} INFO - [2026-08-11T12:46:16.155+0000] {dag.py:3089} INFO - Sync 1 DAGs
[2026-08-11T12:46:16.172+0000] {logging_mixin.py:188} INFO - [2026-08-11T12:46:16.172+0000] {dag.py:3947} INFO - Setting next_dagrun for nyc_taxi_ingest to None, run_after=None
[2026-08-11T12:46:16.188+0000] {processor.py:183} INFO - Processing /opt/airflow/dags/nyc_taxi_ingest.py took 0.915 seconds
[2026-08-11T12:46:46.500+0000] {processor.py:161} INFO - Started process (PID=192) to work on /opt/airflow/dags/nyc_taxi_ingest.py
[2026-08-11T12:46:46.501+0000] {processor.py:830} INFO - Processing file /opt/airflow/dags/nyc_taxi_ingest.py for tasks to queue
[2026-08-11T12:46:46.503+0000] {logging_mixin.py:188} INFO - [2026-08-11T12:46:46.502+0000] {dagbag.py:545} INFO - Filling up the DagBag from /opt/airflow/dags/nyc_taxi_ingest.py
[2026-08-11T12:46:47.091+0000] {processor.py:840} INFO - DAG(s) 'nyc_taxi_ingest' retrieved from /opt/airflow/dags/nyc_taxi_ingest.py
[2026-08-11T12:46:47.112+0000] {logging_mixin.py:188} INFO - [2026-08-11T12:46:47.112+0000] {dag.py:3089} INFO - Sync 1 DAGs
[2026-08-11T12:46:47.128+0000] {logging_mixin.py:188} INFO - [2026-08-11T12:46:47.128+0000] {dag.py:3947} INFO - Setting next_dagrun for nyc_taxi_ingest to None, run_after=None
[2026-08-11T12:46:47.149+0000] {processor.py:183} INFO - Processing /opt/airflow/dags/nyc_taxi_ingest.py took 0.655 seconds
[2026-08-11T12:47:17.440+0000] {processor.py:161} INFO - Started process (PID=194) to work on /opt/airflow/dags/nyc_taxi_ingest.py
[2026-08-11T12:47:17.442+0000] {processor.py:830} INFO - Processing file /opt/airflow/dags/nyc_taxi_ingest.py for tasks to queue
[2026-08-11T12:47:17.444+0000] {logging_mixin.py:188} INFO - [2026-08-11T12:47:17.444+0000] {dagbag.py:545} INFO - Filling up the DagBag from /opt/airflow/dags/nyc_taxi_ingest.py
[2026-08-11T12:47:18.077+0000] {processor.py:840} INFO - DAG(s) 'nyc_taxi_ingest' retrieved from /opt/airflow/dags/nyc_taxi_ingest.py
[2026-08-11T12:47:18.100+0000] {logging_mixin.py:188} INFO - [2026-08-11T12:47:18.099+0000] {dag.py:3089} INFO - Sync 1 DAGs
[2026-08-11T12:47:18.117+0000] {logging_mixin.py:188} INFO - [2026-08-11T12:47:18.117+0000] {dag.py:3947} INFO - Setting next_dagrun for nyc_taxi_ingest to None, run_after=None
[2026-08-11T12:47:18.134+0000] {processor.py:183} INFO - Processing /opt/airflow/dags/nyc_taxi_ingest.py took 0.699 seconds
[2026-08-11T12:47:48.221+0000] {processor.py:161} INFO - Started process (PID=196) to work on /opt/airflow/dags/nyc_taxi_ingest.py
[2026-08-11T12:47:48.223+0000] {processor.py:830} INFO - Processing file /opt/airflow/dags/nyc_taxi_ingest.py for tasks to queue
[2026-08-11T12:47:48.225+0000] {logging_mixin.py:188} INFO - [2026-08-11T12:47:48.225+0000] {dagbag.py:545} INFO - Filling up the DagBag from /opt/airflow/dags/nyc_taxi_ingest.py
[2026-08-11T12:47:48.812+0000] {processor.py:840} INFO - DAG(s) 'nyc_taxi_ingest' retrieved from /opt/airflow/dags/nyc_taxi_ingest.py
[2026-08-11T12:47:48.838+0000] {logging_mixin.py:188} INFO - [2026-08-11T12:47:48.837+0000] {dag.py:3089} INFO - Sync 1 DAGs
[2026-08-11T12:47:48.854+0000] {logging_mixin.py:188} INFO - [2026-08-11T12:47:48.854+0000] {dag.py:3947} INFO - Setting next_dagrun for nyc_taxi_ingest to None, run_after=None
[2026-08-11T12:47:48.871+0000] {processor.py:183} INFO - Processing /opt/airflow/dags/nyc_taxi_ingest.py took 0.656 seconds
[2026-08-11T12:48:19.124+0000] {processor.py:161} INFO - Started process (PID=198) to work on /opt/airflow/dags/nyc_taxi_ingest.py
[2026-08-11T12:48:19.125+0000] {processor.py:830} INFO - Processing file /opt/airflow/dags/nyc_taxi_ingest.py for tasks to queue
[2026-08-11T12:48:19.127+0000] {logging_mixin.py:188} INFO - [2026-08-11T12:48:19.126+0000] {dagbag.py:545} INFO - Filling up the DagBag from /opt/airflow/dags/nyc_taxi_ingest.py
[2026-08-11T12:48:19.948+0000] {processor.py:840} INFO - DAG(s) 'nyc_taxi_ingest' retrieved from /opt/airflow/dags/nyc_taxi_ingest.py
[2026-08-11T12:48:19.974+0000] {logging_mixin.py:188} INFO - [2026-08-11T12:48:19.973+0000] {dag.py:3089} INFO - Sync 1 DAGs
[2026-08-11T12:48:19.990+0000] {logging_mixin.py:188} INFO - [2026-08-11T12:48:19.989+0000] {dag.py:3947} INFO - Setting next_dagrun for nyc_taxi_ingest to None, run_after=None
[2026-08-11T12:48:20.009+0000] {processor.py:183} INFO - Processing /opt/airflow/dags/nyc_taxi_ingest.py took 0.892 seconds
[2026-08-11T12:48:50.281+0000] {processor.py:161} INFO - Started process (PID=200) to work on /opt/airflow/dags/nyc_taxi_ingest.py
[2026-08-11T12:48:50.282+0000] {processor.py:830} INFO - Processing file /opt/airflow/dags/nyc_taxi_ingest.py for tasks to queue
[2026-08-11T12:48:50.285+0000] {logging_mixin.py:188} INFO - [2026-08-11T12:48:50.285+0000] {dagbag.py:545} INFO - Filling up the DagBag from /opt/airflow/dags/nyc_taxi_ingest.py
[2026-08-11T12:48:50.911+0000] {processor.py:840} INFO - DAG(s) 'nyc_taxi_ingest' retrieved from /opt/airflow/dags/nyc_taxi_ingest.py
[2026-08-11T12:48:50.934+0000] {logging_mixin.py:188} INFO - [2026-08-11T12:48:50.934+0000] {dag.py:3089} INFO - Sync 1 DAGs
[2026-08-11T12:48:50.952+0000] {logging_mixin.py:188} INFO - [2026-08-11T12:48:50.952+0000] {dag.py:3947} INFO - Setting next_dagrun for nyc_taxi_ingest to None, run_after=None
[2026-08-11T12:48:50.974+0000] {processor.py:183} INFO - Processing /opt/airflow/dags/nyc_taxi_ingest.py took 0.701 seconds
[2026-08-11T12:49:21.089+0000] {processor.py:161} INFO - Started process (PID=202) to work on /opt/airflow/dags/nyc_taxi_ingest.py
[2026-08-11T12:49:21.091+0000] {processor.py:830} INFO - Processing file /opt/airflow/dags/nyc_taxi_ingest.py for tasks to queue
[2026-08-11T12:49:21.095+0000] {logging_mixin.py:188} INFO - [2026-08-11T12:49:21.094+0000] {dagbag.py:545} INFO - Filling up the DagBag from /opt/airflow/dags/nyc_taxi_ingest.py
[2026-08-11T12:49:22.028+0000] {processor.py:840} INFO - DAG(s) 'nyc_taxi_ingest' retrieved from /opt/airflow/dags/nyc_taxi_ingest.py
[2026-08-11T12:49:22.054+0000] {logging_mixin.py:188} INFO - [2026-08-11T12:49:22.053+0000] {dag.py:3089} INFO - Sync 1 DAGs
[2026-08-11T12:49:22.073+0000] {logging_mixin.py:188} INFO - [2026-08-11T12:49:22.073+0000] {dag.py:3947} INFO - Setting next_dagrun for nyc_taxi_ingest to None, run_after=None
[2026-08-11T12:49:22.091+0000] {processor.py:183} INFO - Processing /opt/airflow/dags/nyc_taxi_ingest.py took 1.016 seconds
[2026-08-11T12:49:52.373+0000] {processor.py:161} INFO - Started process (PID=204) to work on /opt/airflow/dags/nyc_taxi_ingest.py
[2026-08-11T12:49:52.375+0000] {processor.py:830} INFO - Processing file /opt/airflow/dags/nyc_taxi_ingest.py for tasks to queue
[2026-08-11T12:49:52.380+0000] {logging_mixin.py:188} INFO - [2026-08-11T12:49:52.379+0000] {dagbag.py:545} INFO - Filling up the DagBag from /opt/airflow/dags/nyc_taxi_ingest.py
[2026-08-11T12:49:53.244+0000] {processor.py:840} INFO - DAG(s) 'nyc_taxi_ingest' retrieved from /opt/airflow/dags/nyc_taxi_ingest.py
[2026-08-11T12:49:53.271+0000] {logging_mixin.py:188} INFO - [2026-08-11T12:49:53.270+0000] {dag.py:3089} INFO - Sync 1 DAGs
[2026-08-11T12:49:53.289+0000] {logging_mixin.py:188} INFO - [2026-08-11T12:49:53.288+0000] {dag.py:3947} INFO - Setting next_dagrun for nyc_taxi_ingest to None, run_after=None
[2026-08-11T12:49:53.310+0000] {processor.py:183} INFO - Processing /opt/airflow/dags/nyc_taxi_ingest.py took 0.952 seconds
[2026-08-11T12:50:23.590+0000] {processor.py:161} INFO - Started process (PID=206) to work on /opt/airflow/dags/nyc_taxi_ingest.py
[2026-08-11T12:50:23.591+0000] {processor.py:830} INFO - Processing file /opt/airflow/dags/nyc_taxi_ingest.py for tasks to queue
[2026-08-11T12:50:23.593+0000] {logging_mixin.py:188} INFO - [2026-08-11T12:50:23.593+0000] {dagbag.py:545} INFO - Filling up the DagBag from /opt/airflow/dags/nyc_taxi_ingest.py
[2026-08-11T12:50:24.473+0000] {processor.py:840} INFO - DAG(s) 'nyc_taxi_ingest' retrieved from /opt/airflow/dags/nyc_taxi_ingest.py
[2026-08-11T12:50:24.499+0000] {logging_mixin.py:188} INFO - [2026-08-11T12:50:24.498+0000] {dag.py:3089} INFO - Sync 1 DAGs
[2026-08-11T12:50:24.518+0000] {logging_mixin.py:188} INFO - [2026-08-11T12:50:24.518+0000] {dag.py:3947} INFO - Setting next_dagrun for nyc_taxi_ingest to None, run_after=None
[2026-08-11T12:50:24.540+0000] {processor.py:183} INFO - Processing /opt/airflow/dags/nyc_taxi_ingest.py took 0.955 seconds
[2026-08-11T12:50:54.818+0000] {processor.py:161} INFO - Started process (PID=208) to work on /opt/airflow/dags/nyc_taxi_ingest.py
[2026-08-11T12:50:54.820+0000] {processor.py:830} INFO - Processing file /opt/airflow/dags/nyc_taxi_ingest.py for tasks to queue
[2026-08-11T12:50:54.822+0000] {logging_mixin.py:188} INFO - [2026-08-11T12:50:54.822+0000] {dagbag.py:545} INFO - Filling up the DagBag from /opt/airflow/dags/nyc_taxi_ingest.py
[2026-08-11T12:50:55.451+0000] {processor.py:840} INFO - DAG(s) 'nyc_taxi_ingest' retrieved from /opt/airflow/dags/nyc_taxi_ingest.py
[2026-08-11T12:50:55.474+0000] {logging_mixin.py:188} INFO - [2026-08-11T12:50:55.473+0000] {dag.py:3089} INFO - Sync 1 DAGs
[2026-08-11T12:50:55.489+0000] {logging_mixin.py:188} INFO - [2026-08-11T12:50:55.489+0000] {dag.py:3947} INFO - Setting next_dagrun for nyc_taxi_ingest to None, run_after=None
[2026-08-11T12:50:55.509+0000] {processor.py:183} INFO - Processing /opt/airflow/dags/nyc_taxi_ingest.py took 0.697 seconds
[2026-08-11T12:51:25.774+0000] {processor.py:161} INFO - Started process (PID=210) to work on /opt/airflow/dags/nyc_taxi_ingest.py
[2026-08-11T12:51:25.775+0000] {processor.py:830} INFO - Processing file /opt/airflow/dags/nyc_taxi_ingest.py for tasks to queue
[2026-08-11T12:51:25.778+0000] {logging_mixin.py:188} INFO - [2026-08-11T12:51:25.777+0000] {dagbag.py:545} INFO - Filling up the DagBag from /opt/airflow/dags/nyc_taxi_ingest.py
[2026-08-11T12:51:26.480+0000] {processor.py:840} INFO - DAG(s) 'nyc_taxi_ingest' retrieved from /opt/airflow/dags/nyc_taxi_ingest.py
[2026-08-11T12:51:26.506+0000] {logging_mixin.py:188} INFO - [2026-08-11T12:51:26.505+0000] {dag.py:3089} INFO - Sync 1 DAGs
[2026-08-11T12:51:26.525+0000] {logging_mixin.py:188} INFO - [2026-08-11T12:51:26.525+0000] {dag.py:3947} INFO - Setting next_dagrun for nyc_taxi_ingest to None, run_after=None
[2026-08-11T12:51:26.546+0000] {processor.py:183} INFO - Processing /opt/airflow/dags/nyc_taxi_ingest.py took 0.778 seconds
[2026-08-11T12:51:56.799+0000] {processor.py:161} INFO - Started process (PID=212) to work on /opt/airflow/dags/nyc_taxi_ingest.py
[2026-08-11T12:51:56.800+0000] {processor.py:830} INFO - Processing file /opt/airflow/dags/nyc_taxi_ingest.py for tasks to queue
[2026-08-11T12:51:56.802+0000] {logging_mixin.py:188} INFO - [2026-08-11T12:51:56.802+0000] {dagbag.py:545} INFO - Filling up the DagBag from /opt/airflow/dags/nyc_taxi_ingest.py
[2026-08-11T12:51:57.420+0000] {processor.py:840} INFO - DAG(s) 'nyc_taxi_ingest' retrieved from /opt/airflow/dags/nyc_taxi_ingest.py
[2026-08-11T12:51:57.450+0000] {logging_mixin.py:188} INFO - [2026-08-11T12:51:57.449+0000] {dag.py:3089} INFO - Sync 1 DAGs
[2026-08-11T12:51:57.469+0000] {logging_mixin.py:188} INFO - [2026-08-11T12:51:57.468+0000] {dag.py:3947} INFO - Setting next_dagrun for nyc_taxi_ingest to None, run_after=None
[2026-08-11T12:51:57.490+0000] {processor.py:183} INFO - Processing /opt/airflow/dags/nyc_taxi_ingest.py took 0.698 seconds
[2026-08-11T12:52:27.745+0000] {processor.py:161} INFO - Started process (PID=214) to work on /opt/airflow/dags/nyc_taxi_ingest.py
[2026-08-11T12:52:27.746+0000] {processor.py:830} INFO - Processing file /opt/airflow/dags/nyc_taxi_ingest.py for tasks to queue
[2026-08-11T12:52:27.749+0000] {logging_mixin.py:188} INFO - [2026-08-11T12:52:27.748+0000] {dagbag.py:545} INFO - Filling up the DagBag from /opt/airflow/dags/nyc_taxi_ingest.py
[2026-08-11T12:52:28.374+0000] {processor.py:840} INFO - DAG(s) 'nyc_taxi_ingest' retrieved from /opt/airflow/dags/nyc_taxi_ingest.py
[2026-08-11T12:52:28.400+0000] {logging_mixin.py:188} INFO - [2026-08-11T12:52:28.399+0000] {dag.py:3089} INFO - Sync 1 DAGs
[2026-08-11T12:52:28.426+0000] {logging_mixin.py:188} INFO - [2026-08-11T12:52:28.426+0000] {dag.py:3947} INFO - Setting next_dagrun for nyc_taxi_ingest to None, run_after=None
[2026-08-11T12:52:28.443+0000] {processor.py:183} INFO - Processing /opt/airflow/dags/nyc_taxi_ingest.py took 0.706 seconds
[2026-08-11T12:52:58.666+0000] {processor.py:161} INFO - Started process (PID=216) to work on /opt/airflow/dags/nyc_taxi_ingest.py
[2026-08-11T12:52:58.667+0000] {processor.py:830} INFO - Processing file /opt/airflow/dags/nyc_taxi_ingest.py for tasks to queue
[2026-08-11T12:52:58.669+0000] {logging_mixin.py:188} INFO - [2026-08-11T12:52:58.669+0000] {dagbag.py:545} INFO - Filling up the DagBag from /opt/airflow/dags/nyc_taxi_ingest.py
[2026-08-11T12:52:59.564+0000] {processor.py:840} INFO - DAG(s) 'nyc_taxi_ingest' retrieved from /opt/airflow/dags/nyc_taxi_ingest.py
[2026-08-11T12:52:59.591+0000] {logging_mixin.py:188} INFO - [2026-08-11T12:52:59.591+0000] {dag.py:3089} INFO - Sync 1 DAGs
[2026-08-11T12:52:59.610+0000] {logging_mixin.py:188} INFO - [2026-08-11T12:52:59.609+0000] {dag.py:3947} INFO - Setting next_dagrun for nyc_taxi_ingest to None, run_after=None
[2026-08-11T12:52:59.629+0000] {processor.py:183} INFO - Processing /opt/airflow/dags/nyc_taxi_ingest.py took 0.971 seconds
[2026-08-11T12:53:29.941+0000] {processor.py:161} INFO - Started process (PID=218) to work on /opt/airflow/dags/nyc_taxi_ingest.py
[2026-08-11T12:53:29.942+0000] {processor.py:830} INFO - Processing file /opt/airflow/dags/nyc_taxi_ingest.py for tasks to queue
[2026-08-11T12:53:29.945+0000] {logging_mixin.py:188} INFO - [2026-08-11T12:53:29.944+0000] {dagbag.py:545} INFO - Filling up the DagBag from /opt/airflow/dags/nyc_taxi_ingest.py
[2026-08-11T12:53:30.528+0000] {processor.py:840} INFO - DAG(s) 'nyc_taxi_ingest' retrieved from /opt/airflow/dags/nyc_taxi_ingest.py
[2026-08-11T12:53:30.550+0000] {logging_mixin.py:188} INFO - [2026-08-11T12:53:30.550+0000] {dag.py:3089} INFO - Sync 1 DAGs
[2026-08-11T12:53:30.568+0000] {logging_mixin.py:188} INFO - [2026-08-11T12:53:30.567+0000] {dag.py:3947} INFO - Setting next_dagrun for nyc_taxi_ingest to None, run_after=None
[2026-08-11T12:53:30.585+0000] {processor.py:183} INFO - Processing /opt/airflow/dags/nyc_taxi_ingest.py took 0.651 seconds
[2026-08-11T12:54:00.837+0000] {processor.py:161} INFO - Started process (PID=220) to work on /opt/airflow/dags/nyc_taxi_ingest.py
[2026-08-11T12:54:00.838+0000] {processor.py:830} INFO - Processing file /opt/airflow/dags/nyc_taxi_ingest.py for tasks to queue
[2026-08-11T12:54:00.840+0000] {logging_mixin.py:188} INFO - [2026-08-11T12:54:00.840+0000] {dagbag.py:545} INFO - Filling up the DagBag from /opt/airflow/dags/nyc_taxi_ingest.py
[2026-08-11T12:54:01.466+0000] {processor.py:840} INFO - DAG(s) 'nyc_taxi_ingest' retrieved from /opt/airflow/dags/nyc_taxi_ingest.py
[2026-08-11T12:54:01.493+0000] {logging_mixin.py:188} INFO - [2026-08-11T12:54:01.493+0000] {dag.py:3089} INFO - Sync 1 DAGs
[2026-08-11T12:54:01.510+0000] {logging_mixin.py:188} INFO - [2026-08-11T12:54:01.510+0000] {dag.py:3947} INFO - Setting next_dagrun for nyc_taxi_ingest to None, run_after=None
[2026-08-11T12:54:01.536+0000] {processor.py:183} INFO - Processing /opt/airflow/dags/nyc_taxi_ingest.py took 0.706 seconds
[2026-08-11T12:54:31.802+0000] {processor.py:161} INFO - Started process (PID=222) to work on /opt/airflow/dags/nyc_taxi_ingest.py
[2026-08-11T12:54:31.804+0000] {processor.py:830} INFO - Processing file /opt/airflow/dags/nyc_taxi_ingest.py for tasks to queue
[2026-08-11T12:54:31.809+0000] {logging_mixin.py:188} INFO - [2026-08-11T12:54:31.809+0000] {dagbag.py:545} INFO - Filling up the DagBag from /opt/airflow/dags/nyc_taxi_ingest.py
[2026-08-11T12:54:32.885+0000] {processor.py:840} INFO - DAG(s) 'nyc_taxi_ingest' retrieved from /opt/airflow/dags/nyc_taxi_ingest.py
[2026-08-11T12:54:32.918+0000] {logging_mixin.py:188} INFO - [2026-08-11T12:54:32.917+0000] {dag.py:3089} INFO - Sync 1 DAGs
[2026-08-11T12:54:32.940+0000] {logging_mixin.py:188} INFO - [2026-08-11T12:54:32.940+0000] {dag.py:3947} INFO - Setting next_dagrun for nyc_taxi_ingest to None, run_after=None
[2026-08-11T12:54:32.958+0000] {processor.py:183} INFO - Processing /opt/airflow/dags/nyc_taxi_ingest.py took 1.174 seconds
[2026-08-11T12:55:03.207+0000] {processor.py:161} INFO - Started process (PID=224) to work on /opt/airflow/dags/nyc_taxi_ingest.py
[2026-08-11T12:55:03.209+0000] {processor.py:830} INFO - Processing file /opt/airflow/dags/nyc_taxi_ingest.py for tasks to queue
[2026-08-11T12:55:03.211+0000] {logging_mixin.py:188} INFO - [2026-08-11T12:55:03.211+0000] {dagbag.py:545} INFO - Filling up the DagBag from /opt/airflow/dags/nyc_taxi_ingest.py
[2026-08-11T12:55:03.788+0000] {processor.py:840} INFO - DAG(s) 'nyc_taxi_ingest' retrieved from /opt/airflow/dags/nyc_taxi_ingest.py
[2026-08-11T12:55:03.819+0000] {logging_mixin.py:188} INFO - [2026-08-11T12:55:03.818+0000] {dag.py:3089} INFO - Sync 1 DAGs
[2026-08-11T12:55:03.837+0000] {logging_mixin.py:188} INFO - [2026-08-11T12:55:03.836+0000] {dag.py:3947} INFO - Setting next_dagrun for nyc_taxi_ingest to None, run_after=None
[2026-08-11T12:55:03.856+0000] {processor.py:183} INFO - Processing /opt/airflow/dags/nyc_taxi_ingest.py took 0.656 seconds
[2026-08-11T12:55:34.114+0000] {processor.py:161} INFO - Started process (PID=226) to work on /opt/airflow/dags/nyc_taxi_ingest.py
[2026-08-11T12:55:34.115+0000] {processor.py:830} INFO - Processing file /opt/airflow/dags/nyc_taxi_ingest.py for tasks to queue
[2026-08-11T12:55:34.117+0000] {logging_mixin.py:188} INFO - [2026-08-11T12:55:34.117+0000] {dagbag.py:545} INFO - Filling up the DagBag from /opt/airflow/dags/nyc_taxi_ingest.py
[2026-08-11T12:55:34.741+0000] {processor.py:840} INFO - DAG(s) 'nyc_taxi_ingest' retrieved from /opt/airflow/dags/nyc_taxi_ingest.py
[2026-08-11T12:55:34.768+0000] {logging_mixin.py:188} INFO - [2026-08-11T12:55:34.767+0000] {dag.py:3089} INFO - Sync 1 DAGs
[2026-08-11T12:55:34.788+0000] {logging_mixin.py:188} INFO - [2026-08-11T12:55:34.788+0000] {dag.py:3947} INFO - Setting next_dagrun for nyc_taxi_ingest to None, run_after=None
[2026-08-11T12:55:34.810+0000] {processor.py:183} INFO - Processing /opt/airflow/dags/nyc_taxi_ingest.py took 0.703 seconds
[2026-08-11T12:56:05.076+0000] {processor.py:161} INFO - Started process (PID=228) to work on /opt/airflow/dags/nyc_taxi_ingest.py
[2026-08-11T12:56:05.077+0000] {processor.py:830} INFO - Processing file /opt/airflow/dags/nyc_taxi_ingest.py for tasks to queue
[2026-08-11T12:56:05.079+0000] {logging_mixin.py:188} INFO - [2026-08-11T12:56:05.079+0000] {dagbag.py:545} INFO - Filling up the DagBag from /opt/airflow/dags/nyc_taxi_ingest.py
[2026-08-11T12:56:05.687+0000] {processor.py:840} INFO - DAG(s) 'nyc_taxi_ingest' retrieved from /opt/airflow/dags/nyc_taxi_ingest.py
[2026-08-11T12:56:05.712+0000] {logging_mixin.py:188} INFO - [2026-08-11T12:56:05.711+0000] {dag.py:3089} INFO - Sync 1 DAGs
[2026-08-11T12:56:05.727+0000] {logging_mixin.py:188} INFO - [2026-08-11T12:56:05.727+0000] {dag.py:3947} INFO - Setting next_dagrun for nyc_taxi_ingest to None, run_after=None
[2026-08-11T12:56:05.744+0000] {processor.py:183} INFO - Processing /opt/airflow/dags/nyc_taxi_ingest.py took 0.674 seconds
[2026-08-11T12:56:35.893+0000] {processor.py:161} INFO - Started process (PID=230) to work on /opt/airflow/dags/nyc_taxi_ingest.py
[2026-08-11T12:56:35.894+0000] {processor.py:830} INFO - Processing file /opt/airflow/dags/nyc_taxi_ingest.py for tasks to queue
[2026-08-11T12:56:35.896+0000] {logging_mixin.py:188} INFO - [2026-08-11T12:56:35.896+0000] {dagbag.py:545} INFO - Filling up the DagBag from /opt/airflow/dags/nyc_taxi_ingest.py
[2026-08-11T12:56:36.493+0000] {processor.py:840} INFO - DAG(s) 'nyc_taxi_ingest' retrieved from /opt/airflow/dags/nyc_taxi_ingest.py
[2026-08-11T12:56:36.516+0000] {logging_mixin.py:188} INFO - [2026-08-11T12:56:36.515+0000] {dag.py:3089} INFO - Sync 1 DAGs
[2026-08-11T12:56:36.532+0000] {logging_mixin.py:188} INFO - [2026-08-11T12:56:36.532+0000] {dag.py:3947} INFO - Setting next_dagrun for nyc_taxi_ingest to None, run_after=None
[2026-08-11T12:56:36.550+0000] {processor.py:183} INFO - Processing /opt/airflow/dags/nyc_taxi_ingest.py took 0.663 seconds
[2026-08-11T12:57:06.830+0000] {processor.py:161} INFO - Started process (PID=232) to work on /opt/airflow/dags/nyc_taxi_ingest.py
[2026-08-11T12:57:06.831+0000] {processor.py:830} INFO - Processing file /opt/airflow/dags/nyc_taxi_ingest.py for tasks to queue
[2026-08-11T12:57:06.833+0000] {logging_mixin.py:188} INFO - [2026-08-11T12:57:06.833+0000] {dagbag.py:545} INFO - Filling up the DagBag from /opt/airflow/dags/nyc_taxi_ingest.py
[2026-08-11T12:57:07.416+0000] {processor.py:840} INFO - DAG(s) 'nyc_taxi_ingest' retrieved from /opt/airflow/dags/nyc_taxi_ingest.py
[2026-08-11T12:57:07.436+0000] {logging_mixin.py:188} INFO - [2026-08-11T12:57:07.436+0000] {dag.py:3089} INFO - Sync 1 DAGs
[2026-08-11T12:57:07.451+0000] {logging_mixin.py:188} INFO - [2026-08-11T12:57:07.450+0000] {dag.py:3947} INFO - Setting next_dagrun for nyc_taxi_ingest to None, run_after=None
[2026-08-11T12:57:07.467+0000] {processor.py:183} INFO - Processing /opt/airflow/dags/nyc_taxi_ingest.py took 0.643 seconds
[2026-08-11T12:57:37.722+0000] {processor.py:161} INFO - Started process (PID=234) to work on /opt/airflow/dags/nyc_taxi_ingest.py
[2026-08-11T12:57:37.723+0000] {processor.py:830} INFO - Processing file /opt/airflow/dags/nyc_taxi_ingest.py for tasks to queue
[2026-08-11T12:57:37.726+0000] {logging_mixin.py:188} INFO - [2026-08-11T12:57:37.726+0000] {dagbag.py:545} INFO - Filling up the DagBag from /opt/airflow/dags/nyc_taxi_ingest.py
[2026-08-11T12:57:38.319+0000] {processor.py:840} INFO - DAG(s) 'nyc_taxi_ingest' retrieved from /opt/airflow/dags/nyc_taxi_ingest.py
[2026-08-11T12:57:38.346+0000] {logging_mixin.py:188} INFO - [2026-08-11T12:57:38.345+0000] {dag.py:3089} INFO - Sync 1 DAGs
[2026-08-11T12:57:38.363+0000] {logging_mixin.py:188} INFO - [2026-08-11T12:57:38.363+0000] {dag.py:3947} INFO - Setting next_dagrun for nyc_taxi_ingest to None, run_after=None
[2026-08-11T12:57:38.381+0000] {processor.py:183} INFO - Processing /opt/airflow/dags/nyc_taxi_ingest.py took 0.666 seconds
[2026-08-11T12:58:08.655+0000] {processor.py:161} INFO - Started process (PID=236) to work on /opt/airflow/dags/nyc_taxi_ingest.py
[2026-08-11T12:58:08.656+0000] {processor.py:830} INFO - Processing file /opt/airflow/dags/nyc_taxi_ingest.py for tasks to queue
[2026-08-11T12:58:08.658+0000] {logging_mixin.py:188} INFO - [2026-08-11T12:58:08.658+0000] {dagbag.py:545} INFO - Filling up the DagBag from /opt/airflow/dags/nyc_taxi_ingest.py
[2026-08-11T12:58:09.147+0000] {processor.py:840} INFO - DAG(s) 'nyc_taxi_ingest' retrieved from /opt/airflow/dags/nyc_taxi_ingest.py
[2026-08-11T12:58:09.169+0000] {logging_mixin.py:188} INFO - [2026-08-11T12:58:09.169+0000] {dag.py:3089} INFO - Sync 1 DAGs
[2026-08-11T12:58:09.186+0000] {logging_mixin.py:188} INFO - [2026-08-11T12:58:09.186+0000] {dag.py:3947} INFO - Setting next_dagrun for nyc_taxi_ingest to None, run_after=None
[2026-08-11T12:58:09.201+0000] {processor.py:183} INFO - Processing /opt/airflow/dags/nyc_taxi_ingest.py took 0.553 seconds
[2026-08-11T12:58:39.431+0000] {processor.py:161} INFO - Started process (PID=238) to work on /opt/airflow/dags/nyc_taxi_ingest.py
[2026-08-11T12:58:39.432+0000] {processor.py:830} INFO - Processing file /opt/airflow/dags/nyc_taxi_ingest.py for tasks to queue
[2026-08-11T12:58:39.434+0000] {logging_mixin.py:188} INFO - [2026-08-11T12:58:39.434+0000] {dagbag.py:545} INFO - Filling up the DagBag from /opt/airflow/dags/nyc_taxi_ingest.py
[2026-08-11T12:58:39.968+0000] {processor.py:840} INFO - DAG(s) 'nyc_taxi_ingest' retrieved from /opt/airflow/dags/nyc_taxi_ingest.py
[2026-08-11T12:58:39.987+0000] {logging_mixin.py:188} INFO - [2026-08-11T12:58:39.987+0000] {dag.py:3089} INFO - Sync 1 DAGs
[2026-08-11T12:58:40.001+0000] {logging_mixin.py:188} INFO - [2026-08-11T12:58:40.001+0000] {dag.py:3947} INFO - Setting next_dagrun for nyc_taxi_ingest to None, run_after=None
[2026-08-11T12:58:40.017+0000] {processor.py:183} INFO - Processing /opt/airflow/dags/nyc_taxi_ingest.py took 0.591 seconds
[2026-08-11T12:59:10.291+0000] {processor.py:161} INFO - Started process (PID=240) to work on /opt/airflow/dags/nyc_taxi_ingest.py
[2026-08-11T12:59:10.293+0000] {processor.py:830} INFO - Processing file /opt/airflow/dags/nyc_taxi_ingest.py for tasks to queue
[2026-08-11T12:59:10.296+0000] {logging_mixin.py:188} INFO - [2026-08-11T12:59:10.295+0000] {dagbag.py:545} INFO - Filling up the DagBag from /opt/airflow/dags/nyc_taxi_ingest.py
[2026-08-11T12:59:11.013+0000] {processor.py:840} INFO - DAG(s) 'nyc_taxi_ingest' retrieved from /opt/airflow/dags/nyc_taxi_ingest.py
[2026-08-11T12:59:11.042+0000] {logging_mixin.py:188} INFO - [2026-08-11T12:59:11.041+0000] {dag.py:3089} INFO - Sync 1 DAGs
[2026-08-11T12:59:11.062+0000] {logging_mixin.py:188} INFO - [2026-08-11T12:59:11.062+0000] {dag.py:3947} INFO - Setting next_dagrun for nyc_taxi_ingest to None, run_after=None
[2026-08-11T12:59:11.082+0000] {processor.py:183} INFO - Processing /opt/airflow/dags/nyc_taxi_ingest.py took 0.799 seconds
[2026-08-11T12:59:41.340+0000] {processor.py:161} INFO - Started process (PID=242) to work on /opt/airflow/dags/nyc_taxi_ingest.py
[2026-08-11T12:59:41.341+0000] {processor.py:830} INFO - Processing file /opt/airflow/dags/nyc_taxi_ingest.py for tasks to queue
[2026-08-11T12:59:41.343+0000] {logging_mixin.py:188} INFO - [2026-08-11T12:59:41.342+0000] {dagbag.py:545} INFO - Filling up the DagBag from /opt/airflow/dags/nyc_taxi_ingest.py
[2026-08-11T12:59:41.883+0000] {processor.py:840} INFO - DAG(s) 'nyc_taxi_ingest' retrieved from /opt/airflow/dags/nyc_taxi_ingest.py
[2026-08-11T12:59:41.903+0000] {logging_mixin.py:188} INFO - [2026-08-11T12:59:41.903+0000] {dag.py:3089} INFO - Sync 1 DAGs
[2026-08-11T12:59:41.920+0000] {logging_mixin.py:188} INFO - [2026-08-11T12:59:41.919+0000] {dag.py:3947} INFO - Setting next_dagrun for nyc_taxi_ingest to None, run_after=None
[2026-08-11T12:59:41.934+0000] {processor.py:183} INFO - Processing /opt/airflow/dags/nyc_taxi_ingest.py took 0.600 seconds
[2026-08-11T13:00:12.574+0000] {processor.py:161} INFO - Started process (PID=244) to work on /opt/airflow/dags/nyc_taxi_ingest.py
[2026-08-11T13:00:12.576+0000] {processor.py:830} INFO - Processing file /opt/airflow/dags/nyc_taxi_ingest.py for tasks to queue
[2026-08-11T13:00:12.581+0000] {logging_mixin.py:188} INFO - [2026-08-11T13:00:12.580+0000] {dagbag.py:545} INFO - Filling up the DagBag from /opt/airflow/dags/nyc_taxi_ingest.py
[2026-08-11T13:00:14.938+0000] {processor.py:840} INFO - DAG(s) 'nyc_taxi_ingest' retrieved from /opt/airflow/dags/nyc_taxi_ingest.py
[2026-08-11T13:00:14.991+0000] {logging_mixin.py:188} INFO - [2026-08-11T13:00:14.991+0000] {dag.py:3089} INFO - Sync 1 DAGs
[2026-08-11T13:00:15.024+0000] {logging_mixin.py:188} INFO - [2026-08-11T13:00:15.024+0000] {dag.py:3947} INFO - Setting next_dagrun for nyc_taxi_ingest to None, run_after=None
[2026-08-11T13:00:15.059+0000] {processor.py:183} INFO - Processing /opt/airflow/dags/nyc_taxi_ingest.py took 2.494 seconds
[2026-08-11T13:00:45.454+0000] {processor.py:161} INFO - Started process (PID=246) to work on /opt/airflow/dags/nyc_taxi_ingest.py
[2026-08-11T13:00:45.456+0000] {processor.py:830} INFO - Processing file /opt/airflow/dags/nyc_taxi_ingest.py for tasks to queue
[2026-08-11T13:00:45.460+0000] {logging_mixin.py:188} INFO - [2026-08-11T13:00:45.459+0000] {dagbag.py:545} INFO - Filling up the DagBag from /opt/airflow/dags/nyc_taxi_ingest.py
[2026-08-11T13:00:46.752+0000] {processor.py:840} INFO - DAG(s) 'nyc_taxi_ingest' retrieved from /opt/airflow/dags/nyc_taxi_ingest.py
[2026-08-11T13:00:46.779+0000] {logging_mixin.py:188} INFO - [2026-08-11T13:00:46.779+0000] {dag.py:3089} INFO - Sync 1 DAGs
[2026-08-11T13:00:46.798+0000] {logging_mixin.py:188} INFO - [2026-08-11T13:00:46.798+0000] {dag.py:3947} INFO - Setting next_dagrun for nyc_taxi_ingest to None, run_after=None
[2026-08-11T13:00:46.817+0000] {processor.py:183} INFO - Processing /opt/airflow/dags/nyc_taxi_ingest.py took 1.385 seconds
[2026-08-11T13:01:17.081+0000] {processor.py:161} INFO - Started process (PID=248) to work on /opt/airflow/dags/nyc_taxi_ingest.py
[2026-08-11T13:01:17.083+0000] {processor.py:830} INFO - Processing file /opt/airflow/dags/nyc_taxi_ingest.py for tasks to queue
[2026-08-11T13:01:17.086+0000] {logging_mixin.py:188} INFO - [2026-08-11T13:01:17.085+0000] {dagbag.py:545} INFO - Filling up the DagBag from /opt/airflow/dags/nyc_taxi_ingest.py
[2026-08-11T13:01:18.135+0000] {processor.py:840} INFO - DAG(s) 'nyc_taxi_ingest' retrieved from /opt/airflow/dags/nyc_taxi_ingest.py
[2026-08-11T13:01:18.180+0000] {logging_mixin.py:188} INFO - [2026-08-11T13:01:18.179+0000] {dag.py:3089} INFO - Sync 1 DAGs
[2026-08-11T13:01:18.206+0000] {logging_mixin.py:188} INFO - [2026-08-11T13:01:18.206+0000] {dag.py:3947} INFO - Setting next_dagrun for nyc_taxi_ingest to None, run_after=None
[2026-08-11T13:01:18.230+0000] {processor.py:183} INFO - Processing /opt/airflow/dags/nyc_taxi_ingest.py took 1.157 seconds
[2026-08-11T13:01:48.374+0000] {processor.py:161} INFO - Started process (PID=250) to work on /opt/airflow/dags/nyc_taxi_ingest.py
[2026-08-11T13:01:48.375+0000] {processor.py:830} INFO - Processing file /opt/airflow/dags/nyc_taxi_ingest.py for tasks to queue
[2026-08-11T13:01:48.378+0000] {logging_mixin.py:188} INFO - [2026-08-11T13:01:48.377+0000] {dagbag.py:545} INFO - Filling up the DagBag from /opt/airflow/dags/nyc_taxi_ingest.py
[2026-08-11T13:01:49.099+0000] {processor.py:840} INFO - DAG(s) 'nyc_taxi_ingest' retrieved from /opt/airflow/dags/nyc_taxi_ingest.py
[2026-08-11T13:01:49.137+0000] {logging_mixin.py:188} INFO - [2026-08-11T13:01:49.137+0000] {dag.py:3089} INFO - Sync 1 DAGs
[2026-08-11T13:01:49.166+0000] {logging_mixin.py:188} INFO - [2026-08-11T13:01:49.166+0000] {dag.py:3947} INFO - Setting next_dagrun for nyc_taxi_ingest to None, run_after=None
[2026-08-11T13:01:49.192+0000] {processor.py:183} INFO - Processing /opt/airflow/dags/nyc_taxi_ingest.py took 0.827 seconds
[2026-08-11T13:02:19.520+0000] {processor.py:161} INFO - Started process (PID=252) to work on /opt/airflow/dags/nyc_taxi_ingest.py
[2026-08-11T13:02:19.522+0000] {processor.py:830} INFO - Processing file /opt/airflow/dags/nyc_taxi_ingest.py for tasks to queue
[2026-08-11T13:02:19.526+0000] {logging_mixin.py:188} INFO - [2026-08-11T13:02:19.525+0000] {dagbag.py:545} INFO - Filling up the DagBag from /opt/airflow/dags/nyc_taxi_ingest.py
[2026-08-11T13:02:20.619+0000] {processor.py:840} INFO - DAG(s) 'nyc_taxi_ingest' retrieved from /opt/airflow/dags/nyc_taxi_ingest.py
[2026-08-11T13:02:20.665+0000] {logging_mixin.py:188} INFO - [2026-08-11T13:02:20.664+0000] {dag.py:3089} INFO - Sync 1 DAGs
[2026-08-11T13:02:20.700+0000] {logging_mixin.py:188} INFO - [2026-08-11T13:02:20.700+0000] {dag.py:3947} INFO - Setting next_dagrun for nyc_taxi_ingest to None, run_after=None
[2026-08-11T13:02:20.732+0000] {processor.py:183} INFO - Processing /opt/airflow/dags/nyc_taxi_ingest.py took 1.228 seconds
[2026-08-11T13:02:50.975+0000] {processor.py:161} INFO - Started process (PID=254) to work on /opt/airflow/dags/nyc_taxi_ingest.py
[2026-08-11T13:02:50.976+0000] {processor.py:830} INFO - Processing file /opt/airflow/dags/nyc_taxi_ingest.py for tasks to queue
[2026-08-11T13:02:50.978+0000] {logging_mixin.py:188} INFO - [2026-08-11T13:02:50.978+0000] {dagbag.py:545} INFO - Filling up the DagBag from /opt/airflow/dags/nyc_taxi_ingest.py
[2026-08-11T13:02:51.555+0000] {processor.py:840} INFO - DAG(s) 'nyc_taxi_ingest' retrieved from /opt/airflow/dags/nyc_taxi_ingest.py
[2026-08-11T13:02:51.580+0000] {logging_mixin.py:188} INFO - [2026-08-11T13:02:51.579+0000] {dag.py:3089} INFO - Sync 1 DAGs
[2026-08-11T13:02:51.595+0000] {logging_mixin.py:188} INFO - [2026-08-11T13:02:51.595+0000] {dag.py:3947} INFO - Setting next_dagrun for nyc_taxi_ingest to None, run_after=None
[2026-08-11T13:02:51.612+0000] {processor.py:183} INFO - Processing /opt/airflow/dags/nyc_taxi_ingest.py took 0.643 seconds
[2026-08-11T13:03:21.890+0000] {processor.py:161} INFO - Started process (PID=256) to work on /opt/airflow/dags/nyc_taxi_ingest.py
[2026-08-11T13:03:21.892+0000] {processor.py:830} INFO - Processing file /opt/airflow/dags/nyc_taxi_ingest.py for tasks to queue
[2026-08-11T13:03:21.895+0000] {logging_mixin.py:188} INFO - [2026-08-11T13:03:21.894+0000] {dagbag.py:545} INFO - Filling up the DagBag from /opt/airflow/dags/nyc_taxi_ingest.py
[2026-08-11T13:03:23.477+0000] {processor.py:840} INFO - DAG(s) 'nyc_taxi_ingest' retrieved from /opt/airflow/dags/nyc_taxi_ingest.py
[2026-08-11T13:03:23.523+0000] {logging_mixin.py:188} INFO - [2026-08-11T13:03:23.522+0000] {dag.py:3089} INFO - Sync 1 DAGs
[2026-08-11T13:03:23.554+0000] {logging_mixin.py:188} INFO - [2026-08-11T13:03:23.554+0000] {dag.py:3947} INFO - Setting next_dagrun for nyc_taxi_ingest to None, run_after=None
[2026-08-11T13:03:23.593+0000] {processor.py:183} INFO - Processing /opt/airflow/dags/nyc_taxi_ingest.py took 1.710 seconds
[2026-08-11T13:03:53.856+0000] {processor.py:161} INFO - Started process (PID=258) to work on /opt/airflow/dags/nyc_taxi_ingest.py
[2026-08-11T13:03:53.857+0000] {processor.py:830} INFO - Processing file /opt/airflow/dags/nyc_taxi_ingest.py for tasks to queue
[2026-08-11T13:03:53.860+0000] {logging_mixin.py:188} INFO - [2026-08-11T13:03:53.860+0000] {dagbag.py:545} INFO - Filling up the DagBag from /opt/airflow/dags/nyc_taxi_ingest.py
[2026-08-11T13:03:54.560+0000] {processor.py:840} INFO - DAG(s) 'nyc_taxi_ingest' retrieved from /opt/airflow/dags/nyc_taxi_ingest.py
[2026-08-11T13:03:54.626+0000] {logging_mixin.py:188} INFO - [2026-08-11T13:03:54.624+0000] {dag.py:3089} INFO - Sync 1 DAGs
[2026-08-11T13:03:54.666+0000] {logging_mixin.py:188} INFO - [2026-08-11T13:03:54.665+0000] {dag.py:3947} INFO - Setting next_dagrun for nyc_taxi_ingest to None, run_after=None
[2026-08-11T13:03:54.712+0000] {processor.py:183} INFO - Processing /opt/airflow/dags/nyc_taxi_ingest.py took 0.864 seconds
[2026-08-11T13:04:25.075+0000] {processor.py:161} INFO - Started process (PID=260) to work on /opt/airflow/dags/nyc_taxi_ingest.py
[2026-08-11T13:04:25.076+0000] {processor.py:830} INFO - Processing file /opt/airflow/dags/nyc_taxi_ingest.py for tasks to queue
[2026-08-11T13:04:25.078+0000] {logging_mixin.py:188} INFO - [2026-08-11T13:04:25.078+0000] {dagbag.py:545} INFO - Filling up the DagBag from /opt/airflow/dags/nyc_taxi_ingest.py
[2026-08-11T13:04:25.708+0000] {processor.py:840} INFO - DAG(s) 'nyc_taxi_ingest' retrieved from /opt/airflow/dags/nyc_taxi_ingest.py
[2026-08-11T13:04:25.742+0000] {logging_mixin.py:188} INFO - [2026-08-11T13:04:25.741+0000] {dag.py:3089} INFO - Sync 1 DAGs
[2026-08-11T13:04:25.771+0000] {logging_mixin.py:188} INFO - [2026-08-11T13:04:25.770+0000] {dag.py:3947} INFO - Setting next_dagrun for nyc_taxi_ingest to None, run_after=None
[2026-08-11T13:04:25.792+0000] {processor.py:183} INFO - Processing /opt/airflow/dags/nyc_taxi_ingest.py took 0.724 seconds
[2026-08-11T13:04:55.897+0000] {processor.py:161} INFO - Started process (PID=262) to work on /opt/airflow/dags/nyc_taxi_ingest.py
[2026-08-11T13:04:55.899+0000] {processor.py:830} INFO - Processing file /opt/airflow/dags/nyc_taxi_ingest.py for tasks to queue
[2026-08-11T13:04:55.902+0000] {logging_mixin.py:188} INFO - [2026-08-11T13:04:55.901+0000] {dagbag.py:545} INFO - Filling up the DagBag from /opt/airflow/dags/nyc_taxi_ingest.py
[2026-08-11T13:04:56.581+0000] {processor.py:840} INFO - DAG(s) 'nyc_taxi_ingest' retrieved from /opt/airflow/dags/nyc_taxi_ingest.py
[2026-08-11T13:04:56.605+0000] {logging_mixin.py:188} INFO - [2026-08-11T13:04:56.604+0000] {dag.py:3089} INFO - Sync 1 DAGs
[2026-08-11T13:04:56.621+0000] {logging_mixin.py:188} INFO - [2026-08-11T13:04:56.621+0000] {dag.py:3947} INFO - Setting next_dagrun for nyc_taxi_ingest to None, run_after=None
[2026-08-11T13:04:56.638+0000] {processor.py:183} INFO - Processing /opt/airflow/dags/nyc_taxi_ingest.py took 0.749 seconds
[2026-08-11T13:05:26.889+0000] {processor.py:161} INFO - Started process (PID=264) to work on /opt/airflow/dags/nyc_taxi_ingest.py
[2026-08-11T13:05:26.890+0000] {processor.py:830} INFO - Processing file /opt/airflow/dags/nyc_taxi_ingest.py for tasks to queue
[2026-08-11T13:05:26.892+0000] {logging_mixin.py:188} INFO - [2026-08-11T13:05:26.892+0000] {dagbag.py:545} INFO - Filling up the DagBag from /opt/airflow/dags/nyc_taxi_ingest.py
[2026-08-11T13:05:27.501+0000] {processor.py:840} INFO - DAG(s) 'nyc_taxi_ingest' retrieved from /opt/airflow/dags/nyc_taxi_ingest.py
[2026-08-11T13:05:27.525+0000] {logging_mixin.py:188} INFO - [2026-08-11T13:05:27.524+0000] {dag.py:3089} INFO - Sync 1 DAGs
[2026-08-11T13:05:27.546+0000] {logging_mixin.py:188} INFO - [2026-08-11T13:05:27.546+0000] {dag.py:3947} INFO - Setting next_dagrun for nyc_taxi_ingest to None, run_after=None
[2026-08-11T13:05:27.569+0000] {processor.py:183} INFO - Processing /opt/airflow/dags/nyc_taxi_ingest.py took 0.687 seconds
[2026-08-11T13:05:57.813+0000] {processor.py:161} INFO - Started process (PID=266) to work on /opt/airflow/dags/nyc_taxi_ingest.py
[2026-08-11T13:05:57.815+0000] {processor.py:830} INFO - Processing file /opt/airflow/dags/nyc_taxi_ingest.py for tasks to queue
[2026-08-11T13:05:57.817+0000] {logging_mixin.py:188} INFO - [2026-08-11T13:05:57.817+0000] {dagbag.py:545} INFO - Filling up the DagBag from /opt/airflow/dags/nyc_taxi_ingest.py
[2026-08-11T13:05:58.485+0000] {processor.py:840} INFO - DAG(s) 'nyc_taxi_ingest' retrieved from /opt/airflow/dags/nyc_taxi_ingest.py
[2026-08-11T13:05:58.515+0000] {logging_mixin.py:188} INFO - [2026-08-11T13:05:58.514+0000] {dag.py:3089} INFO - Sync 1 DAGs
[2026-08-11T13:05:58.535+0000] {logging_mixin.py:188} INFO - [2026-08-11T13:05:58.535+0000] {dag.py:3947} INFO - Setting next_dagrun for nyc_taxi_ingest to None, run_after=None
[2026-08-11T13:05:58.559+0000] {processor.py:183} INFO - Processing /opt/airflow/dags/nyc_taxi_ingest.py took 0.754 seconds
[2026-08-11T13:06:28.704+0000] {processor.py:161} INFO - Started process (PID=268) to work on /opt/airflow/dags/nyc_taxi_ingest.py
[2026-08-11T13:06:28.706+0000] {processor.py:830} INFO - Processing file /opt/airflow/dags/nyc_taxi_ingest.py for tasks to queue
[2026-08-11T13:06:28.710+0000] {logging_mixin.py:188} INFO - [2026-08-11T13:06:28.709+0000] {dagbag.py:545} INFO - Filling up the DagBag from /opt/airflow/dags/nyc_taxi_ingest.py
[2026-08-11T13:06:29.682+0000] {processor.py:840} INFO - DAG(s) 'nyc_taxi_ingest' retrieved from /opt/airflow/dags/nyc_taxi_ingest.py
[2026-08-11T13:06:29.708+0000] {logging_mixin.py:188} INFO - [2026-08-11T13:06:29.708+0000] {dag.py:3089} INFO - Sync 1 DAGs
[2026-08-11T13:06:29.728+0000] {logging_mixin.py:188} INFO - [2026-08-11T13:06:29.728+0000] {dag.py:3947} INFO - Setting next_dagrun for nyc_taxi_ingest to None, run_after=None
[2026-08-11T13:06:29.748+0000] {processor.py:183} INFO - Processing /opt/airflow/dags/nyc_taxi_ingest.py took 1.058 seconds
[2026-08-11T13:06:59.923+0000] {processor.py:161} INFO - Started process (PID=270) to work on /opt/airflow/dags/nyc_taxi_ingest.py
[2026-08-11T13:06:59.925+0000] {processor.py:830} INFO - Processing file /opt/airflow/dags/nyc_taxi_ingest.py for tasks to queue
[2026-08-11T13:06:59.927+0000] {logging_mixin.py:188} INFO - [2026-08-11T13:06:59.927+0000] {dagbag.py:545} INFO - Filling up the DagBag from /opt/airflow/dags/nyc_taxi_ingest.py
[2026-08-11T13:07:00.678+0000] {processor.py:840} INFO - DAG(s) 'nyc_taxi_ingest' retrieved from /opt/airflow/dags/nyc_taxi_ingest.py
[2026-08-11T13:07:00.709+0000] {logging_mixin.py:188} INFO - [2026-08-11T13:07:00.708+0000] {dag.py:3089} INFO - Sync 1 DAGs
[2026-08-11T13:07:00.730+0000] {logging_mixin.py:188} INFO - [2026-08-11T13:07:00.730+0000] {dag.py:3947} INFO - Setting next_dagrun for nyc_taxi_ingest to None, run_after=None
[2026-08-11T13:07:00.750+0000] {processor.py:183} INFO - Processing /opt/airflow/dags/nyc_taxi_ingest.py took 0.834 seconds
[2026-08-11T13:07:31.034+0000] {processor.py:161} INFO - Started process (PID=272) to work on /opt/airflow/dags/nyc_taxi_ingest.py
[2026-08-11T13:07:31.035+0000] {processor.py:830} INFO - Processing file /opt/airflow/dags/nyc_taxi_ingest.py for tasks to queue
[2026-08-11T13:07:31.037+0000] {logging_mixin.py:188} INFO - [2026-08-11T13:07:31.036+0000] {dagbag.py:545} INFO - Filling up the DagBag from /opt/airflow/dags/nyc_taxi_ingest.py
[2026-08-11T13:07:31.778+0000] {processor.py:840} INFO - DAG(s) 'nyc_taxi_ingest' retrieved from /opt/airflow/dags/nyc_taxi_ingest.py
[2026-08-11T13:07:31.812+0000] {logging_mixin.py:188} INFO - [2026-08-11T13:07:31.811+0000] {dag.py:3089} INFO - Sync 1 DAGs
[2026-08-11T13:07:31.833+0000] {logging_mixin.py:188} INFO - [2026-08-11T13:07:31.833+0000] {dag.py:3947} INFO - Setting next_dagrun for nyc_taxi_ingest to None, run_after=None
[2026-08-11T13:07:31.856+0000] {processor.py:183} INFO - Processing /opt/airflow/dags/nyc_taxi_ingest.py took 0.828 seconds
[2026-08-11T13:08:02.106+0000] {processor.py:161} INFO - Started process (PID=274) to work on /opt/airflow/dags/nyc_taxi_ingest.py
[2026-08-11T13:08:02.107+0000] {processor.py:830} INFO - Processing file /opt/airflow/dags/nyc_taxi_ingest.py for tasks to queue
[2026-08-11T13:08:02.109+0000] {logging_mixin.py:188} INFO - [2026-08-11T13:08:02.109+0000] {dagbag.py:545} INFO - Filling up the DagBag from /opt/airflow/dags/nyc_taxi_ingest.py
[2026-08-11T13:08:02.739+0000] {processor.py:840} INFO - DAG(s) 'nyc_taxi_ingest' retrieved from /opt/airflow/dags/nyc_taxi_ingest.py
[2026-08-11T13:08:02.759+0000] {logging_mixin.py:188} INFO - [2026-08-11T13:08:02.759+0000] {dag.py:3089} INFO - Sync 1 DAGs
[2026-08-11T13:08:02.773+0000] {logging_mixin.py:188} INFO - [2026-08-11T13:08:02.773+0000] {dag.py:3947} INFO - Setting next_dagrun for nyc_taxi_ingest to None, run_after=None
[2026-08-11T13:08:02.791+0000] {processor.py:183} INFO - Processing /opt/airflow/dags/nyc_taxi_ingest.py took 0.691 seconds
[2026-08-11T13:08:33.030+0000] {processor.py:161} INFO - Started process (PID=276) to work on /opt/airflow/dags/nyc_taxi_ingest.py
[2026-08-11T13:08:33.031+0000] {processor.py:830} INFO - Processing file /opt/airflow/dags/nyc_taxi_ingest.py for tasks to queue
[2026-08-11T13:08:33.035+0000] {logging_mixin.py:188} INFO - [2026-08-11T13:08:33.034+0000] {dagbag.py:545} INFO - Filling up the DagBag from /opt/airflow/dags/nyc_taxi_ingest.py
[2026-08-11T13:08:33.706+0000] {processor.py:840} INFO - DAG(s) 'nyc_taxi_ingest' retrieved from /opt/airflow/dags/nyc_taxi_ingest.py
[2026-08-11T13:08:33.725+0000] {logging_mixin.py:188} INFO - [2026-08-11T13:08:33.725+0000] {dag.py:3089} INFO - Sync 1 DAGs
[2026-08-11T13:08:33.740+0000] {logging_mixin.py:188} INFO - [2026-08-11T13:08:33.740+0000] {dag.py:3947} INFO - Setting next_dagrun for nyc_taxi_ingest to None, run_after=None
[2026-08-11T13:08:33.757+0000] {processor.py:183} INFO - Processing /opt/airflow/dags/nyc_taxi_ingest.py took 0.738 seconds
[2026-08-11T13:09:03.835+0000] {processor.py:161} INFO - Started process (PID=278) to work on /opt/airflow/dags/nyc_taxi_ingest.py
[2026-08-11T13:09:03.836+0000] {processor.py:830} INFO - Processing file /opt/airflow/dags/nyc_taxi_ingest.py for tasks to queue
[2026-08-11T13:09:03.839+0000] {logging_mixin.py:188} INFO - [2026-08-11T13:09:03.838+0000] {dagbag.py:545} INFO - Filling up the DagBag from /opt/airflow/dags/nyc_taxi_ingest.py
[2026-08-11T13:09:05.096+0000] {processor.py:840} INFO - DAG(s) 'nyc_taxi_ingest' retrieved from /opt/airflow/dags/nyc_taxi_ingest.py
[2026-08-11T13:09:05.119+0000] {logging_mixin.py:188} INFO - [2026-08-11T13:09:05.118+0000] {dag.py:3089} INFO - Sync 1 DAGs
[2026-08-11T13:09:05.141+0000] {logging_mixin.py:188} INFO - [2026-08-11T13:09:05.140+0000] {dag.py:3947} INFO - Setting next_dagrun for nyc_taxi_ingest to None, run_after=None
[2026-08-11T13:09:05.161+0000] {processor.py:183} INFO - Processing /opt/airflow/dags/nyc_taxi_ingest.py took 1.332 seconds
[2026-08-11T13:09:35.303+0000] {processor.py:161} INFO - Started process (PID=280) to work on /opt/airflow/dags/nyc_taxi_ingest.py
[2026-08-11T13:09:35.304+0000] {processor.py:830} INFO - Processing file /opt/airflow/dags/nyc_taxi_ingest.py for tasks to queue
[2026-08-11T13:09:35.306+0000] {logging_mixin.py:188} INFO - [2026-08-11T13:09:35.306+0000] {dagbag.py:545} INFO - Filling up the DagBag from /opt/airflow/dags/nyc_taxi_ingest.py
[2026-08-11T13:09:35.805+0000] {processor.py:840} INFO - DAG(s) 'nyc_taxi_ingest' retrieved from /opt/airflow/dags/nyc_taxi_ingest.py
[2026-08-11T13:09:35.825+0000] {logging_mixin.py:188} INFO - [2026-08-11T13:09:35.825+0000] {dag.py:3089} INFO - Sync 1 DAGs
[2026-08-11T13:09:35.839+0000] {logging_mixin.py:188} INFO - [2026-08-11T13:09:35.839+0000] {dag.py:3947} INFO - Setting next_dagrun for nyc_taxi_ingest to None, run_after=None
[2026-08-11T13:09:35.854+0000] {processor.py:183} INFO - Processing /opt/airflow/dags/nyc_taxi_ingest.py took 0.557 seconds
[2026-08-11T13:10:06.074+0000] {processor.py:161} INFO - Started process (PID=282) to work on /opt/airflow/dags/nyc_taxi_ingest.py
[2026-08-11T13:10:06.075+0000] {processor.py:830} INFO - Processing file /opt/airflow/dags/nyc_taxi_ingest.py for tasks to queue
[2026-08-11T13:10:06.078+0000] {logging_mixin.py:188} INFO - [2026-08-11T13:10:06.077+0000] {dagbag.py:545} INFO - Filling up the DagBag from /opt/airflow/dags/nyc_taxi_ingest.py
[2026-08-11T13:10:06.600+0000] {processor.py:840} INFO - DAG(s) 'nyc_taxi_ingest' retrieved from /opt/airflow/dags/nyc_taxi_ingest.py
[2026-08-11T13:10:06.625+0000] {logging_mixin.py:188} INFO - [2026-08-11T13:10:06.625+0000] {dag.py:3089} INFO - Sync 1 DAGs
[2026-08-11T13:10:06.640+0000] {logging_mixin.py:188} INFO - [2026-08-11T13:10:06.640+0000] {dag.py:3947} INFO - Setting next_dagrun for nyc_taxi_ingest to None, run_after=None
[2026-08-11T13:10:06.658+0000] {processor.py:183} INFO - Processing /opt/airflow/dags/nyc_taxi_ingest.py took 0.591 seconds
[2026-08-11T13:10:36.824+0000] {processor.py:161} INFO - Started process (PID=284) to work on /opt/airflow/dags/nyc_taxi_ingest.py
[2026-08-11T13:10:36.825+0000] {processor.py:830} INFO - Processing file /opt/airflow/dags/nyc_taxi_ingest.py for tasks to queue
[2026-08-11T13:10:36.827+0000] {logging_mixin.py:188} INFO - [2026-08-11T13:10:36.827+0000] {dagbag.py:545} INFO - Filling up the DagBag from /opt/airflow/dags/nyc_taxi_ingest.py
[2026-08-11T13:10:37.341+0000] {processor.py:840} INFO - DAG(s) 'nyc_taxi_ingest' retrieved from /opt/airflow/dags/nyc_taxi_ingest.py
[2026-08-11T13:10:37.365+0000] {logging_mixin.py:188} INFO - [2026-08-11T13:10:37.364+0000] {dag.py:3089} INFO - Sync 1 DAGs
[2026-08-11T13:10:37.383+0000] {logging_mixin.py:188} INFO - [2026-08-11T13:10:37.383+0000] {dag.py:3947} INFO - Setting next_dagrun for nyc_taxi_ingest to None, run_after=None
[2026-08-11T13:10:37.402+0000] {processor.py:183} INFO - Processing /opt/airflow/dags/nyc_taxi_ingest.py took 0.583 seconds
[2026-08-11T13:11:07.645+0000] {processor.py:161} INFO - Started process (PID=286) to work on /opt/airflow/dags/nyc_taxi_ingest.py
[2026-08-11T13:11:07.646+0000] {processor.py:830} INFO - Processing file /opt/airflow/dags/nyc_taxi_ingest.py for tasks to queue
[2026-08-11T13:11:07.649+0000] {logging_mixin.py:188} INFO - [2026-08-11T13:11:07.648+0000] {dagbag.py:545} INFO - Filling up the DagBag from /opt/airflow/dags/nyc_taxi_ingest.py
[2026-08-11T13:11:08.132+0000] {processor.py:840} INFO - DAG(s) 'nyc_taxi_ingest' retrieved from /opt/airflow/dags/nyc_taxi_ingest.py
[2026-08-11T13:11:08.154+0000] {logging_mixin.py:188} INFO - [2026-08-11T13:11:08.154+0000] {dag.py:3089} INFO - Sync 1 DAGs
[2026-08-11T13:11:08.168+0000] {logging_mixin.py:188} INFO - [2026-08-11T13:11:08.168+0000] {dag.py:3947} INFO - Setting next_dagrun for nyc_taxi_ingest to None, run_after=None
[2026-08-11T13:11:08.185+0000] {processor.py:183} INFO - Processing /opt/airflow/dags/nyc_taxi_ingest.py took 0.546 seconds
[2026-08-11T13:11:38.331+0000] {processor.py:161} INFO - Started process (PID=288) to work on /opt/airflow/dags/nyc_taxi_ingest.py
[2026-08-11T13:11:38.332+0000] {processor.py:830} INFO - Processing file /opt/airflow/dags/nyc_taxi_ingest.py for tasks to queue
[2026-08-11T13:11:38.334+0000] {logging_mixin.py:188} INFO - [2026-08-11T13:11:38.333+0000] {dagbag.py:545} INFO - Filling up the DagBag from /opt/airflow/dags/nyc_taxi_ingest.py
[2026-08-11T13:11:38.842+0000] {processor.py:840} INFO - DAG(s) 'nyc_taxi_ingest' retrieved from /opt/airflow/dags/nyc_taxi_ingest.py
[2026-08-11T13:11:38.863+0000] {logging_mixin.py:188} INFO - [2026-08-11T13:11:38.863+0000] {dag.py:3089} INFO - Sync 1 DAGs
[2026-08-11T13:11:38.876+0000] {logging_mixin.py:188} INFO - [2026-08-11T13:11:38.876+0000] {dag.py:3947} INFO - Setting next_dagrun for nyc_taxi_ingest to None, run_after=None
[2026-08-11T13:11:38.891+0000] {processor.py:183} INFO - Processing /opt/airflow/dags/nyc_taxi_ingest.py took 0.565 seconds
[2026-08-11T13:12:09.134+0000] {processor.py:161} INFO - Started process (PID=290) to work on /opt/airflow/dags/nyc_taxi_ingest.py
[2026-08-11T13:12:09.135+0000] {processor.py:830} INFO - Processing file /opt/airflow/dags/nyc_taxi_ingest.py for tasks to queue
[2026-08-11T13:12:09.137+0000] {logging_mixin.py:188} INFO - [2026-08-11T13:12:09.137+0000] {dagbag.py:545} INFO - Filling up the DagBag from /opt/airflow/dags/nyc_taxi_ingest.py
[2026-08-11T13:12:09.641+0000] {processor.py:840} INFO - DAG(s) 'nyc_taxi_ingest' retrieved from /opt/airflow/dags/nyc_taxi_ingest.py
[2026-08-11T13:12:09.660+0000] {logging_mixin.py:188} INFO - [2026-08-11T13:12:09.660+0000] {dag.py:3089} INFO - Sync 1 DAGs
[2026-08-11T13:12:09.674+0000] {logging_mixin.py:188} INFO - [2026-08-11T13:12:09.674+0000] {dag.py:3947} INFO - Setting next_dagrun for nyc_taxi_ingest to None, run_after=None
[2026-08-11T13:12:09.690+0000] {processor.py:183} INFO - Processing /opt/airflow/dags/nyc_taxi_ingest.py took 0.563 seconds
[2026-08-11T13:12:39.877+0000] {processor.py:161} INFO - Started process (PID=292) to work on /opt/airflow/dags/nyc_taxi_ingest.py
[2026-08-11T13:12:39.878+0000] {processor.py:830} INFO - Processing file /opt/airflow/dags/nyc_taxi_ingest.py for tasks to queue
[2026-08-11T13:12:39.880+0000] {logging_mixin.py:188} INFO - [2026-08-11T13:12:39.880+0000] {dagbag.py:545} INFO - Filling up the DagBag from /opt/airflow/dags/nyc_taxi_ingest.py
[2026-08-11T13:12:40.367+0000] {processor.py:840} INFO - DAG(s) 'nyc_taxi_ingest' retrieved from /opt/airflow/dags/nyc_taxi_ingest.py
[2026-08-11T13:12:40.386+0000] {logging_mixin.py:188} INFO - [2026-08-11T13:12:40.386+0000] {dag.py:3089} INFO - Sync 1 DAGs
[2026-08-11T13:12:40.400+0000] {logging_mixin.py:188} INFO - [2026-08-11T13:12:40.400+0000] {dag.py:3947} INFO - Setting next_dagrun for nyc_taxi_ingest to None, run_after=None
[2026-08-11T13:12:40.415+0000] {processor.py:183} INFO - Processing /opt/airflow/dags/nyc_taxi_ingest.py took 0.544 seconds
[2026-08-11T13:13:10.695+0000] {processor.py:161} INFO - Started process (PID=294) to work on /opt/airflow/dags/nyc_taxi_ingest.py
[2026-08-11T13:13:10.697+0000] {processor.py:830} INFO - Processing file /opt/airflow/dags/nyc_taxi_ingest.py for tasks to queue
[2026-08-11T13:13:10.701+0000] {logging_mixin.py:188} INFO - [2026-08-11T13:13:10.701+0000] {dagbag.py:545} INFO - Filling up the DagBag from /opt/airflow/dags/nyc_taxi_ingest.py
[2026-08-11T13:13:11.662+0000] {processor.py:840} INFO - DAG(s) 'nyc_taxi_ingest' retrieved from /opt/airflow/dags/nyc_taxi_ingest.py
[2026-08-11T13:13:11.696+0000] {logging_mixin.py:188} INFO - [2026-08-11T13:13:11.695+0000] {dag.py:3089} INFO - Sync 1 DAGs
[2026-08-11T13:13:11.716+0000] {logging_mixin.py:188} INFO - [2026-08-11T13:13:11.715+0000] {dag.py:3947} INFO - Setting next_dagrun for nyc_taxi_ingest to None, run_after=None
[2026-08-11T13:13:11.737+0000] {processor.py:183} INFO - Processing /opt/airflow/dags/nyc_taxi_ingest.py took 1.058 seconds
[2026-08-11T13:13:41.871+0000] {processor.py:161} INFO - Started process (PID=296) to work on /opt/airflow/dags/nyc_taxi_ingest.py
[2026-08-11T13:13:41.872+0000] {processor.py:830} INFO - Processing file /opt/airflow/dags/nyc_taxi_ingest.py for tasks to queue
[2026-08-11T13:13:41.874+0000] {logging_mixin.py:188} INFO - [2026-08-11T13:13:41.874+0000] {dagbag.py:545} INFO - Filling up the DagBag from /opt/airflow/dags/nyc_taxi_ingest.py
[2026-08-11T13:13:42.363+0000] {processor.py:840} INFO - DAG(s) 'nyc_taxi_ingest' retrieved from /opt/airflow/dags/nyc_taxi_ingest.py
[2026-08-11T13:13:42.383+0000] {logging_mixin.py:188} INFO - [2026-08-11T13:13:42.383+0000] {dag.py:3089} INFO - Sync 1 DAGs
[2026-08-11T13:13:42.397+0000] {logging_mixin.py:188} INFO - [2026-08-11T13:13:42.397+0000] {dag.py:3947} INFO - Setting next_dagrun for nyc_taxi_ingest to None, run_after=None
[2026-08-11T13:13:42.412+0000] {processor.py:183} INFO - Processing /opt/airflow/dags/nyc_taxi_ingest.py took 0.546 seconds
[2026-08-11T13:37:13.614+0000] {processor.py:161} INFO - Started process (PID=298) to work on /opt/airflow/dags/nyc_taxi_ingest.py
[2026-08-11T13:37:13.630+0000] {processor.py:830} INFO - Processing file /opt/airflow/dags/nyc_taxi_ingest.py for tasks to queue
[2026-08-11T13:37:13.644+0000] {logging_mixin.py:188} INFO - [2026-08-11T13:37:13.644+0000] {dagbag.py:545} INFO - Filling up the DagBag from /opt/airflow/dags/nyc_taxi_ingest.py
[2026-08-11T13:37:15.639+0000] {processor.py:840} INFO - DAG(s) 'nyc_taxi_ingest' retrieved from /opt/airflow/dags/nyc_taxi_ingest.py
[2026-08-11T13:37:15.685+0000] {logging_mixin.py:188} INFO - [2026-08-11T13:37:15.684+0000] {dag.py:3089} INFO - Sync 1 DAGs
[2026-08-11T13:37:15.715+0000] {logging_mixin.py:188} INFO - [2026-08-11T13:37:15.715+0000] {dag.py:3947} INFO - Setting next_dagrun for nyc_taxi_ingest to None, run_after=None
[2026-08-11T13:37:15.741+0000] {processor.py:183} INFO - Processing /opt/airflow/dags/nyc_taxi_ingest.py took 2.147 seconds
[2026-08-11T13:42:16.284+0000] {processor.py:161} INFO - Started process (PID=300) to work on /opt/airflow/dags/nyc_taxi_ingest.py
[2026-08-11T13:42:16.286+0000] {processor.py:830} INFO - Processing file /opt/airflow/dags/nyc_taxi_ingest.py for tasks to queue
[2026-08-11T13:42:16.289+0000] {logging_mixin.py:188} INFO - [2026-08-11T13:42:16.288+0000] {dagbag.py:545} INFO - Filling up the DagBag from /opt/airflow/dags/nyc_taxi_ingest.py
[2026-08-11T13:42:16.812+0000] {processor.py:840} INFO - DAG(s) 'nyc_taxi_ingest' retrieved from /opt/airflow/dags/nyc_taxi_ingest.py
[2026-08-11T13:42:16.833+0000] {logging_mixin.py:188} INFO - [2026-08-11T13:42:16.832+0000] {dag.py:3089} INFO - Sync 1 DAGs
[2026-08-11T13:42:16.846+0000] {logging_mixin.py:188} INFO - [2026-08-11T13:42:16.846+0000] {dag.py:3947} INFO - Setting next_dagrun for nyc_taxi_ingest to None, run_after=None
[2026-08-11T13:42:16.860+0000] {processor.py:183} INFO - Processing /opt/airflow/dags/nyc_taxi_ingest.py took 0.582 seconds
[2026-08-11T13:42:47.072+0000] {processor.py:161} INFO - Started process (PID=302) to work on /opt/airflow/dags/nyc_taxi_ingest.py
[2026-08-11T13:42:47.073+0000] {processor.py:830} INFO - Processing file /opt/airflow/dags/nyc_taxi_ingest.py for tasks to queue
[2026-08-11T13:42:47.075+0000] {logging_mixin.py:188} INFO - [2026-08-11T13:42:47.075+0000] {dagbag.py:545} INFO - Filling up the DagBag from /opt/airflow/dags/nyc_taxi_ingest.py
[2026-08-11T13:42:47.604+0000] {processor.py:840} INFO - DAG(s) 'nyc_taxi_ingest' retrieved from /opt/airflow/dags/nyc_taxi_ingest.py
[2026-08-11T13:42:47.624+0000] {logging_mixin.py:188} INFO - [2026-08-11T13:42:47.623+0000] {dag.py:3089} INFO - Sync 1 DAGs
[2026-08-11T13:42:47.638+0000] {logging_mixin.py:188} INFO - [2026-08-11T13:42:47.638+0000] {dag.py:3947} INFO - Setting next_dagrun for nyc_taxi_ingest to None, run_after=None
[2026-08-11T13:42:47.655+0000] {processor.py:183} INFO - Processing /opt/airflow/dags/nyc_taxi_ingest.py took 0.591 seconds
[2026-08-11T13:43:17.869+0000] {processor.py:161} INFO - Started process (PID=304) to work on /opt/airflow/dags/nyc_taxi_ingest.py
[2026-08-11T13:43:17.870+0000] {processor.py:830} INFO - Processing file /opt/airflow/dags/nyc_taxi_ingest.py for tasks to queue
[2026-08-11T13:43:17.872+0000] {logging_mixin.py:188} INFO - [2026-08-11T13:43:17.872+0000] {dagbag.py:545} INFO - Filling up the DagBag from /opt/airflow/dags/nyc_taxi_ingest.py
[2026-08-11T13:43:18.377+0000] {processor.py:840} INFO - DAG(s) 'nyc_taxi_ingest' retrieved from /opt/airflow/dags/nyc_taxi_ingest.py
[2026-08-11T13:43:18.397+0000] {logging_mixin.py:188} INFO - [2026-08-11T13:43:18.396+0000] {dag.py:3089} INFO - Sync 1 DAGs
[2026-08-11T13:43:18.412+0000] {logging_mixin.py:188} INFO - [2026-08-11T13:43:18.412+0000] {dag.py:3947} INFO - Setting next_dagrun for nyc_taxi_ingest to None, run_after=None
[2026-08-11T13:43:18.426+0000] {processor.py:183} INFO - Processing /opt/airflow/dags/nyc_taxi_ingest.py took 0.563 seconds
[2026-08-11T13:43:48.630+0000] {processor.py:161} INFO - Started process (PID=306) to work on /opt/airflow/dags/nyc_taxi_ingest.py
[2026-08-11T13:43:48.631+0000] {processor.py:830} INFO - Processing file /opt/airflow/dags/nyc_taxi_ingest.py for tasks to queue
[2026-08-11T13:43:48.633+0000] {logging_mixin.py:188} INFO - [2026-08-11T13:43:48.632+0000] {dagbag.py:545} INFO - Filling up the DagBag from /opt/airflow/dags/nyc_taxi_ingest.py
[2026-08-11T13:43:49.092+0000] {processor.py:840} INFO - DAG(s) 'nyc_taxi_ingest' retrieved from /opt/airflow/dags/nyc_taxi_ingest.py
[2026-08-11T13:43:49.114+0000] {logging_mixin.py:188} INFO - [2026-08-11T13:43:49.113+0000] {dag.py:3089} INFO - Sync 1 DAGs
[2026-08-11T13:43:49.129+0000] {logging_mixin.py:188} INFO - [2026-08-11T13:43:49.128+0000] {dag.py:3947} INFO - Setting next_dagrun for nyc_taxi_ingest to None, run_after=None
[2026-08-11T13:43:49.143+0000] {processor.py:183} INFO - Processing /opt/airflow/dags/nyc_taxi_ingest.py took 0.519 seconds
[2026-08-11T13:44:19.390+0000] {processor.py:161} INFO - Started process (PID=308) to work on /opt/airflow/dags/nyc_taxi_ingest.py
[2026-08-11T13:44:19.392+0000] {processor.py:830} INFO - Processing file /opt/airflow/dags/nyc_taxi_ingest.py for tasks to queue
[2026-08-11T13:44:19.394+0000] {logging_mixin.py:188} INFO - [2026-08-11T13:44:19.394+0000] {dagbag.py:545} INFO - Filling up the DagBag from /opt/airflow/dags/nyc_taxi_ingest.py
[2026-08-11T13:44:20.233+0000] {processor.py:840} INFO - DAG(s) 'nyc_taxi_ingest' retrieved from /opt/airflow/dags/nyc_taxi_ingest.py
[2026-08-11T13:44:20.255+0000] {logging_mixin.py:188} INFO - [2026-08-11T13:44:20.255+0000] {dag.py:3089} INFO - Sync 1 DAGs
[2026-08-11T13:44:20.271+0000] {logging_mixin.py:188} INFO - [2026-08-11T13:44:20.271+0000] {dag.py:3947} INFO - Setting next_dagrun for nyc_taxi_ingest to None, run_after=None
[2026-08-11T13:44:20.287+0000] {processor.py:183} INFO - Processing /opt/airflow/dags/nyc_taxi_ingest.py took 0.905 seconds
[2026-08-11T13:44:50.577+0000] {processor.py:161} INFO - Started process (PID=310) to work on /opt/airflow/dags/nyc_taxi_ingest.py
[2026-08-11T13:44:50.578+0000] {processor.py:830} INFO - Processing file /opt/airflow/dags/nyc_taxi_ingest.py for tasks to queue
[2026-08-11T13:44:50.586+0000] {logging_mixin.py:188} INFO - [2026-08-11T13:44:50.585+0000] {dagbag.py:545} INFO - Filling up the DagBag from /opt/airflow/dags/nyc_taxi_ingest.py
[2026-08-11T13:44:51.390+0000] {processor.py:840} INFO - DAG(s) 'nyc_taxi_ingest' retrieved from /opt/airflow/dags/nyc_taxi_ingest.py
[2026-08-11T13:44:51.416+0000] {logging_mixin.py:188} INFO - [2026-08-11T13:44:51.415+0000] {dag.py:3089} INFO - Sync 1 DAGs
[2026-08-11T13:44:51.432+0000] {logging_mixin.py:188} INFO - [2026-08-11T13:44:51.432+0000] {dag.py:3947} INFO - Setting next_dagrun for nyc_taxi_ingest to None, run_after=None
[2026-08-11T13:44:51.451+0000] {processor.py:183} INFO - Processing /opt/airflow/dags/nyc_taxi_ingest.py took 0.881 seconds
[2026-08-11T13:45:21.731+0000] {processor.py:161} INFO - Started process (PID=312) to work on /opt/airflow/dags/nyc_taxi_ingest.py
[2026-08-11T13:45:21.733+0000] {processor.py:830} INFO - Processing file /opt/airflow/dags/nyc_taxi_ingest.py for tasks to queue
[2026-08-11T13:45:21.737+0000] {logging_mixin.py:188} INFO - [2026-08-11T13:45:21.736+0000] {dagbag.py:545} INFO - Filling up the DagBag from /opt/airflow/dags/nyc_taxi_ingest.py
[2026-08-11T13:45:22.797+0000] {processor.py:840} INFO - DAG(s) 'nyc_taxi_ingest' retrieved from /opt/airflow/dags/nyc_taxi_ingest.py
[2026-08-11T13:45:22.822+0000] {logging_mixin.py:188} INFO - [2026-08-11T13:45:22.822+0000] {dag.py:3089} INFO - Sync 1 DAGs
[2026-08-11T13:45:22.847+0000] {logging_mixin.py:188} INFO - [2026-08-11T13:45:22.847+0000] {dag.py:3947} INFO - Setting next_dagrun for nyc_taxi_ingest to None, run_after=None
[2026-08-11T13:45:22.865+0000] {processor.py:183} INFO - Processing /opt/airflow/dags/nyc_taxi_ingest.py took 1.148 seconds
[2026-08-11T13:45:52.930+0000] {processor.py:161} INFO - Started process (PID=314) to work on /opt/airflow/dags/nyc_taxi_ingest.py
[2026-08-11T13:45:52.931+0000] {processor.py:830} INFO - Processing file /opt/airflow/dags/nyc_taxi_ingest.py for tasks to queue
[2026-08-11T13:45:52.933+0000] {logging_mixin.py:188} INFO - [2026-08-11T13:45:52.933+0000] {dagbag.py:545} INFO - Filling up the DagBag from /opt/airflow/dags/nyc_taxi_ingest.py
[2026-08-11T13:45:53.415+0000] {processor.py:840} INFO - DAG(s) 'nyc_taxi_ingest' retrieved from /opt/airflow/dags/nyc_taxi_ingest.py
[2026-08-11T13:45:53.434+0000] {logging_mixin.py:188} INFO - [2026-08-11T13:45:53.434+0000] {dag.py:3089} INFO - Sync 1 DAGs
[2026-08-11T13:45:53.450+0000] {logging_mixin.py:188} INFO - [2026-08-11T13:45:53.450+0000] {dag.py:3947} INFO - Setting next_dagrun for nyc_taxi_ingest to None, run_after=None
[2026-08-11T13:45:53.468+0000] {processor.py:183} INFO - Processing /opt/airflow/dags/nyc_taxi_ingest.py took 0.542 seconds
[2026-08-11T13:46:23.707+0000] {processor.py:161} INFO - Started process (PID=316) to work on /opt/airflow/dags/nyc_taxi_ingest.py
[2026-08-11T13:46:23.708+0000] {processor.py:830} INFO - Processing file /opt/airflow/dags/nyc_taxi_ingest.py for tasks to queue
[2026-08-11T13:46:23.710+0000] {logging_mixin.py:188} INFO - [2026-08-11T13:46:23.710+0000] {dagbag.py:545} INFO - Filling up the DagBag from /opt/airflow/dags/nyc_taxi_ingest.py
[2026-08-11T13:46:24.472+0000] {processor.py:840} INFO - DAG(s) 'nyc_taxi_ingest' retrieved from /opt/airflow/dags/nyc_taxi_ingest.py
[2026-08-11T13:46:24.513+0000] {logging_mixin.py:188} INFO - [2026-08-11T13:46:24.512+0000] {dag.py:3089} INFO - Sync 1 DAGs
[2026-08-11T13:46:24.540+0000] {logging_mixin.py:188} INFO - [2026-08-11T13:46:24.540+0000] {dag.py:3947} INFO - Setting next_dagrun for nyc_taxi_ingest to None, run_after=None
[2026-08-11T13:46:24.564+0000] {processor.py:183} INFO - Processing /opt/airflow/dags/nyc_taxi_ingest.py took 0.864 seconds
[2026-08-11T13:46:54.805+0000] {processor.py:161} INFO - Started process (PID=318) to work on /opt/airflow/dags/nyc_taxi_ingest.py
[2026-08-11T13:46:54.806+0000] {processor.py:830} INFO - Processing file /opt/airflow/dags/nyc_taxi_ingest.py for tasks to queue
[2026-08-11T13:46:54.810+0000] {logging_mixin.py:188} INFO - [2026-08-11T13:46:54.809+0000] {dagbag.py:545} INFO - Filling up the DagBag from /opt/airflow/dags/nyc_taxi_ingest.py
[2026-08-11T13:46:55.586+0000] {processor.py:840} INFO - DAG(s) 'nyc_taxi_ingest' retrieved from /opt/airflow/dags/nyc_taxi_ingest.py
[2026-08-11T13:46:55.609+0000] {logging_mixin.py:188} INFO - [2026-08-11T13:46:55.608+0000] {dag.py:3089} INFO - Sync 1 DAGs
[2026-08-11T13:46:55.627+0000] {logging_mixin.py:188} INFO - [2026-08-11T13:46:55.627+0000] {dag.py:3947} INFO - Setting next_dagrun for nyc_taxi_ingest to None, run_after=None
[2026-08-11T13:46:55.647+0000] {processor.py:183} INFO - Processing /opt/airflow/dags/nyc_taxi_ingest.py took 0.849 seconds
[2026-08-11T13:47:25.729+0000] {processor.py:161} INFO - Started process (PID=320) to work on /opt/airflow/dags/nyc_taxi_ingest.py
[2026-08-11T13:47:25.732+0000] {processor.py:830} INFO - Processing file /opt/airflow/dags/nyc_taxi_ingest.py for tasks to queue
[2026-08-11T13:47:25.736+0000] {logging_mixin.py:188} INFO - [2026-08-11T13:47:25.735+0000] {dagbag.py:545} INFO - Filling up the DagBag from /opt/airflow/dags/nyc_taxi_ingest.py
[2026-08-11T13:47:26.762+0000] {processor.py:840} INFO - DAG(s) 'nyc_taxi_ingest' retrieved from /opt/airflow/dags/nyc_taxi_ingest.py
[2026-08-11T13:47:26.811+0000] {logging_mixin.py:188} INFO - [2026-08-11T13:47:26.811+0000] {dag.py:3089} INFO - Sync 1 DAGs
[2026-08-11T13:47:26.853+0000] {logging_mixin.py:188} INFO - [2026-08-11T13:47:26.852+0000] {dag.py:3947} INFO - Setting next_dagrun for nyc_taxi_ingest to None, run_after=None
[2026-08-11T13:47:26.887+0000] {processor.py:183} INFO - Processing /opt/airflow/dags/nyc_taxi_ingest.py took 1.165 seconds
[2026-08-11T13:47:57.226+0000] {processor.py:161} INFO - Started process (PID=322) to work on /opt/airflow/dags/nyc_taxi_ingest.py
[2026-08-11T13:47:57.227+0000] {processor.py:830} INFO - Processing file /opt/airflow/dags/nyc_taxi_ingest.py for tasks to queue
[2026-08-11T13:47:57.229+0000] {logging_mixin.py:188} INFO - [2026-08-11T13:47:57.229+0000] {dagbag.py:545} INFO - Filling up the DagBag from /opt/airflow/dags/nyc_taxi_ingest.py
[2026-08-11T13:47:57.862+0000] {processor.py:840} INFO - DAG(s) 'nyc_taxi_ingest' retrieved from /opt/airflow/dags/nyc_taxi_ingest.py
[2026-08-11T13:47:57.889+0000] {logging_mixin.py:188} INFO - [2026-08-11T13:47:57.888+0000] {dag.py:3089} INFO - Sync 1 DAGs
[2026-08-11T13:47:57.908+0000] {logging_mixin.py:188} INFO - [2026-08-11T13:47:57.908+0000] {dag.py:3947} INFO - Setting next_dagrun for nyc_taxi_ingest to None, run_after=None
[2026-08-11T13:47:57.927+0000] {processor.py:183} INFO - Processing /opt/airflow/dags/nyc_taxi_ingest.py took 0.708 seconds
[2026-08-11T13:48:28.180+0000] {processor.py:161} INFO - Started process (PID=324) to work on /opt/airflow/dags/nyc_taxi_ingest.py
[2026-08-11T13:48:28.181+0000] {processor.py:830} INFO - Processing file /opt/airflow/dags/nyc_taxi_ingest.py for tasks to queue
[2026-08-11T13:48:28.185+0000] {logging_mixin.py:188} INFO - [2026-08-11T13:48:28.184+0000] {dagbag.py:545} INFO - Filling up the DagBag from /opt/airflow/dags/nyc_taxi_ingest.py
[2026-08-11T13:48:28.817+0000] {processor.py:840} INFO - DAG(s) 'nyc_taxi_ingest' retrieved from /opt/airflow/dags/nyc_taxi_ingest.py
[2026-08-11T13:48:28.842+0000] {logging_mixin.py:188} INFO - [2026-08-11T13:48:28.842+0000] {dag.py:3089} INFO - Sync 1 DAGs
[2026-08-11T13:48:28.859+0000] {logging_mixin.py:188} INFO - [2026-08-11T13:48:28.859+0000] {dag.py:3947} INFO - Setting next_dagrun for nyc_taxi_ingest to None, run_after=None
[2026-08-11T13:48:28.876+0000] {processor.py:183} INFO - Processing /opt/airflow/dags/nyc_taxi_ingest.py took 0.704 seconds
[2026-08-11T13:48:59.129+0000] {processor.py:161} INFO - Started process (PID=326) to work on /opt/airflow/dags/nyc_taxi_ingest.py
[2026-08-11T13:48:59.131+0000] {processor.py:830} INFO - Processing file /opt/airflow/dags/nyc_taxi_ingest.py for tasks to queue
[2026-08-11T13:48:59.133+0000] {logging_mixin.py:188} INFO - [2026-08-11T13:48:59.133+0000] {dagbag.py:545} INFO - Filling up the DagBag from /opt/airflow/dags/nyc_taxi_ingest.py
[2026-08-11T13:48:59.782+0000] {processor.py:840} INFO - DAG(s) 'nyc_taxi_ingest' retrieved from /opt/airflow/dags/nyc_taxi_ingest.py
[2026-08-11T13:48:59.809+0000] {logging_mixin.py:188} INFO - [2026-08-11T13:48:59.809+0000] {dag.py:3089} INFO - Sync 1 DAGs
[2026-08-11T13:48:59.828+0000] {logging_mixin.py:188} INFO - [2026-08-11T13:48:59.828+0000] {dag.py:3947} INFO - Setting next_dagrun for nyc_taxi_ingest to None, run_after=None
[2026-08-11T13:48:59.847+0000] {processor.py:183} INFO - Processing /opt/airflow/dags/nyc_taxi_ingest.py took 0.726 seconds
[2026-08-11T13:49:30.070+0000] {processor.py:161} INFO - Started process (PID=328) to work on /opt/airflow/dags/nyc_taxi_ingest.py
[2026-08-11T13:49:30.071+0000] {processor.py:830} INFO - Processing file /opt/airflow/dags/nyc_taxi_ingest.py for tasks to queue
[2026-08-11T13:49:30.074+0000] {logging_mixin.py:188} INFO - [2026-08-11T13:49:30.073+0000] {dagbag.py:545} INFO - Filling up the DagBag from /opt/airflow/dags/nyc_taxi_ingest.py
[2026-08-11T13:49:30.729+0000] {processor.py:840} INFO - DAG(s) 'nyc_taxi_ingest' retrieved from /opt/airflow/dags/nyc_taxi_ingest.py
[2026-08-11T13:49:30.754+0000] {logging_mixin.py:188} INFO - [2026-08-11T13:49:30.754+0000] {dag.py:3089} INFO - Sync 1 DAGs
[2026-08-11T13:49:30.773+0000] {logging_mixin.py:188} INFO - [2026-08-11T13:49:30.773+0000] {dag.py:3947} INFO - Setting next_dagrun for nyc_taxi_ingest to None, run_after=None
[2026-08-11T13:49:30.790+0000] {processor.py:183} INFO - Processing /opt/airflow/dags/nyc_taxi_ingest.py took 0.730 seconds
[2026-08-11T13:50:01.072+0000] {processor.py:161} INFO - Started process (PID=330) to work on /opt/airflow/dags/nyc_taxi_ingest.py
[2026-08-11T13:50:01.073+0000] {processor.py:830} INFO - Processing file /opt/airflow/dags/nyc_taxi_ingest.py for tasks to queue
[2026-08-11T13:50:01.075+0000] {logging_mixin.py:188} INFO - [2026-08-11T13:50:01.075+0000] {dagbag.py:545} INFO - Filling up the DagBag from /opt/airflow/dags/nyc_taxi_ingest.py
[2026-08-11T13:50:01.574+0000] {processor.py:840} INFO - DAG(s) 'nyc_taxi_ingest' retrieved from /opt/airflow/dags/nyc_taxi_ingest.py
[2026-08-11T13:50:01.593+0000] {logging_mixin.py:188} INFO - [2026-08-11T13:50:01.593+0000] {dag.py:3089} INFO - Sync 1 DAGs
[2026-08-11T13:50:01.607+0000] {logging_mixin.py:188} INFO - [2026-08-11T13:50:01.607+0000] {dag.py:3947} INFO - Setting next_dagrun for nyc_taxi_ingest to None, run_after=None
[2026-08-11T13:50:01.622+0000] {processor.py:183} INFO - Processing /opt/airflow/dags/nyc_taxi_ingest.py took 0.555 seconds
[2026-08-11T13:50:31.838+0000] {processor.py:161} INFO - Started process (PID=332) to work on /opt/airflow/dags/nyc_taxi_ingest.py
[2026-08-11T13:50:31.839+0000] {processor.py:830} INFO - Processing file /opt/airflow/dags/nyc_taxi_ingest.py for tasks to queue
[2026-08-11T13:50:31.842+0000] {logging_mixin.py:188} INFO - [2026-08-11T13:50:31.841+0000] {dagbag.py:545} INFO - Filling up the DagBag from /opt/airflow/dags/nyc_taxi_ingest.py
[2026-08-11T13:50:32.667+0000] {processor.py:840} INFO - DAG(s) 'nyc_taxi_ingest' retrieved from /opt/airflow/dags/nyc_taxi_ingest.py
[2026-08-11T13:50:32.689+0000] {logging_mixin.py:188} INFO - [2026-08-11T13:50:32.688+0000] {dag.py:3089} INFO - Sync 1 DAGs
[2026-08-11T13:50:32.704+0000] {logging_mixin.py:188} INFO - [2026-08-11T13:50:32.704+0000] {dag.py:3947} INFO - Setting next_dagrun for nyc_taxi_ingest to None, run_after=None
[2026-08-11T13:50:32.720+0000] {processor.py:183} INFO - Processing /opt/airflow/dags/nyc_taxi_ingest.py took 0.887 seconds
[2026-08-11T13:51:02.988+0000] {processor.py:161} INFO - Started process (PID=334) to work on /opt/airflow/dags/nyc_taxi_ingest.py
[2026-08-11T13:51:02.989+0000] {processor.py:830} INFO - Processing file /opt/airflow/dags/nyc_taxi_ingest.py for tasks to queue
[2026-08-11T13:51:02.991+0000] {logging_mixin.py:188} INFO - [2026-08-11T13:51:02.991+0000] {dagbag.py:545} INFO - Filling up the DagBag from /opt/airflow/dags/nyc_taxi_ingest.py
[2026-08-11T13:51:03.473+0000] {processor.py:840} INFO - DAG(s) 'nyc_taxi_ingest' retrieved from /opt/airflow/dags/nyc_taxi_ingest.py
[2026-08-11T13:51:03.492+0000] {logging_mixin.py:188} INFO - [2026-08-11T13:51:03.492+0000] {dag.py:3089} INFO - Sync 1 DAGs
[2026-08-11T13:51:03.505+0000] {logging_mixin.py:188} INFO - [2026-08-11T13:51:03.505+0000] {dag.py:3947} INFO - Setting next_dagrun for nyc_taxi_ingest to None, run_after=None
[2026-08-11T13:51:03.519+0000] {processor.py:183} INFO - Processing /opt/airflow/dags/nyc_taxi_ingest.py took 0.537 seconds
[2026-08-11T13:51:33.738+0000] {processor.py:161} INFO - Started process (PID=336) to work on /opt/airflow/dags/nyc_taxi_ingest.py
[2026-08-11T13:51:33.739+0000] {processor.py:830} INFO - Processing file /opt/airflow/dags/nyc_taxi_ingest.py for tasks to queue
[2026-08-11T13:51:33.741+0000] {logging_mixin.py:188} INFO - [2026-08-11T13:51:33.741+0000] {dagbag.py:545} INFO - Filling up the DagBag from /opt/airflow/dags/nyc_taxi_ingest.py
[2026-08-11T13:51:34.214+0000] {processor.py:840} INFO - DAG(s) 'nyc_taxi_ingest' retrieved from /opt/airflow/dags/nyc_taxi_ingest.py
[2026-08-11T13:51:34.232+0000] {logging_mixin.py:188} INFO - [2026-08-11T13:51:34.232+0000] {dag.py:3089} INFO - Sync 1 DAGs
[2026-08-11T13:51:34.245+0000] {logging_mixin.py:188} INFO - [2026-08-11T13:51:34.245+0000] {dag.py:3947} INFO - Setting next_dagrun for nyc_taxi_ingest to None, run_after=None
[2026-08-11T13:51:34.260+0000] {processor.py:183} INFO - Processing /opt/airflow/dags/nyc_taxi_ingest.py took 0.528 seconds
[2026-08-11T13:52:04.409+0000] {processor.py:161} INFO - Started process (PID=338) to work on /opt/airflow/dags/nyc_taxi_ingest.py
[2026-08-11T13:52:04.410+0000] {processor.py:830} INFO - Processing file /opt/airflow/dags/nyc_taxi_ingest.py for tasks to queue
[2026-08-11T13:52:04.412+0000] {logging_mixin.py:188} INFO - [2026-08-11T13:52:04.411+0000] {dagbag.py:545} INFO - Filling up the DagBag from /opt/airflow/dags/nyc_taxi_ingest.py
[2026-08-11T13:52:04.912+0000] {processor.py:840} INFO - DAG(s) 'nyc_taxi_ingest' retrieved from /opt/airflow/dags/nyc_taxi_ingest.py
[2026-08-11T13:52:04.932+0000] {logging_mixin.py:188} INFO - [2026-08-11T13:52:04.932+0000] {dag.py:3089} INFO - Sync 1 DAGs
[2026-08-11T13:52:04.946+0000] {logging_mixin.py:188} INFO - [2026-08-11T13:52:04.945+0000] {dag.py:3947} INFO - Setting next_dagrun for nyc_taxi_ingest to None, run_after=None
[2026-08-11T13:52:04.960+0000] {processor.py:183} INFO - Processing /opt/airflow/dags/nyc_taxi_ingest.py took 0.557 seconds
[2026-08-11T13:52:35.238+0000] {processor.py:161} INFO - Started process (PID=340) to work on /opt/airflow/dags/nyc_taxi_ingest.py
[2026-08-11T13:52:35.239+0000] {processor.py:830} INFO - Processing file /opt/airflow/dags/nyc_taxi_ingest.py for tasks to queue
[2026-08-11T13:52:35.241+0000] {logging_mixin.py:188} INFO - [2026-08-11T13:52:35.241+0000] {dagbag.py:545} INFO - Filling up the DagBag from /opt/airflow/dags/nyc_taxi_ingest.py
[2026-08-11T13:52:35.704+0000] {processor.py:840} INFO - DAG(s) 'nyc_taxi_ingest' retrieved from /opt/airflow/dags/nyc_taxi_ingest.py
[2026-08-11T13:52:35.722+0000] {logging_mixin.py:188} INFO - [2026-08-11T13:52:35.722+0000] {dag.py:3089} INFO - Sync 1 DAGs
[2026-08-11T13:52:35.737+0000] {logging_mixin.py:188} INFO - [2026-08-11T13:52:35.736+0000] {dag.py:3947} INFO - Setting next_dagrun for nyc_taxi_ingest to None, run_after=None
[2026-08-11T13:52:35.751+0000] {processor.py:183} INFO - Processing /opt/airflow/dags/nyc_taxi_ingest.py took 0.518 seconds
[2026-08-11T13:53:05.884+0000] {processor.py:161} INFO - Started process (PID=342) to work on /opt/airflow/dags/nyc_taxi_ingest.py
[2026-08-11T13:53:05.885+0000] {processor.py:830} INFO - Processing file /opt/airflow/dags/nyc_taxi_ingest.py for tasks to queue
[2026-08-11T13:53:05.887+0000] {logging_mixin.py:188} INFO - [2026-08-11T13:53:05.887+0000] {dagbag.py:545} INFO - Filling up the DagBag from /opt/airflow/dags/nyc_taxi_ingest.py
[2026-08-11T13:53:06.355+0000] {processor.py:840} INFO - DAG(s) 'nyc_taxi_ingest' retrieved from /opt/airflow/dags/nyc_taxi_ingest.py
[2026-08-11T13:53:06.374+0000] {logging_mixin.py:188} INFO - [2026-08-11T13:53:06.374+0000] {dag.py:3089} INFO - Sync 1 DAGs
[2026-08-11T13:53:06.388+0000] {logging_mixin.py:188} INFO - [2026-08-11T13:53:06.388+0000] {dag.py:3947} INFO - Setting next_dagrun for nyc_taxi_ingest to None, run_after=None
[2026-08-11T13:53:06.403+0000] {processor.py:183} INFO - Processing /opt/airflow/dags/nyc_taxi_ingest.py took 0.524 seconds
[2026-08-11T13:53:36.631+0000] {processor.py:161} INFO - Started process (PID=344) to work on /opt/airflow/dags/nyc_taxi_ingest.py
[2026-08-11T13:53:36.632+0000] {processor.py:830} INFO - Processing file /opt/airflow/dags/nyc_taxi_ingest.py for tasks to queue
[2026-08-11T13:53:36.634+0000] {logging_mixin.py:188} INFO - [2026-08-11T13:53:36.633+0000] {dagbag.py:545} INFO - Filling up the DagBag from /opt/airflow/dags/nyc_taxi_ingest.py
[2026-08-11T13:53:37.085+0000] {processor.py:840} INFO - DAG(s) 'nyc_taxi_ingest' retrieved from /opt/airflow/dags/nyc_taxi_ingest.py
[2026-08-11T13:53:37.105+0000] {logging_mixin.py:188} INFO - [2026-08-11T13:53:37.105+0000] {dag.py:3089} INFO - Sync 1 DAGs
[2026-08-11T13:53:37.118+0000] {logging_mixin.py:188} INFO - [2026-08-11T13:53:37.118+0000] {dag.py:3947} INFO - Setting next_dagrun for nyc_taxi_ingest to None, run_after=None
[2026-08-11T13:53:37.136+0000] {processor.py:183} INFO - Processing /opt/airflow/dags/nyc_taxi_ingest.py took 0.511 seconds
[2026-08-11T13:54:07.362+0000] {processor.py:161} INFO - Started process (PID=346) to work on /opt/airflow/dags/nyc_taxi_ingest.py
[2026-08-11T13:54:07.363+0000] {processor.py:830} INFO - Processing file /opt/airflow/dags/nyc_taxi_ingest.py for tasks to queue
[2026-08-11T13:54:07.365+0000] {logging_mixin.py:188} INFO - [2026-08-11T13:54:07.365+0000] {dagbag.py:545} INFO - Filling up the DagBag from /opt/airflow/dags/nyc_taxi_ingest.py
[2026-08-11T13:54:07.913+0000] {processor.py:840} INFO - DAG(s) 'nyc_taxi_ingest' retrieved from /opt/airflow/dags/nyc_taxi_ingest.py
[2026-08-11T13:54:07.934+0000] {logging_mixin.py:188} INFO - [2026-08-11T13:54:07.934+0000] {dag.py:3089} INFO - Sync 1 DAGs
[2026-08-11T13:54:07.949+0000] {logging_mixin.py:188} INFO - [2026-08-11T13:54:07.949+0000] {dag.py:3947} INFO - Setting next_dagrun for nyc_taxi_ingest to None, run_after=None
[2026-08-11T13:54:07.965+0000] {processor.py:183} INFO - Processing /opt/airflow/dags/nyc_taxi_ingest.py took 0.610 seconds
[2026-08-11T13:54:38.187+0000] {processor.py:161} INFO - Started process (PID=348) to work on /opt/airflow/dags/nyc_taxi_ingest.py
[2026-08-11T13:54:38.188+0000] {processor.py:830} INFO - Processing file /opt/airflow/dags/nyc_taxi_ingest.py for tasks to queue
[2026-08-11T13:54:38.190+0000] {logging_mixin.py:188} INFO - [2026-08-11T13:54:38.190+0000] {dagbag.py:545} INFO - Filling up the DagBag from /opt/airflow/dags/nyc_taxi_ingest.py
[2026-08-11T13:54:38.716+0000] {processor.py:840} INFO - DAG(s) 'nyc_taxi_ingest' retrieved from /opt/airflow/dags/nyc_taxi_ingest.py
[2026-08-11T13:54:38.737+0000] {logging_mixin.py:188} INFO - [2026-08-11T13:54:38.737+0000] {dag.py:3089} INFO - Sync 1 DAGs
[2026-08-11T13:54:38.754+0000] {logging_mixin.py:188} INFO - [2026-08-11T13:54:38.754+0000] {dag.py:3947} INFO - Setting next_dagrun for nyc_taxi_ingest to None, run_after=None
[2026-08-11T13:54:38.770+0000] {processor.py:183} INFO - Processing /opt/airflow/dags/nyc_taxi_ingest.py took 0.588 seconds
[2026-08-11T13:55:09.013+0000] {processor.py:161} INFO - Started process (PID=350) to work on /opt/airflow/dags/nyc_taxi_ingest.py
[2026-08-11T13:55:09.015+0000] {processor.py:830} INFO - Processing file /opt/airflow/dags/nyc_taxi_ingest.py for tasks to queue
[2026-08-11T13:55:09.017+0000] {logging_mixin.py:188} INFO - [2026-08-11T13:55:09.017+0000] {dagbag.py:545} INFO - Filling up the DagBag from /opt/airflow/dags/nyc_taxi_ingest.py
[2026-08-11T13:55:09.821+0000] {processor.py:840} INFO - DAG(s) 'nyc_taxi_ingest' retrieved from /opt/airflow/dags/nyc_taxi_ingest.py
[2026-08-11T13:55:09.855+0000] {logging_mixin.py:188} INFO - [2026-08-11T13:55:09.855+0000] {dag.py:3089} INFO - Sync 1 DAGs
[2026-08-11T13:55:09.881+0000] {logging_mixin.py:188} INFO - [2026-08-11T13:55:09.881+0000] {dag.py:3947} INFO - Setting next_dagrun for nyc_taxi_ingest to None, run_after=None
[2026-08-11T13:55:09.904+0000] {processor.py:183} INFO - Processing /opt/airflow/dags/nyc_taxi_ingest.py took 0.898 seconds
[2026-08-11T13:55:40.245+0000] {processor.py:161} INFO - Started process (PID=352) to work on /opt/airflow/dags/nyc_taxi_ingest.py
[2026-08-11T13:55:40.321+0000] {processor.py:830} INFO - Processing file /opt/airflow/dags/nyc_taxi_ingest.py for tasks to queue
[2026-08-11T13:55:40.361+0000] {logging_mixin.py:188} INFO - [2026-08-11T13:55:40.350+0000] {dagbag.py:545} INFO - Filling up the DagBag from /opt/airflow/dags/nyc_taxi_ingest.py
[2026-08-11T13:55:44.224+0000] {processor.py:840} INFO - DAG(s) 'nyc_taxi_ingest' retrieved from /opt/airflow/dags/nyc_taxi_ingest.py
[2026-08-11T13:55:44.271+0000] {logging_mixin.py:188} INFO - [2026-08-11T13:55:44.270+0000] {dag.py:3089} INFO - Sync 1 DAGs
[2026-08-11T13:55:44.312+0000] {logging_mixin.py:188} INFO - [2026-08-11T13:55:44.311+0000] {dag.py:3947} INFO - Setting next_dagrun for nyc_taxi_ingest to None, run_after=None
[2026-08-11T13:55:44.343+0000] {processor.py:183} INFO - Processing /opt/airflow/dags/nyc_taxi_ingest.py took 4.118 seconds
[2026-08-11T13:56:14.665+0000] {processor.py:161} INFO - Started process (PID=354) to work on /opt/airflow/dags/nyc_taxi_ingest.py
[2026-08-11T13:56:14.667+0000] {processor.py:830} INFO - Processing file /opt/airflow/dags/nyc_taxi_ingest.py for tasks to queue
[2026-08-11T13:56:14.670+0000] {logging_mixin.py:188} INFO - [2026-08-11T13:56:14.670+0000] {dagbag.py:545} INFO - Filling up the DagBag from /opt/airflow/dags/nyc_taxi_ingest.py
[2026-08-11T13:56:15.533+0000] {processor.py:840} INFO - DAG(s) 'nyc_taxi_ingest' retrieved from /opt/airflow/dags/nyc_taxi_ingest.py
[2026-08-11T13:56:15.568+0000] {logging_mixin.py:188} INFO - [2026-08-11T13:56:15.567+0000] {dag.py:3089} INFO - Sync 1 DAGs
[2026-08-11T13:56:15.592+0000] {logging_mixin.py:188} INFO - [2026-08-11T13:56:15.592+0000] {dag.py:3947} INFO - Setting next_dagrun for nyc_taxi_ingest to None, run_after=None
[2026-08-11T13:56:15.623+0000] {processor.py:183} INFO - Processing /opt/airflow/dags/nyc_taxi_ingest.py took 0.972 seconds
[2026-08-11T13:56:46.789+0000] {processor.py:161} INFO - Started process (PID=356) to work on /opt/airflow/dags/nyc_taxi_ingest.py
[2026-08-11T13:56:46.798+0000] {processor.py:830} INFO - Processing file /opt/airflow/dags/nyc_taxi_ingest.py for tasks to queue
[2026-08-11T13:56:46.807+0000] {logging_mixin.py:188} INFO - [2026-08-11T13:56:46.806+0000] {dagbag.py:545} INFO - Filling up the DagBag from /opt/airflow/dags/nyc_taxi_ingest.py
[2026-08-11T16:39:19.688+0000] {processor.py:161} INFO - Started process (PID=358) to work on /opt/airflow/dags/nyc_taxi_ingest.py
[2026-08-11T16:39:19.691+0000] {processor.py:830} INFO - Processing file /opt/airflow/dags/nyc_taxi_ingest.py for tasks to queue
[2026-08-11T16:39:19.694+0000] {logging_mixin.py:188} INFO - [2026-08-11T16:39:19.693+0000] {dagbag.py:545} INFO - Filling up the DagBag from /opt/airflow/dags/nyc_taxi_ingest.py
[2026-08-11T16:39:21.058+0000] {processor.py:840} INFO - DAG(s) 'nyc_taxi_ingest' retrieved from /opt/airflow/dags/nyc_taxi_ingest.py
[2026-08-11T16:39:21.376+0000] {logging_mixin.py:188} INFO - [2026-08-11T16:39:21.375+0000] {dag.py:3089} INFO - Sync 1 DAGs
[2026-08-11T16:39:21.398+0000] {logging_mixin.py:188} INFO - [2026-08-11T16:39:21.398+0000] {dag.py:3947} INFO - Setting next_dagrun for nyc_taxi_ingest to None, run_after=None
[2026-08-11T16:39:21.427+0000] {processor.py:183} INFO - Processing /opt/airflow/dags/nyc_taxi_ingest.py took 1.758 seconds
[2026-08-11T16:39:52.048+0000] {processor.py:161} INFO - Started process (PID=360) to work on /opt/airflow/dags/nyc_taxi_ingest.py
[2026-08-11T16:39:52.051+0000] {processor.py:830} INFO - Processing file /opt/airflow/dags/nyc_taxi_ingest.py for tasks to queue
[2026-08-11T16:39:52.053+0000] {logging_mixin.py:188} INFO - [2026-08-11T16:39:52.052+0000] {dagbag.py:545} INFO - Filling up the DagBag from /opt/airflow/dags/nyc_taxi_ingest.py
[2026-08-11T16:39:53.683+0000] {processor.py:840} INFO - DAG(s) 'nyc_taxi_ingest' retrieved from /opt/airflow/dags/nyc_taxi_ingest.py
[2026-08-11T16:39:53.715+0000] {logging_mixin.py:188} INFO - [2026-08-11T16:39:53.715+0000] {dag.py:3089} INFO - Sync 1 DAGs
[2026-08-11T16:39:53.737+0000] {logging_mixin.py:188} INFO - [2026-08-11T16:39:53.737+0000] {dag.py:3947} INFO - Setting next_dagrun for nyc_taxi_ingest to None, run_after=None
[2026-08-11T16:39:53.773+0000] {processor.py:183} INFO - Processing /opt/airflow/dags/nyc_taxi_ingest.py took 1.746 seconds
[2026-08-11T16:40:24.313+0000] {processor.py:161} INFO - Started process (PID=362) to work on /opt/airflow/dags/nyc_taxi_ingest.py
[2026-08-11T16:40:24.317+0000] {processor.py:830} INFO - Processing file /opt/airflow/dags/nyc_taxi_ingest.py for tasks to queue
[2026-08-11T16:40:24.319+0000] {logging_mixin.py:188} INFO - [2026-08-11T16:40:24.319+0000] {dagbag.py:545} INFO - Filling up the DagBag from /opt/airflow/dags/nyc_taxi_ingest.py
[2026-08-11T16:40:25.706+0000] {processor.py:840} INFO - DAG(s) 'nyc_taxi_ingest' retrieved from /opt/airflow/dags/nyc_taxi_ingest.py
[2026-08-11T16:40:25.747+0000] {logging_mixin.py:188} INFO - [2026-08-11T16:40:25.746+0000] {dag.py:3089} INFO - Sync 1 DAGs
[2026-08-11T16:40:25.767+0000] {logging_mixin.py:188} INFO - [2026-08-11T16:40:25.766+0000] {dag.py:3947} INFO - Setting next_dagrun for nyc_taxi_ingest to None, run_after=None
[2026-08-11T16:40:25.792+0000] {processor.py:183} INFO - Processing /opt/airflow/dags/nyc_taxi_ingest.py took 1.492 seconds
[2026-08-11T16:40:56.173+0000] {processor.py:161} INFO - Started process (PID=364) to work on /opt/airflow/dags/nyc_taxi_ingest.py
[2026-08-11T16:40:56.176+0000] {processor.py:830} INFO - Processing file /opt/airflow/dags/nyc_taxi_ingest.py for tasks to queue
[2026-08-11T16:40:56.178+0000] {logging_mixin.py:188} INFO - [2026-08-11T16:40:56.178+0000] {dagbag.py:545} INFO - Filling up the DagBag from /opt/airflow/dags/nyc_taxi_ingest.py
[2026-08-11T16:40:57.360+0000] {processor.py:840} INFO - DAG(s) 'nyc_taxi_ingest' retrieved from /opt/airflow/dags/nyc_taxi_ingest.py
[2026-08-11T16:40:57.416+0000] {logging_mixin.py:188} INFO - [2026-08-11T16:40:57.415+0000] {dag.py:3089} INFO - Sync 1 DAGs
[2026-08-11T16:40:57.465+0000] {logging_mixin.py:188} INFO - [2026-08-11T16:40:57.465+0000] {dag.py:3947} INFO - Setting next_dagrun for nyc_taxi_ingest to None, run_after=None
[2026-08-11T16:40:57.509+0000] {processor.py:183} INFO - Processing /opt/airflow/dags/nyc_taxi_ingest.py took 1.354 seconds
[2026-08-11T16:41:28.018+0000] {processor.py:161} INFO - Started process (PID=366) to work on /opt/airflow/dags/nyc_taxi_ingest.py
[2026-08-11T16:41:28.022+0000] {processor.py:830} INFO - Processing file /opt/airflow/dags/nyc_taxi_ingest.py for tasks to queue
[2026-08-11T16:41:28.026+0000] {logging_mixin.py:188} INFO - [2026-08-11T16:41:28.024+0000] {dagbag.py:545} INFO - Filling up the DagBag from /opt/airflow/dags/nyc_taxi_ingest.py
[2026-08-11T16:41:29.298+0000] {processor.py:840} INFO - DAG(s) 'nyc_taxi_ingest' retrieved from /opt/airflow/dags/nyc_taxi_ingest.py
[2026-08-11T16:41:29.353+0000] {logging_mixin.py:188} INFO - [2026-08-11T16:41:29.352+0000] {dag.py:3089} INFO - Sync 1 DAGs
[2026-08-11T16:41:29.400+0000] {logging_mixin.py:188} INFO - [2026-08-11T16:41:29.399+0000] {dag.py:3947} INFO - Setting next_dagrun for nyc_taxi_ingest to None, run_after=None
[2026-08-11T16:41:29.448+0000] {processor.py:183} INFO - Processing /opt/airflow/dags/nyc_taxi_ingest.py took 1.451 seconds
[2026-08-11T16:41:59.760+0000] {processor.py:161} INFO - Started process (PID=368) to work on /opt/airflow/dags/nyc_taxi_ingest.py
[2026-08-11T16:41:59.762+0000] {processor.py:830} INFO - Processing file /opt/airflow/dags/nyc_taxi_ingest.py for tasks to queue
[2026-08-11T16:41:59.765+0000] {logging_mixin.py:188} INFO - [2026-08-11T16:41:59.764+0000] {dagbag.py:545} INFO - Filling up the DagBag from /opt/airflow/dags/nyc_taxi_ingest.py
[2026-08-11T16:42:00.727+0000] {processor.py:840} INFO - DAG(s) 'nyc_taxi_ingest' retrieved from /opt/airflow/dags/nyc_taxi_ingest.py
[2026-08-11T16:42:00.784+0000] {logging_mixin.py:188} INFO - [2026-08-11T16:42:00.783+0000] {dag.py:3089} INFO - Sync 1 DAGs
[2026-08-11T16:42:00.823+0000] {logging_mixin.py:188} INFO - [2026-08-11T16:42:00.823+0000] {dag.py:3947} INFO - Setting next_dagrun for nyc_taxi_ingest to None, run_after=None
[2026-08-11T16:42:00.855+0000] {processor.py:183} INFO - Processing /opt/airflow/dags/nyc_taxi_ingest.py took 1.107 seconds
[2026-08-11T16:42:31.152+0000] {processor.py:161} INFO - Started process (PID=370) to work on /opt/airflow/dags/nyc_taxi_ingest.py
[2026-08-11T16:42:31.156+0000] {processor.py:830} INFO - Processing file /opt/airflow/dags/nyc_taxi_ingest.py for tasks to queue
[2026-08-11T16:42:31.159+0000] {logging_mixin.py:188} INFO - [2026-08-11T16:42:31.158+0000] {dagbag.py:545} INFO - Filling up the DagBag from /opt/airflow/dags/nyc_taxi_ingest.py
[2026-08-11T16:42:32.525+0000] {processor.py:840} INFO - DAG(s) 'nyc_taxi_ingest' retrieved from /opt/airflow/dags/nyc_taxi_ingest.py
[2026-08-11T16:42:32.569+0000] {logging_mixin.py:188} INFO - [2026-08-11T16:42:32.568+0000] {dag.py:3089} INFO - Sync 1 DAGs
[2026-08-11T16:42:32.596+0000] {logging_mixin.py:188} INFO - [2026-08-11T16:42:32.596+0000] {dag.py:3947} INFO - Setting next_dagrun for nyc_taxi_ingest to None, run_after=None
[2026-08-11T16:42:32.627+0000] {processor.py:183} INFO - Processing /opt/airflow/dags/nyc_taxi_ingest.py took 1.498 seconds
[2026-08-11T16:43:02.998+0000] {processor.py:161} INFO - Started process (PID=372) to work on /opt/airflow/dags/nyc_taxi_ingest.py
[2026-08-11T16:43:03.000+0000] {processor.py:830} INFO - Processing file /opt/airflow/dags/nyc_taxi_ingest.py for tasks to queue
[2026-08-11T16:43:03.002+0000] {logging_mixin.py:188} INFO - [2026-08-11T16:43:03.002+0000] {dagbag.py:545} INFO - Filling up the DagBag from /opt/airflow/dags/nyc_taxi_ingest.py
[2026-08-11T16:43:04.325+0000] {processor.py:840} INFO - DAG(s) 'nyc_taxi_ingest' retrieved from /opt/airflow/dags/nyc_taxi_ingest.py
[2026-08-11T16:43:04.379+0000] {logging_mixin.py:188} INFO - [2026-08-11T16:43:04.378+0000] {dag.py:3089} INFO - Sync 1 DAGs
[2026-08-11T16:43:04.424+0000] {logging_mixin.py:188} INFO - [2026-08-11T16:43:04.424+0000] {dag.py:3947} INFO - Setting next_dagrun for nyc_taxi_ingest to None, run_after=None
[2026-08-11T16:43:04.465+0000] {processor.py:183} INFO - Processing /opt/airflow/dags/nyc_taxi_ingest.py took 1.479 seconds
[2026-08-11T16:43:34.797+0000] {processor.py:161} INFO - Started process (PID=374) to work on /opt/airflow/dags/nyc_taxi_ingest.py
[2026-08-11T16:43:34.800+0000] {processor.py:830} INFO - Processing file /opt/airflow/dags/nyc_taxi_ingest.py for tasks to queue
[2026-08-11T16:43:34.802+0000] {logging_mixin.py:188} INFO - [2026-08-11T16:43:34.801+0000] {dagbag.py:545} INFO - Filling up the DagBag from /opt/airflow/dags/nyc_taxi_ingest.py
[2026-08-11T16:43:36.222+0000] {processor.py:840} INFO - DAG(s) 'nyc_taxi_ingest' retrieved from /opt/airflow/dags/nyc_taxi_ingest.py
[2026-08-11T16:43:36.281+0000] {logging_mixin.py:188} INFO - [2026-08-11T16:43:36.280+0000] {dag.py:3089} INFO - Sync 1 DAGs
[2026-08-11T16:43:36.328+0000] {logging_mixin.py:188} INFO - [2026-08-11T16:43:36.327+0000] {dag.py:3947} INFO - Setting next_dagrun for nyc_taxi_ingest to None, run_after=None
[2026-08-11T16:43:36.375+0000] {processor.py:183} INFO - Processing /opt/airflow/dags/nyc_taxi_ingest.py took 1.595 seconds
[2026-08-11T16:44:06.790+0000] {processor.py:161} INFO - Started process (PID=376) to work on /opt/airflow/dags/nyc_taxi_ingest.py
[2026-08-11T16:44:06.792+0000] {processor.py:830} INFO - Processing file /opt/airflow/dags/nyc_taxi_ingest.py for tasks to queue
[2026-08-11T16:44:06.794+0000] {logging_mixin.py:188} INFO - [2026-08-11T16:44:06.794+0000] {dagbag.py:545} INFO - Filling up the DagBag from /opt/airflow/dags/nyc_taxi_ingest.py
[2026-08-11T16:44:07.926+0000] {processor.py:840} INFO - DAG(s) 'nyc_taxi_ingest' retrieved from /opt/airflow/dags/nyc_taxi_ingest.py
[2026-08-11T16:44:07.957+0000] {logging_mixin.py:188} INFO - [2026-08-11T16:44:07.957+0000] {dag.py:3089} INFO - Sync 1 DAGs
[2026-08-11T16:44:07.985+0000] {logging_mixin.py:188} INFO - [2026-08-11T16:44:07.984+0000] {dag.py:3947} INFO - Setting next_dagrun for nyc_taxi_ingest to None, run_after=None
[2026-08-11T16:44:08.015+0000] {processor.py:183} INFO - Processing /opt/airflow/dags/nyc_taxi_ingest.py took 1.237 seconds
[2026-08-11T16:44:38.470+0000] {processor.py:161} INFO - Started process (PID=378) to work on /opt/airflow/dags/nyc_taxi_ingest.py
[2026-08-11T16:44:38.473+0000] {processor.py:830} INFO - Processing file /opt/airflow/dags/nyc_taxi_ingest.py for tasks to queue
[2026-08-11T16:44:38.475+0000] {logging_mixin.py:188} INFO - [2026-08-11T16:44:38.474+0000] {dagbag.py:545} INFO - Filling up the DagBag from /opt/airflow/dags/nyc_taxi_ingest.py
[2026-08-11T16:44:39.285+0000] {processor.py:840} INFO - DAG(s) 'nyc_taxi_ingest' retrieved from /opt/airflow/dags/nyc_taxi_ingest.py
[2026-08-11T16:44:39.314+0000] {logging_mixin.py:188} INFO - [2026-08-11T16:44:39.314+0000] {dag.py:3089} INFO - Sync 1 DAGs
[2026-08-11T16:44:39.335+0000] {logging_mixin.py:188} INFO - [2026-08-11T16:44:39.335+0000] {dag.py:3947} INFO - Setting next_dagrun for nyc_taxi_ingest to None, run_after=None
[2026-08-11T16:44:39.357+0000] {processor.py:183} INFO - Processing /opt/airflow/dags/nyc_taxi_ingest.py took 0.897 seconds
[2026-08-11T16:45:09.726+0000] {processor.py:161} INFO - Started process (PID=380) to work on /opt/airflow/dags/nyc_taxi_ingest.py
[2026-08-11T16:45:09.729+0000] {processor.py:830} INFO - Processing file /opt/airflow/dags/nyc_taxi_ingest.py for tasks to queue
[2026-08-11T16:45:09.731+0000] {logging_mixin.py:188} INFO - [2026-08-11T16:45:09.731+0000] {dagbag.py:545} INFO - Filling up the DagBag from /opt/airflow/dags/nyc_taxi_ingest.py
[2026-08-11T16:45:10.570+0000] {processor.py:840} INFO - DAG(s) 'nyc_taxi_ingest' retrieved from /opt/airflow/dags/nyc_taxi_ingest.py
[2026-08-11T16:45:10.605+0000] {logging_mixin.py:188} INFO - [2026-08-11T16:45:10.605+0000] {dag.py:3089} INFO - Sync 1 DAGs
[2026-08-11T16:45:10.637+0000] {logging_mixin.py:188} INFO - [2026-08-11T16:45:10.637+0000] {dag.py:3947} INFO - Setting next_dagrun for nyc_taxi_ingest to None, run_after=None
[2026-08-11T16:45:10.668+0000] {processor.py:183} INFO - Processing /opt/airflow/dags/nyc_taxi_ingest.py took 0.948 seconds
[2026-08-11T16:45:41.192+0000] {processor.py:161} INFO - Started process (PID=382) to work on /opt/airflow/dags/nyc_taxi_ingest.py
[2026-08-11T16:45:41.194+0000] {processor.py:830} INFO - Processing file /opt/airflow/dags/nyc_taxi_ingest.py for tasks to queue
[2026-08-11T16:45:41.196+0000] {logging_mixin.py:188} INFO - [2026-08-11T16:45:41.196+0000] {dagbag.py:545} INFO - Filling up the DagBag from /opt/airflow/dags/nyc_taxi_ingest.py
[2026-08-11T16:45:42.033+0000] {processor.py:840} INFO - DAG(s) 'nyc_taxi_ingest' retrieved from /opt/airflow/dags/nyc_taxi_ingest.py
[2026-08-11T16:45:42.058+0000] {logging_mixin.py:188} INFO - [2026-08-11T16:45:42.058+0000] {dag.py:3089} INFO - Sync 1 DAGs
[2026-08-11T16:45:42.079+0000] {logging_mixin.py:188} INFO - [2026-08-11T16:45:42.079+0000] {dag.py:3947} INFO - Setting next_dagrun for nyc_taxi_ingest to None, run_after=None
[2026-08-11T16:45:42.102+0000] {processor.py:183} INFO - Processing /opt/airflow/dags/nyc_taxi_ingest.py took 0.923 seconds
[2026-08-11T16:46:12.431+0000] {processor.py:161} INFO - Started process (PID=384) to work on /opt/airflow/dags/nyc_taxi_ingest.py
[2026-08-11T16:46:12.434+0000] {processor.py:830} INFO - Processing file /opt/airflow/dags/nyc_taxi_ingest.py for tasks to queue
[2026-08-11T16:46:12.436+0000] {logging_mixin.py:188} INFO - [2026-08-11T16:46:12.435+0000] {dagbag.py:545} INFO - Filling up the DagBag from /opt/airflow/dags/nyc_taxi_ingest.py
[2026-08-11T16:46:13.491+0000] {processor.py:840} INFO - DAG(s) 'nyc_taxi_ingest' retrieved from /opt/airflow/dags/nyc_taxi_ingest.py
[2026-08-11T16:46:13.526+0000] {logging_mixin.py:188} INFO - [2026-08-11T16:46:13.526+0000] {dag.py:3089} INFO - Sync 1 DAGs
[2026-08-11T16:46:13.556+0000] {logging_mixin.py:188} INFO - [2026-08-11T16:46:13.556+0000] {dag.py:3947} INFO - Setting next_dagrun for nyc_taxi_ingest to None, run_after=None
[2026-08-11T16:46:13.586+0000] {processor.py:183} INFO - Processing /opt/airflow/dags/nyc_taxi_ingest.py took 1.167 seconds
[2026-08-11T16:46:43.731+0000] {processor.py:161} INFO - Started process (PID=386) to work on /opt/airflow/dags/nyc_taxi_ingest.py
[2026-08-11T16:46:43.733+0000] {processor.py:830} INFO - Processing file /opt/airflow/dags/nyc_taxi_ingest.py for tasks to queue
[2026-08-11T16:46:43.736+0000] {logging_mixin.py:188} INFO - [2026-08-11T16:46:43.735+0000] {dagbag.py:545} INFO - Filling up the DagBag from /opt/airflow/dags/nyc_taxi_ingest.py
[2026-08-11T16:46:44.673+0000] {processor.py:840} INFO - DAG(s) 'nyc_taxi_ingest' retrieved from /opt/airflow/dags/nyc_taxi_ingest.py
[2026-08-11T16:46:44.718+0000] {logging_mixin.py:188} INFO - [2026-08-11T16:46:44.717+0000] {dag.py:3089} INFO - Sync 1 DAGs
[2026-08-11T16:46:44.753+0000] {logging_mixin.py:188} INFO - [2026-08-11T16:46:44.753+0000] {dag.py:3947} INFO - Setting next_dagrun for nyc_taxi_ingest to None, run_after=None
[2026-08-11T16:46:44.802+0000] {processor.py:183} INFO - Processing /opt/airflow/dags/nyc_taxi_ingest.py took 1.085 seconds
[2026-08-11T16:47:15.063+0000] {processor.py:161} INFO - Started process (PID=388) to work on /opt/airflow/dags/nyc_taxi_ingest.py
[2026-08-11T16:47:15.066+0000] {processor.py:830} INFO - Processing file /opt/airflow/dags/nyc_taxi_ingest.py for tasks to queue
[2026-08-11T16:47:15.069+0000] {logging_mixin.py:188} INFO - [2026-08-11T16:47:15.068+0000] {dagbag.py:545} INFO - Filling up the DagBag from /opt/airflow/dags/nyc_taxi_ingest.py
[2026-08-11T16:47:16.436+0000] {processor.py:840} INFO - DAG(s) 'nyc_taxi_ingest' retrieved from /opt/airflow/dags/nyc_taxi_ingest.py
[2026-08-11T16:47:16.474+0000] {logging_mixin.py:188} INFO - [2026-08-11T16:47:16.474+0000] {dag.py:3089} INFO - Sync 1 DAGs
[2026-08-11T16:47:16.500+0000] {logging_mixin.py:188} INFO - [2026-08-11T16:47:16.499+0000] {dag.py:3947} INFO - Setting next_dagrun for nyc_taxi_ingest to None, run_after=None
[2026-08-11T16:47:16.523+0000] {processor.py:183} INFO - Processing /opt/airflow/dags/nyc_taxi_ingest.py took 1.472 seconds
[2026-08-11T16:47:46.911+0000] {processor.py:161} INFO - Started process (PID=390) to work on /opt/airflow/dags/nyc_taxi_ingest.py
[2026-08-11T16:47:46.915+0000] {processor.py:830} INFO - Processing file /opt/airflow/dags/nyc_taxi_ingest.py for tasks to queue
[2026-08-11T16:47:46.918+0000] {logging_mixin.py:188} INFO - [2026-08-11T16:47:46.916+0000] {dagbag.py:545} INFO - Filling up the DagBag from /opt/airflow/dags/nyc_taxi_ingest.py
[2026-08-11T16:47:48.106+0000] {processor.py:840} INFO - DAG(s) 'nyc_taxi_ingest' retrieved from /opt/airflow/dags/nyc_taxi_ingest.py
[2026-08-11T16:47:48.146+0000] {logging_mixin.py:188} INFO - [2026-08-11T16:47:48.146+0000] {dag.py:3089} INFO - Sync 1 DAGs
[2026-08-11T16:47:48.181+0000] {logging_mixin.py:188} INFO - [2026-08-11T16:47:48.181+0000] {dag.py:3947} INFO - Setting next_dagrun for nyc_taxi_ingest to None, run_after=None
[2026-08-11T16:47:48.213+0000] {processor.py:183} INFO - Processing /opt/airflow/dags/nyc_taxi_ingest.py took 1.320 seconds
[2026-08-11T16:48:18.549+0000] {processor.py:161} INFO - Started process (PID=392) to work on /opt/airflow/dags/nyc_taxi_ingest.py
[2026-08-11T16:48:18.550+0000] {processor.py:830} INFO - Processing file /opt/airflow/dags/nyc_taxi_ingest.py for tasks to queue
[2026-08-11T16:48:18.552+0000] {logging_mixin.py:188} INFO - [2026-08-11T16:48:18.551+0000] {dagbag.py:545} INFO - Filling up the DagBag from /opt/airflow/dags/nyc_taxi_ingest.py
[2026-08-11T16:48:19.497+0000] {processor.py:840} INFO - DAG(s) 'nyc_taxi_ingest' retrieved from /opt/airflow/dags/nyc_taxi_ingest.py
[2026-08-11T16:48:19.561+0000] {logging_mixin.py:188} INFO - [2026-08-11T16:48:19.560+0000] {dag.py:3089} INFO - Sync 1 DAGs
[2026-08-11T16:48:19.608+0000] {logging_mixin.py:188} INFO - [2026-08-11T16:48:19.607+0000] {dag.py:3947} INFO - Setting next_dagrun for nyc_taxi_ingest to None, run_after=None
[2026-08-11T16:48:19.658+0000] {processor.py:183} INFO - Processing /opt/airflow/dags/nyc_taxi_ingest.py took 1.118 seconds
[2026-08-11T16:48:49.846+0000] {processor.py:161} INFO - Started process (PID=394) to work on /opt/airflow/dags/nyc_taxi_ingest.py
[2026-08-11T16:48:49.848+0000] {processor.py:830} INFO - Processing file /opt/airflow/dags/nyc_taxi_ingest.py for tasks to queue
[2026-08-11T16:48:49.850+0000] {logging_mixin.py:188} INFO - [2026-08-11T16:48:49.849+0000] {dagbag.py:545} INFO - Filling up the DagBag from /opt/airflow/dags/nyc_taxi_ingest.py
[2026-08-11T16:48:50.972+0000] {processor.py:840} INFO - DAG(s) 'nyc_taxi_ingest' retrieved from /opt/airflow/dags/nyc_taxi_ingest.py
[2026-08-11T16:48:51.004+0000] {logging_mixin.py:188} INFO - [2026-08-11T16:48:51.003+0000] {dag.py:3089} INFO - Sync 1 DAGs
[2026-08-11T16:48:51.027+0000] {logging_mixin.py:188} INFO - [2026-08-11T16:48:51.027+0000] {dag.py:3947} INFO - Setting next_dagrun for nyc_taxi_ingest to None, run_after=None
[2026-08-11T16:48:51.061+0000] {processor.py:183} INFO - Processing /opt/airflow/dags/nyc_taxi_ingest.py took 1.225 seconds
[2026-08-11T16:49:21.374+0000] {processor.py:161} INFO - Started process (PID=396) to work on /opt/airflow/dags/nyc_taxi_ingest.py
[2026-08-11T16:49:21.376+0000] {processor.py:830} INFO - Processing file /opt/airflow/dags/nyc_taxi_ingest.py for tasks to queue
[2026-08-11T16:49:21.377+0000] {logging_mixin.py:188} INFO - [2026-08-11T16:49:21.377+0000] {dagbag.py:545} INFO - Filling up the DagBag from /opt/airflow/dags/nyc_taxi_ingest.py
[2026-08-11T16:49:22.163+0000] {processor.py:840} INFO - DAG(s) 'nyc_taxi_ingest' retrieved from /opt/airflow/dags/nyc_taxi_ingest.py
[2026-08-11T16:49:22.192+0000] {logging_mixin.py:188} INFO - [2026-08-11T16:49:22.191+0000] {dag.py:3089} INFO - Sync 1 DAGs
[2026-08-11T16:49:22.214+0000] {logging_mixin.py:188} INFO - [2026-08-11T16:49:22.213+0000] {dag.py:3947} INFO - Setting next_dagrun for nyc_taxi_ingest to None, run_after=None
[2026-08-11T16:49:22.239+0000] {processor.py:183} INFO - Processing /opt/airflow/dags/nyc_taxi_ingest.py took 0.872 seconds
[2026-08-11T16:49:52.611+0000] {processor.py:161} INFO - Started process (PID=398) to work on /opt/airflow/dags/nyc_taxi_ingest.py
[2026-08-11T16:49:52.613+0000] {processor.py:830} INFO - Processing file /opt/airflow/dags/nyc_taxi_ingest.py for tasks to queue
[2026-08-11T16:49:52.615+0000] {logging_mixin.py:188} INFO - [2026-08-11T16:49:52.614+0000] {dagbag.py:545} INFO - Filling up the DagBag from /opt/airflow/dags/nyc_taxi_ingest.py
[2026-08-11T16:49:53.490+0000] {processor.py:840} INFO - DAG(s) 'nyc_taxi_ingest' retrieved from /opt/airflow/dags/nyc_taxi_ingest.py
[2026-08-11T16:49:53.528+0000] {logging_mixin.py:188} INFO - [2026-08-11T16:49:53.527+0000] {dag.py:3089} INFO - Sync 1 DAGs
[2026-08-11T16:49:53.550+0000] {logging_mixin.py:188} INFO - [2026-08-11T16:49:53.550+0000] {dag.py:3947} INFO - Setting next_dagrun for nyc_taxi_ingest to None, run_after=None
[2026-08-11T16:49:53.597+0000] {processor.py:183} INFO - Processing /opt/airflow/dags/nyc_taxi_ingest.py took 0.994 seconds
[2026-08-11T16:50:24.024+0000] {processor.py:161} INFO - Started process (PID=400) to work on /opt/airflow/dags/nyc_taxi_ingest.py
[2026-08-11T16:50:24.027+0000] {processor.py:830} INFO - Processing file /opt/airflow/dags/nyc_taxi_ingest.py for tasks to queue
[2026-08-11T16:50:24.030+0000] {logging_mixin.py:188} INFO - [2026-08-11T16:50:24.029+0000] {dagbag.py:545} INFO - Filling up the DagBag from /opt/airflow/dags/nyc_taxi_ingest.py
[2026-08-11T16:50:25.104+0000] {processor.py:840} INFO - DAG(s) 'nyc_taxi_ingest' retrieved from /opt/airflow/dags/nyc_taxi_ingest.py
[2026-08-11T16:50:25.150+0000] {logging_mixin.py:188} INFO - [2026-08-11T16:50:25.149+0000] {dag.py:3089} INFO - Sync 1 DAGs
[2026-08-11T16:50:25.192+0000] {logging_mixin.py:188} INFO - [2026-08-11T16:50:25.191+0000] {dag.py:3947} INFO - Setting next_dagrun for nyc_taxi_ingest to None, run_after=None
[2026-08-11T16:50:25.231+0000] {processor.py:183} INFO - Processing /opt/airflow/dags/nyc_taxi_ingest.py took 1.222 seconds
[2026-08-11T16:50:55.592+0000] {processor.py:161} INFO - Started process (PID=402) to work on /opt/airflow/dags/nyc_taxi_ingest.py
[2026-08-11T16:50:55.595+0000] {processor.py:830} INFO - Processing file /opt/airflow/dags/nyc_taxi_ingest.py for tasks to queue
[2026-08-11T16:50:55.597+0000] {logging_mixin.py:188} INFO - [2026-08-11T16:50:55.596+0000] {dagbag.py:545} INFO - Filling up the DagBag from /opt/airflow/dags/nyc_taxi_ingest.py
[2026-08-11T16:50:56.517+0000] {processor.py:840} INFO - DAG(s) 'nyc_taxi_ingest' retrieved from /opt/airflow/dags/nyc_taxi_ingest.py
[2026-08-11T16:50:56.544+0000] {logging_mixin.py:188} INFO - [2026-08-11T16:50:56.543+0000] {dag.py:3089} INFO - Sync 1 DAGs
[2026-08-11T16:50:56.564+0000] {logging_mixin.py:188} INFO - [2026-08-11T16:50:56.564+0000] {dag.py:3947} INFO - Setting next_dagrun for nyc_taxi_ingest to None, run_after=None
[2026-08-11T16:50:56.584+0000] {processor.py:183} INFO - Processing /opt/airflow/dags/nyc_taxi_ingest.py took 1.010 seconds
[2026-08-11T16:51:26.860+0000] {processor.py:161} INFO - Started process (PID=404) to work on /opt/airflow/dags/nyc_taxi_ingest.py
[2026-08-11T16:51:26.861+0000] {processor.py:830} INFO - Processing file /opt/airflow/dags/nyc_taxi_ingest.py for tasks to queue
[2026-08-11T16:51:26.863+0000] {logging_mixin.py:188} INFO - [2026-08-11T16:51:26.862+0000] {dagbag.py:545} INFO - Filling up the DagBag from /opt/airflow/dags/nyc_taxi_ingest.py
[2026-08-11T16:51:27.841+0000] {processor.py:840} INFO - DAG(s) 'nyc_taxi_ingest' retrieved from /opt/airflow/dags/nyc_taxi_ingest.py
[2026-08-11T16:51:27.868+0000] {logging_mixin.py:188} INFO - [2026-08-11T16:51:27.868+0000] {dag.py:3089} INFO - Sync 1 DAGs
[2026-08-11T16:51:27.888+0000] {logging_mixin.py:188} INFO - [2026-08-11T16:51:27.888+0000] {dag.py:3947} INFO - Setting next_dagrun for nyc_taxi_ingest to None, run_after=None
[2026-08-11T16:51:27.910+0000] {processor.py:183} INFO - Processing /opt/airflow/dags/nyc_taxi_ingest.py took 1.057 seconds
[2026-08-11T16:51:58.238+0000] {processor.py:161} INFO - Started process (PID=406) to work on /opt/airflow/dags/nyc_taxi_ingest.py
[2026-08-11T16:51:58.241+0000] {processor.py:830} INFO - Processing file /opt/airflow/dags/nyc_taxi_ingest.py for tasks to queue
[2026-08-11T16:51:58.242+0000] {logging_mixin.py:188} INFO - [2026-08-11T16:51:58.242+0000] {dagbag.py:545} INFO - Filling up the DagBag from /opt/airflow/dags/nyc_taxi_ingest.py
[2026-08-11T16:51:59.155+0000] {processor.py:840} INFO - DAG(s) 'nyc_taxi_ingest' retrieved from /opt/airflow/dags/nyc_taxi_ingest.py
[2026-08-11T16:51:59.183+0000] {logging_mixin.py:188} INFO - [2026-08-11T16:51:59.182+0000] {dag.py:3089} INFO - Sync 1 DAGs
[2026-08-11T16:51:59.208+0000] {logging_mixin.py:188} INFO - [2026-08-11T16:51:59.207+0000] {dag.py:3947} INFO - Setting next_dagrun for nyc_taxi_ingest to None, run_after=None
[2026-08-11T16:51:59.230+0000] {processor.py:183} INFO - Processing /opt/airflow/dags/nyc_taxi_ingest.py took 1.005 seconds
[2026-08-11T16:52:29.629+0000] {processor.py:161} INFO - Started process (PID=408) to work on /opt/airflow/dags/nyc_taxi_ingest.py
[2026-08-11T16:52:29.631+0000] {processor.py:830} INFO - Processing file /opt/airflow/dags/nyc_taxi_ingest.py for tasks to queue
[2026-08-11T16:52:29.632+0000] {logging_mixin.py:188} INFO - [2026-08-11T16:52:29.632+0000] {dagbag.py:545} INFO - Filling up the DagBag from /opt/airflow/dags/nyc_taxi_ingest.py
[2026-08-11T16:52:30.375+0000] {processor.py:840} INFO - DAG(s) 'nyc_taxi_ingest' retrieved from /opt/airflow/dags/nyc_taxi_ingest.py
[2026-08-11T16:52:30.402+0000] {logging_mixin.py:188} INFO - [2026-08-11T16:52:30.401+0000] {dag.py:3089} INFO - Sync 1 DAGs
[2026-08-11T16:52:30.420+0000] {logging_mixin.py:188} INFO - [2026-08-11T16:52:30.420+0000] {dag.py:3947} INFO - Setting next_dagrun for nyc_taxi_ingest to None, run_after=None
[2026-08-11T16:52:30.439+0000] {processor.py:183} INFO - Processing /opt/airflow/dags/nyc_taxi_ingest.py took 0.818 seconds
[2026-08-11T16:53:00.785+0000] {processor.py:161} INFO - Started process (PID=410) to work on /opt/airflow/dags/nyc_taxi_ingest.py
[2026-08-11T16:53:00.788+0000] {processor.py:830} INFO - Processing file /opt/airflow/dags/nyc_taxi_ingest.py for tasks to queue
[2026-08-11T16:53:00.790+0000] {logging_mixin.py:188} INFO - [2026-08-11T16:53:00.789+0000] {dagbag.py:545} INFO - Filling up the DagBag from /opt/airflow/dags/nyc_taxi_ingest.py
[2026-08-11T16:53:01.489+0000] {processor.py:840} INFO - DAG(s) 'nyc_taxi_ingest' retrieved from /opt/airflow/dags/nyc_taxi_ingest.py
[2026-08-11T16:53:01.514+0000] {logging_mixin.py:188} INFO - [2026-08-11T16:53:01.513+0000] {dag.py:3089} INFO - Sync 1 DAGs
[2026-08-11T16:53:01.532+0000] {logging_mixin.py:188} INFO - [2026-08-11T16:53:01.532+0000] {dag.py:3947} INFO - Setting next_dagrun for nyc_taxi_ingest to None, run_after=None
[2026-08-11T16:53:01.553+0000] {processor.py:183} INFO - Processing /opt/airflow/dags/nyc_taxi_ingest.py took 0.780 seconds
[2026-08-11T16:53:31.888+0000] {processor.py:161} INFO - Started process (PID=412) to work on /opt/airflow/dags/nyc_taxi_ingest.py
[2026-08-11T16:53:31.890+0000] {processor.py:830} INFO - Processing file /opt/airflow/dags/nyc_taxi_ingest.py for tasks to queue
[2026-08-11T16:53:31.892+0000] {logging_mixin.py:188} INFO - [2026-08-11T16:53:31.891+0000] {dagbag.py:545} INFO - Filling up the DagBag from /opt/airflow/dags/nyc_taxi_ingest.py
[2026-08-11T16:53:32.663+0000] {processor.py:840} INFO - DAG(s) 'nyc_taxi_ingest' retrieved from /opt/airflow/dags/nyc_taxi_ingest.py
[2026-08-11T16:53:32.691+0000] {logging_mixin.py:188} INFO - [2026-08-11T16:53:32.691+0000] {dag.py:3089} INFO - Sync 1 DAGs
[2026-08-11T16:53:32.711+0000] {logging_mixin.py:188} INFO - [2026-08-11T16:53:32.710+0000] {dag.py:3947} INFO - Setting next_dagrun for nyc_taxi_ingest to None, run_after=None
[2026-08-11T16:53:32.733+0000] {processor.py:183} INFO - Processing /opt/airflow/dags/nyc_taxi_ingest.py took 0.854 seconds
[2026-08-11T16:54:03.074+0000] {processor.py:161} INFO - Started process (PID=414) to work on /opt/airflow/dags/nyc_taxi_ingest.py
[2026-08-11T16:54:03.076+0000] {processor.py:830} INFO - Processing file /opt/airflow/dags/nyc_taxi_ingest.py for tasks to queue
[2026-08-11T16:54:03.077+0000] {logging_mixin.py:188} INFO - [2026-08-11T16:54:03.076+0000] {dagbag.py:545} INFO - Filling up the DagBag from /opt/airflow/dags/nyc_taxi_ingest.py
[2026-08-11T16:54:04.017+0000] {processor.py:840} INFO - DAG(s) 'nyc_taxi_ingest' retrieved from /opt/airflow/dags/nyc_taxi_ingest.py
[2026-08-11T16:54:04.043+0000] {logging_mixin.py:188} INFO - [2026-08-11T16:54:04.043+0000] {dag.py:3089} INFO - Sync 1 DAGs
[2026-08-11T16:54:04.076+0000] {logging_mixin.py:188} INFO - [2026-08-11T16:54:04.075+0000] {dag.py:3947} INFO - Setting next_dagrun for nyc_taxi_ingest to None, run_after=None
[2026-08-11T16:54:04.111+0000] {processor.py:183} INFO - Processing /opt/airflow/dags/nyc_taxi_ingest.py took 1.046 seconds
[2026-08-11T16:54:34.380+0000] {processor.py:161} INFO - Started process (PID=416) to work on /opt/airflow/dags/nyc_taxi_ingest.py
[2026-08-11T16:54:34.382+0000] {processor.py:830} INFO - Processing file /opt/airflow/dags/nyc_taxi_ingest.py for tasks to queue
[2026-08-11T16:54:34.384+0000] {logging_mixin.py:188} INFO - [2026-08-11T16:54:34.383+0000] {dagbag.py:545} INFO - Filling up the DagBag from /opt/airflow/dags/nyc_taxi_ingest.py
[2026-08-11T16:54:35.410+0000] {processor.py:840} INFO - DAG(s) 'nyc_taxi_ingest' retrieved from /opt/airflow/dags/nyc_taxi_ingest.py
[2026-08-11T16:54:35.447+0000] {logging_mixin.py:188} INFO - [2026-08-11T16:54:35.447+0000] {dag.py:3089} INFO - Sync 1 DAGs
[2026-08-11T16:54:35.472+0000] {logging_mixin.py:188} INFO - [2026-08-11T16:54:35.472+0000] {dag.py:3947} INFO - Setting next_dagrun for nyc_taxi_ingest to None, run_after=None
[2026-08-11T16:54:35.496+0000] {processor.py:183} INFO - Processing /opt/airflow/dags/nyc_taxi_ingest.py took 1.123 seconds
[2026-08-11T16:55:05.819+0000] {processor.py:161} INFO - Started process (PID=418) to work on /opt/airflow/dags/nyc_taxi_ingest.py
[2026-08-11T16:55:05.821+0000] {processor.py:830} INFO - Processing file /opt/airflow/dags/nyc_taxi_ingest.py for tasks to queue
[2026-08-11T16:55:05.823+0000] {logging_mixin.py:188} INFO - [2026-08-11T16:55:05.823+0000] {dagbag.py:545} INFO - Filling up the DagBag from /opt/airflow/dags/nyc_taxi_ingest.py
[2026-08-11T16:55:06.892+0000] {processor.py:840} INFO - DAG(s) 'nyc_taxi_ingest' retrieved from /opt/airflow/dags/nyc_taxi_ingest.py
[2026-08-11T16:55:06.941+0000] {logging_mixin.py:188} INFO - [2026-08-11T16:55:06.941+0000] {dag.py:3089} INFO - Sync 1 DAGs
[2026-08-11T16:55:06.971+0000] {logging_mixin.py:188} INFO - [2026-08-11T16:55:06.971+0000] {dag.py:3947} INFO - Setting next_dagrun for nyc_taxi_ingest to None, run_after=None
[2026-08-11T16:55:06.994+0000] {processor.py:183} INFO - Processing /opt/airflow/dags/nyc_taxi_ingest.py took 1.189 seconds
[2026-08-11T16:55:37.215+0000] {processor.py:161} INFO - Started process (PID=420) to work on /opt/airflow/dags/nyc_taxi_ingest.py
[2026-08-11T16:55:37.217+0000] {processor.py:830} INFO - Processing file /opt/airflow/dags/nyc_taxi_ingest.py for tasks to queue
[2026-08-11T16:55:37.219+0000] {logging_mixin.py:188} INFO - [2026-08-11T16:55:37.218+0000] {dagbag.py:545} INFO - Filling up the DagBag from /opt/airflow/dags/nyc_taxi_ingest.py
[2026-08-11T16:55:38.457+0000] {processor.py:840} INFO - DAG(s) 'nyc_taxi_ingest' retrieved from /opt/airflow/dags/nyc_taxi_ingest.py
[2026-08-11T16:55:38.484+0000] {logging_mixin.py:188} INFO - [2026-08-11T16:55:38.484+0000] {dag.py:3089} INFO - Sync 1 DAGs
[2026-08-11T16:55:38.505+0000] {logging_mixin.py:188} INFO - [2026-08-11T16:55:38.505+0000] {dag.py:3947} INFO - Setting next_dagrun for nyc_taxi_ingest to None, run_after=None
[2026-08-11T16:55:38.535+0000] {processor.py:183} INFO - Processing /opt/airflow/dags/nyc_taxi_ingest.py took 1.329 seconds
[2026-08-11T16:56:08.664+0000] {processor.py:161} INFO - Started process (PID=422) to work on /opt/airflow/dags/nyc_taxi_ingest.py
[2026-08-11T16:56:08.666+0000] {processor.py:830} INFO - Processing file /opt/airflow/dags/nyc_taxi_ingest.py for tasks to queue
[2026-08-11T16:56:08.669+0000] {logging_mixin.py:188} INFO - [2026-08-11T16:56:08.668+0000] {dagbag.py:545} INFO - Filling up the DagBag from /opt/airflow/dags/nyc_taxi_ingest.py
[2026-08-11T16:56:09.867+0000] {processor.py:840} INFO - DAG(s) 'nyc_taxi_ingest' retrieved from /opt/airflow/dags/nyc_taxi_ingest.py
[2026-08-11T16:56:09.893+0000] {logging_mixin.py:188} INFO - [2026-08-11T16:56:09.892+0000] {dag.py:3089} INFO - Sync 1 DAGs
[2026-08-11T16:56:09.913+0000] {logging_mixin.py:188} INFO - [2026-08-11T16:56:09.913+0000] {dag.py:3947} INFO - Setting next_dagrun for nyc_taxi_ingest to None, run_after=None
[2026-08-11T16:56:09.933+0000] {processor.py:183} INFO - Processing /opt/airflow/dags/nyc_taxi_ingest.py took 1.282 seconds
[2026-08-11T16:56:40.223+0000] {processor.py:161} INFO - Started process (PID=424) to work on /opt/airflow/dags/nyc_taxi_ingest.py
[2026-08-11T16:56:40.227+0000] {processor.py:830} INFO - Processing file /opt/airflow/dags/nyc_taxi_ingest.py for tasks to queue
[2026-08-11T16:56:40.229+0000] {logging_mixin.py:188} INFO - [2026-08-11T16:56:40.229+0000] {dagbag.py:545} INFO - Filling up the DagBag from /opt/airflow/dags/nyc_taxi_ingest.py
[2026-08-11T16:56:40.997+0000] {processor.py:840} INFO - DAG(s) 'nyc_taxi_ingest' retrieved from /opt/airflow/dags/nyc_taxi_ingest.py
[2026-08-11T16:56:41.026+0000] {logging_mixin.py:188} INFO - [2026-08-11T16:56:41.025+0000] {dag.py:3089} INFO - Sync 1 DAGs
[2026-08-11T16:56:41.049+0000] {logging_mixin.py:188} INFO - [2026-08-11T16:56:41.048+0000] {dag.py:3947} INFO - Setting next_dagrun for nyc_taxi_ingest to None, run_after=None
[2026-08-11T16:56:41.079+0000] {processor.py:183} INFO - Processing /opt/airflow/dags/nyc_taxi_ingest.py took 0.870 seconds
[2026-08-11T16:57:11.514+0000] {processor.py:161} INFO - Started process (PID=426) to work on /opt/airflow/dags/nyc_taxi_ingest.py
[2026-08-11T16:57:11.516+0000] {processor.py:830} INFO - Processing file /opt/airflow/dags/nyc_taxi_ingest.py for tasks to queue
[2026-08-11T16:57:11.517+0000] {logging_mixin.py:188} INFO - [2026-08-11T16:57:11.517+0000] {dagbag.py:545} INFO - Filling up the DagBag from /opt/airflow/dags/nyc_taxi_ingest.py
[2026-08-11T16:57:12.406+0000] {processor.py:840} INFO - DAG(s) 'nyc_taxi_ingest' retrieved from /opt/airflow/dags/nyc_taxi_ingest.py
[2026-08-11T16:57:12.441+0000] {logging_mixin.py:188} INFO - [2026-08-11T16:57:12.440+0000] {dag.py:3089} INFO - Sync 1 DAGs
[2026-08-11T16:57:12.475+0000] {logging_mixin.py:188} INFO - [2026-08-11T16:57:12.475+0000] {dag.py:3947} INFO - Setting next_dagrun for nyc_taxi_ingest to None, run_after=None
[2026-08-11T16:57:12.501+0000] {processor.py:183} INFO - Processing /opt/airflow/dags/nyc_taxi_ingest.py took 0.993 seconds
[2026-08-11T16:57:42.862+0000] {processor.py:161} INFO - Started process (PID=428) to work on /opt/airflow/dags/nyc_taxi_ingest.py
[2026-08-11T16:57:42.865+0000] {processor.py:830} INFO - Processing file /opt/airflow/dags/nyc_taxi_ingest.py for tasks to queue
[2026-08-11T16:57:42.867+0000] {logging_mixin.py:188} INFO - [2026-08-11T16:57:42.866+0000] {dagbag.py:545} INFO - Filling up the DagBag from /opt/airflow/dags/nyc_taxi_ingest.py
[2026-08-11T16:57:43.808+0000] {processor.py:840} INFO - DAG(s) 'nyc_taxi_ingest' retrieved from /opt/airflow/dags/nyc_taxi_ingest.py
[2026-08-11T16:57:43.844+0000] {logging_mixin.py:188} INFO - [2026-08-11T16:57:43.844+0000] {dag.py:3089} INFO - Sync 1 DAGs
[2026-08-11T16:57:43.871+0000] {logging_mixin.py:188} INFO - [2026-08-11T16:57:43.870+0000] {dag.py:3947} INFO - Setting next_dagrun for nyc_taxi_ingest to None, run_after=None
[2026-08-11T16:57:43.892+0000] {processor.py:183} INFO - Processing /opt/airflow/dags/nyc_taxi_ingest.py took 1.046 seconds
[2026-08-11T16:58:14.171+0000] {processor.py:161} INFO - Started process (PID=430) to work on /opt/airflow/dags/nyc_taxi_ingest.py
[2026-08-11T16:58:14.174+0000] {processor.py:830} INFO - Processing file /opt/airflow/dags/nyc_taxi_ingest.py for tasks to queue
[2026-08-11T16:58:14.176+0000] {logging_mixin.py:188} INFO - [2026-08-11T16:58:14.175+0000] {dagbag.py:545} INFO - Filling up the DagBag from /opt/airflow/dags/nyc_taxi_ingest.py
[2026-08-11T16:58:15.160+0000] {processor.py:840} INFO - DAG(s) 'nyc_taxi_ingest' retrieved from /opt/airflow/dags/nyc_taxi_ingest.py
[2026-08-11T16:58:15.198+0000] {logging_mixin.py:188} INFO - [2026-08-11T16:58:15.197+0000] {dag.py:3089} INFO - Sync 1 DAGs
[2026-08-11T16:58:15.240+0000] {logging_mixin.py:188} INFO - [2026-08-11T16:58:15.240+0000] {dag.py:3947} INFO - Setting next_dagrun for nyc_taxi_ingest to None, run_after=None
[2026-08-11T16:58:15.272+0000] {processor.py:183} INFO - Processing /opt/airflow/dags/nyc_taxi_ingest.py took 1.113 seconds
[2026-08-11T16:58:45.574+0000] {processor.py:161} INFO - Started process (PID=432) to work on /opt/airflow/dags/nyc_taxi_ingest.py
[2026-08-11T16:58:45.578+0000] {processor.py:830} INFO - Processing file /opt/airflow/dags/nyc_taxi_ingest.py for tasks to queue
[2026-08-11T16:58:45.582+0000] {logging_mixin.py:188} INFO - [2026-08-11T16:58:45.581+0000] {dagbag.py:545} INFO - Filling up the DagBag from /opt/airflow/dags/nyc_taxi_ingest.py
[2026-08-11T16:58:46.542+0000] {processor.py:840} INFO - DAG(s) 'nyc_taxi_ingest' retrieved from /opt/airflow/dags/nyc_taxi_ingest.py
[2026-08-11T16:58:46.568+0000] {logging_mixin.py:188} INFO - [2026-08-11T16:58:46.568+0000] {dag.py:3089} INFO - Sync 1 DAGs
[2026-08-11T16:58:46.589+0000] {logging_mixin.py:188} INFO - [2026-08-11T16:58:46.589+0000] {dag.py:3947} INFO - Setting next_dagrun for nyc_taxi_ingest to None, run_after=None
[2026-08-11T16:58:46.607+0000] {processor.py:183} INFO - Processing /opt/airflow/dags/nyc_taxi_ingest.py took 1.053 seconds
[2026-08-11T16:59:16.906+0000] {processor.py:161} INFO - Started process (PID=434) to work on /opt/airflow/dags/nyc_taxi_ingest.py
[2026-08-11T16:59:16.909+0000] {processor.py:830} INFO - Processing file /opt/airflow/dags/nyc_taxi_ingest.py for tasks to queue
[2026-08-11T16:59:16.911+0000] {logging_mixin.py:188} INFO - [2026-08-11T16:59:16.910+0000] {dagbag.py:545} INFO - Filling up the DagBag from /opt/airflow/dags/nyc_taxi_ingest.py
[2026-08-11T16:59:17.806+0000] {processor.py:840} INFO - DAG(s) 'nyc_taxi_ingest' retrieved from /opt/airflow/dags/nyc_taxi_ingest.py
[2026-08-11T16:59:17.849+0000] {logging_mixin.py:188} INFO - [2026-08-11T16:59:17.848+0000] {dag.py:3089} INFO - Sync 1 DAGs
[2026-08-11T16:59:17.867+0000] {logging_mixin.py:188} INFO - [2026-08-11T16:59:17.867+0000] {dag.py:3947} INFO - Setting next_dagrun for nyc_taxi_ingest to None, run_after=None
[2026-08-11T16:59:17.888+0000] {processor.py:183} INFO - Processing /opt/airflow/dags/nyc_taxi_ingest.py took 1.000 seconds
[2026-08-11T16:59:48.282+0000] {processor.py:161} INFO - Started process (PID=436) to work on /opt/airflow/dags/nyc_taxi_ingest.py
[2026-08-11T16:59:48.283+0000] {processor.py:830} INFO - Processing file /opt/airflow/dags/nyc_taxi_ingest.py for tasks to queue
[2026-08-11T16:59:48.285+0000] {logging_mixin.py:188} INFO - [2026-08-11T16:59:48.284+0000] {dagbag.py:545} INFO - Filling up the DagBag from /opt/airflow/dags/nyc_taxi_ingest.py
[2026-08-11T16:59:49.117+0000] {processor.py:840} INFO - DAG(s) 'nyc_taxi_ingest' retrieved from /opt/airflow/dags/nyc_taxi_ingest.py
[2026-08-11T16:59:49.144+0000] {logging_mixin.py:188} INFO - [2026-08-11T16:59:49.144+0000] {dag.py:3089} INFO - Sync 1 DAGs
[2026-08-11T16:59:49.166+0000] {logging_mixin.py:188} INFO - [2026-08-11T16:59:49.166+0000] {dag.py:3947} INFO - Setting next_dagrun for nyc_taxi_ingest to None, run_after=None
[2026-08-11T16:59:49.191+0000] {processor.py:183} INFO - Processing /opt/airflow/dags/nyc_taxi_ingest.py took 0.915 seconds
[2026-08-11T17:00:19.614+0000] {processor.py:161} INFO - Started process (PID=438) to work on /opt/airflow/dags/nyc_taxi_ingest.py
[2026-08-11T17:00:19.615+0000] {processor.py:830} INFO - Processing file /opt/airflow/dags/nyc_taxi_ingest.py for tasks to queue
[2026-08-11T17:00:19.617+0000] {logging_mixin.py:188} INFO - [2026-08-11T17:00:19.616+0000] {dagbag.py:545} INFO - Filling up the DagBag from /opt/airflow/dags/nyc_taxi_ingest.py
[2026-08-11T17:00:20.497+0000] {processor.py:840} INFO - DAG(s) 'nyc_taxi_ingest' retrieved from /opt/airflow/dags/nyc_taxi_ingest.py
[2026-08-11T17:00:20.560+0000] {logging_mixin.py:188} INFO - [2026-08-11T17:00:20.559+0000] {dag.py:3089} INFO - Sync 1 DAGs
[2026-08-11T17:00:20.613+0000] {logging_mixin.py:188} INFO - [2026-08-11T17:00:20.613+0000] {dag.py:3947} INFO - Setting next_dagrun for nyc_taxi_ingest to None, run_after=None
[2026-08-11T17:00:20.660+0000] {processor.py:183} INFO - Processing /opt/airflow/dags/nyc_taxi_ingest.py took 1.057 seconds
[2026-08-11T17:00:50.986+0000] {processor.py:161} INFO - Started process (PID=440) to work on /opt/airflow/dags/nyc_taxi_ingest.py
[2026-08-11T17:00:50.988+0000] {processor.py:830} INFO - Processing file /opt/airflow/dags/nyc_taxi_ingest.py for tasks to queue
[2026-08-11T17:00:50.989+0000] {logging_mixin.py:188} INFO - [2026-08-11T17:00:50.989+0000] {dagbag.py:545} INFO - Filling up the DagBag from /opt/airflow/dags/nyc_taxi_ingest.py
[2026-08-11T17:00:51.803+0000] {processor.py:840} INFO - DAG(s) 'nyc_taxi_ingest' retrieved from /opt/airflow/dags/nyc_taxi_ingest.py
[2026-08-11T17:00:51.829+0000] {logging_mixin.py:188} INFO - [2026-08-11T17:00:51.828+0000] {dag.py:3089} INFO - Sync 1 DAGs
[2026-08-11T17:00:51.853+0000] {logging_mixin.py:188} INFO - [2026-08-11T17:00:51.853+0000] {dag.py:3947} INFO - Setting next_dagrun for nyc_taxi_ingest to None, run_after=None
[2026-08-11T17:00:51.876+0000] {processor.py:183} INFO - Processing /opt/airflow/dags/nyc_taxi_ingest.py took 0.899 seconds
[2026-08-11T17:01:22.295+0000] {processor.py:161} INFO - Started process (PID=442) to work on /opt/airflow/dags/nyc_taxi_ingest.py
[2026-08-11T17:01:22.296+0000] {processor.py:830} INFO - Processing file /opt/airflow/dags/nyc_taxi_ingest.py for tasks to queue
[2026-08-11T17:01:22.297+0000] {logging_mixin.py:188} INFO - [2026-08-11T17:01:22.297+0000] {dagbag.py:545} INFO - Filling up the DagBag from /opt/airflow/dags/nyc_taxi_ingest.py
[2026-08-11T17:01:23.088+0000] {processor.py:840} INFO - DAG(s) 'nyc_taxi_ingest' retrieved from /opt/airflow/dags/nyc_taxi_ingest.py
[2026-08-11T17:01:23.116+0000] {logging_mixin.py:188} INFO - [2026-08-11T17:01:23.115+0000] {dag.py:3089} INFO - Sync 1 DAGs
[2026-08-11T17:01:23.136+0000] {logging_mixin.py:188} INFO - [2026-08-11T17:01:23.136+0000] {dag.py:3947} INFO - Setting next_dagrun for nyc_taxi_ingest to None, run_after=None
[2026-08-11T17:01:23.159+0000] {processor.py:183} INFO - Processing /opt/airflow/dags/nyc_taxi_ingest.py took 0.872 seconds
[2026-08-11T17:01:53.500+0000] {processor.py:161} INFO - Started process (PID=444) to work on /opt/airflow/dags/nyc_taxi_ingest.py
[2026-08-11T17:01:53.502+0000] {processor.py:830} INFO - Processing file /opt/airflow/dags/nyc_taxi_ingest.py for tasks to queue
[2026-08-11T17:01:53.505+0000] {logging_mixin.py:188} INFO - [2026-08-11T17:01:53.504+0000] {dagbag.py:545} INFO - Filling up the DagBag from /opt/airflow/dags/nyc_taxi_ingest.py
[2026-08-11T17:01:55.448+0000] {processor.py:840} INFO - DAG(s) 'nyc_taxi_ingest' retrieved from /opt/airflow/dags/nyc_taxi_ingest.py
[2026-08-11T17:01:55.478+0000] {logging_mixin.py:188} INFO - [2026-08-11T17:01:55.477+0000] {dag.py:3089} INFO - Sync 1 DAGs
[2026-08-11T17:01:55.529+0000] {logging_mixin.py:188} INFO - [2026-08-11T17:01:55.529+0000] {dag.py:3947} INFO - Setting next_dagrun for nyc_taxi_ingest to None, run_after=None
[2026-08-11T17:01:55.555+0000] {processor.py:183} INFO - Processing /opt/airflow/dags/nyc_taxi_ingest.py took 2.066 seconds
[2026-08-11T17:02:25.842+0000] {processor.py:161} INFO - Started process (PID=446) to work on /opt/airflow/dags/nyc_taxi_ingest.py
[2026-08-11T17:02:25.845+0000] {processor.py:830} INFO - Processing file /opt/airflow/dags/nyc_taxi_ingest.py for tasks to queue
[2026-08-11T17:02:25.847+0000] {logging_mixin.py:188} INFO - [2026-08-11T17:02:25.846+0000] {dagbag.py:545} INFO - Filling up the DagBag from /opt/airflow/dags/nyc_taxi_ingest.py
[2026-08-11T17:02:26.950+0000] {processor.py:840} INFO - DAG(s) 'nyc_taxi_ingest' retrieved from /opt/airflow/dags/nyc_taxi_ingest.py
[2026-08-11T17:02:27.021+0000] {logging_mixin.py:188} INFO - [2026-08-11T17:02:27.020+0000] {dag.py:3089} INFO - Sync 1 DAGs
[2026-08-11T17:02:27.066+0000] {logging_mixin.py:188} INFO - [2026-08-11T17:02:27.065+0000] {dag.py:3947} INFO - Setting next_dagrun for nyc_taxi_ingest to None, run_after=None
[2026-08-11T17:02:27.116+0000] {processor.py:183} INFO - Processing /opt/airflow/dags/nyc_taxi_ingest.py took 1.293 seconds
[2026-08-11T17:02:57.284+0000] {processor.py:161} INFO - Started process (PID=448) to work on /opt/airflow/dags/nyc_taxi_ingest.py
[2026-08-11T17:02:57.286+0000] {processor.py:830} INFO - Processing file /opt/airflow/dags/nyc_taxi_ingest.py for tasks to queue
[2026-08-11T17:02:57.288+0000] {logging_mixin.py:188} INFO - [2026-08-11T17:02:57.288+0000] {dagbag.py:545} INFO - Filling up the DagBag from /opt/airflow/dags/nyc_taxi_ingest.py
[2026-08-11T17:02:58.420+0000] {processor.py:840} INFO - DAG(s) 'nyc_taxi_ingest' retrieved from /opt/airflow/dags/nyc_taxi_ingest.py
[2026-08-11T17:02:58.451+0000] {logging_mixin.py:188} INFO - [2026-08-11T17:02:58.450+0000] {dag.py:3089} INFO - Sync 1 DAGs
[2026-08-11T17:02:58.481+0000] {logging_mixin.py:188} INFO - [2026-08-11T17:02:58.481+0000] {dag.py:3947} INFO - Setting next_dagrun for nyc_taxi_ingest to None, run_after=None
[2026-08-11T17:02:58.542+0000] {processor.py:183} INFO - Processing /opt/airflow/dags/nyc_taxi_ingest.py took 1.274 seconds
[2026-08-11T17:03:28.745+0000] {processor.py:161} INFO - Started process (PID=450) to work on /opt/airflow/dags/nyc_taxi_ingest.py
[2026-08-11T17:03:28.746+0000] {processor.py:830} INFO - Processing file /opt/airflow/dags/nyc_taxi_ingest.py for tasks to queue
[2026-08-11T17:03:28.748+0000] {logging_mixin.py:188} INFO - [2026-08-11T17:03:28.747+0000] {dagbag.py:545} INFO - Filling up the DagBag from /opt/airflow/dags/nyc_taxi_ingest.py
[2026-08-11T17:03:29.755+0000] {processor.py:840} INFO - DAG(s) 'nyc_taxi_ingest' retrieved from /opt/airflow/dags/nyc_taxi_ingest.py
[2026-08-11T17:03:29.823+0000] {logging_mixin.py:188} INFO - [2026-08-11T17:03:29.822+0000] {dag.py:3089} INFO - Sync 1 DAGs
[2026-08-11T17:03:29.863+0000] {logging_mixin.py:188} INFO - [2026-08-11T17:03:29.863+0000] {dag.py:3947} INFO - Setting next_dagrun for nyc_taxi_ingest to None, run_after=None
[2026-08-11T17:03:29.900+0000] {processor.py:183} INFO - Processing /opt/airflow/dags/nyc_taxi_ingest.py took 1.163 seconds
