[2026-08-15T19:11:52.597+0000] {processor.py:161} INFO - Started process (PID=47) to work on /opt/airflow/dags/nyc_taxi_ingest.py
[2026-08-15T19:11:52.621+0000] {processor.py:830} INFO - Processing file /opt/airflow/dags/nyc_taxi_ingest.py for tasks to queue
[2026-08-15T19:11:52.645+0000] {logging_mixin.py:188} INFO - [2026-08-15T19:11:52.641+0000] {dagbag.py:545} INFO - Filling up the DagBag from /opt/airflow/dags/nyc_taxi_ingest.py
[2026-08-15T19:11:57.628+0000] {processor.py:840} INFO - DAG(s) 'nyc_taxi_ingest' retrieved from /opt/airflow/dags/nyc_taxi_ingest.py
[2026-08-15T19:11:58.239+0000] {logging_mixin.py:188} INFO - [2026-08-15T19:11:58.237+0000] {dag.py:3089} INFO - Sync 1 DAGs
[2026-08-15T19:11:58.324+0000] {logging_mixin.py:188} INFO - [2026-08-15T19:11:58.324+0000] {dag.py:3947} INFO - Setting next_dagrun for nyc_taxi_ingest to None, run_after=None
[2026-08-15T19:11:58.409+0000] {processor.py:183} INFO - Processing /opt/airflow/dags/nyc_taxi_ingest.py took 5.941 seconds
[2026-08-15T19:12:29.097+0000] {processor.py:161} INFO - Started process (PID=49) to work on /opt/airflow/dags/nyc_taxi_ingest.py
[2026-08-15T19:12:29.101+0000] {processor.py:830} INFO - Processing file /opt/airflow/dags/nyc_taxi_ingest.py for tasks to queue
[2026-08-15T19:12:29.117+0000] {logging_mixin.py:188} INFO - [2026-08-15T19:12:29.113+0000] {dagbag.py:545} INFO - Filling up the DagBag from /opt/airflow/dags/nyc_taxi_ingest.py
[2026-08-15T19:12:33.211+0000] {processor.py:840} INFO - DAG(s) 'nyc_taxi_ingest' retrieved from /opt/airflow/dags/nyc_taxi_ingest.py
[2026-08-15T19:12:33.335+0000] {logging_mixin.py:188} INFO - [2026-08-15T19:12:33.334+0000] {dag.py:3089} INFO - Sync 1 DAGs
[2026-08-15T19:12:33.404+0000] {logging_mixin.py:188} INFO - [2026-08-15T19:12:33.403+0000] {dag.py:3947} INFO - Setting next_dagrun for nyc_taxi_ingest to None, run_after=None
[2026-08-15T19:12:33.461+0000] {processor.py:183} INFO - Processing /opt/airflow/dags/nyc_taxi_ingest.py took 4.406 seconds
[2026-08-15T19:13:04.028+0000] {processor.py:161} INFO - Started process (PID=51) to work on /opt/airflow/dags/nyc_taxi_ingest.py
[2026-08-15T19:13:04.033+0000] {processor.py:830} INFO - Processing file /opt/airflow/dags/nyc_taxi_ingest.py for tasks to queue
[2026-08-15T19:13:04.060+0000] {logging_mixin.py:188} INFO - [2026-08-15T19:13:04.048+0000] {dagbag.py:545} INFO - Filling up the DagBag from /opt/airflow/dags/nyc_taxi_ingest.py
[2026-08-15T19:13:06.815+0000] {processor.py:840} INFO - DAG(s) 'nyc_taxi_ingest' retrieved from /opt/airflow/dags/nyc_taxi_ingest.py
[2026-08-15T19:13:06.905+0000] {logging_mixin.py:188} INFO - [2026-08-15T19:13:06.903+0000] {dag.py:3089} INFO - Sync 1 DAGs
[2026-08-15T19:13:06.951+0000] {logging_mixin.py:188} INFO - [2026-08-15T19:13:06.950+0000] {dag.py:3947} INFO - Setting next_dagrun for nyc_taxi_ingest to None, run_after=None
[2026-08-15T19:13:07.013+0000] {processor.py:183} INFO - Processing /opt/airflow/dags/nyc_taxi_ingest.py took 3.034 seconds
[2026-08-15T19:13:37.406+0000] {processor.py:161} INFO - Started process (PID=53) to work on /opt/airflow/dags/nyc_taxi_ingest.py
[2026-08-15T19:13:37.409+0000] {processor.py:830} INFO - Processing file /opt/airflow/dags/nyc_taxi_ingest.py for tasks to queue
[2026-08-15T19:13:37.413+0000] {logging_mixin.py:188} INFO - [2026-08-15T19:13:37.413+0000] {dagbag.py:545} INFO - Filling up the DagBag from /opt/airflow/dags/nyc_taxi_ingest.py
[2026-08-15T19:13:39.715+0000] {processor.py:840} INFO - DAG(s) 'nyc_taxi_ingest' retrieved from /opt/airflow/dags/nyc_taxi_ingest.py
[2026-08-15T19:13:39.991+0000] {logging_mixin.py:188} INFO - [2026-08-15T19:13:39.989+0000] {dag.py:3089} INFO - Sync 1 DAGs
[2026-08-15T19:13:40.043+0000] {logging_mixin.py:188} INFO - [2026-08-15T19:13:40.043+0000] {dag.py:3947} INFO - Setting next_dagrun for nyc_taxi_ingest to None, run_after=None
[2026-08-15T19:13:40.104+0000] {processor.py:183} INFO - Processing /opt/airflow/dags/nyc_taxi_ingest.py took 2.709 seconds
[2026-08-15T19:14:10.586+0000] {processor.py:161} INFO - Started process (PID=55) to work on /opt/airflow/dags/nyc_taxi_ingest.py
[2026-08-15T19:14:10.591+0000] {processor.py:830} INFO - Processing file /opt/airflow/dags/nyc_taxi_ingest.py for tasks to queue
[2026-08-15T19:14:10.597+0000] {logging_mixin.py:188} INFO - [2026-08-15T19:14:10.596+0000] {dagbag.py:545} INFO - Filling up the DagBag from /opt/airflow/dags/nyc_taxi_ingest.py
[2026-08-15T19:14:12.217+0000] {processor.py:840} INFO - DAG(s) 'nyc_taxi_ingest' retrieved from /opt/airflow/dags/nyc_taxi_ingest.py
[2026-08-15T19:14:12.285+0000] {logging_mixin.py:188} INFO - [2026-08-15T19:14:12.284+0000] {dag.py:3089} INFO - Sync 1 DAGs
[2026-08-15T19:14:12.344+0000] {logging_mixin.py:188} INFO - [2026-08-15T19:14:12.344+0000] {dag.py:3947} INFO - Setting next_dagrun for nyc_taxi_ingest to None, run_after=None
[2026-08-15T19:14:12.390+0000] {processor.py:183} INFO - Processing /opt/airflow/dags/nyc_taxi_ingest.py took 1.820 seconds
[2026-08-15T19:14:42.853+0000] {processor.py:161} INFO - Started process (PID=57) to work on /opt/airflow/dags/nyc_taxi_ingest.py
[2026-08-15T19:14:42.857+0000] {processor.py:830} INFO - Processing file /opt/airflow/dags/nyc_taxi_ingest.py for tasks to queue
[2026-08-15T19:14:42.862+0000] {logging_mixin.py:188} INFO - [2026-08-15T19:14:42.861+0000] {dagbag.py:545} INFO - Filling up the DagBag from /opt/airflow/dags/nyc_taxi_ingest.py
[2026-08-15T19:14:44.594+0000] {processor.py:840} INFO - DAG(s) 'nyc_taxi_ingest' retrieved from /opt/airflow/dags/nyc_taxi_ingest.py
[2026-08-15T19:14:44.694+0000] {logging_mixin.py:188} INFO - [2026-08-15T19:14:44.693+0000] {dag.py:3089} INFO - Sync 1 DAGs
[2026-08-15T19:14:44.742+0000] {logging_mixin.py:188} INFO - [2026-08-15T19:14:44.742+0000] {dag.py:3947} INFO - Setting next_dagrun for nyc_taxi_ingest to None, run_after=None
[2026-08-15T19:14:44.809+0000] {processor.py:183} INFO - Processing /opt/airflow/dags/nyc_taxi_ingest.py took 1.975 seconds
[2026-08-15T19:15:15.195+0000] {processor.py:161} INFO - Started process (PID=59) to work on /opt/airflow/dags/nyc_taxi_ingest.py
[2026-08-15T19:15:15.197+0000] {processor.py:830} INFO - Processing file /opt/airflow/dags/nyc_taxi_ingest.py for tasks to queue
[2026-08-15T19:15:15.202+0000] {logging_mixin.py:188} INFO - [2026-08-15T19:15:15.201+0000] {dagbag.py:545} INFO - Filling up the DagBag from /opt/airflow/dags/nyc_taxi_ingest.py
[2026-08-15T19:15:16.604+0000] {processor.py:840} INFO - DAG(s) 'nyc_taxi_ingest' retrieved from /opt/airflow/dags/nyc_taxi_ingest.py
[2026-08-15T19:15:16.660+0000] {logging_mixin.py:188} INFO - [2026-08-15T19:15:16.659+0000] {dag.py:3089} INFO - Sync 1 DAGs
[2026-08-15T19:15:16.706+0000] {logging_mixin.py:188} INFO - [2026-08-15T19:15:16.706+0000] {dag.py:3947} INFO - Setting next_dagrun for nyc_taxi_ingest to None, run_after=None
[2026-08-15T19:15:16.739+0000] {processor.py:183} INFO - Processing /opt/airflow/dags/nyc_taxi_ingest.py took 1.556 seconds
[2026-08-15T19:15:47.097+0000] {processor.py:161} INFO - Started process (PID=61) to work on /opt/airflow/dags/nyc_taxi_ingest.py
[2026-08-15T19:15:47.099+0000] {processor.py:830} INFO - Processing file /opt/airflow/dags/nyc_taxi_ingest.py for tasks to queue
[2026-08-15T19:15:47.102+0000] {logging_mixin.py:188} INFO - [2026-08-15T19:15:47.101+0000] {dagbag.py:545} INFO - Filling up the DagBag from /opt/airflow/dags/nyc_taxi_ingest.py
[2026-08-15T19:15:48.523+0000] {processor.py:840} INFO - DAG(s) 'nyc_taxi_ingest' retrieved from /opt/airflow/dags/nyc_taxi_ingest.py
[2026-08-15T19:15:48.693+0000] {logging_mixin.py:188} INFO - [2026-08-15T19:15:48.692+0000] {dag.py:3089} INFO - Sync 1 DAGs
[2026-08-15T19:15:48.766+0000] {logging_mixin.py:188} INFO - [2026-08-15T19:15:48.765+0000] {dag.py:3947} INFO - Setting next_dagrun for nyc_taxi_ingest to None, run_after=None
[2026-08-15T19:15:48.812+0000] {processor.py:183} INFO - Processing /opt/airflow/dags/nyc_taxi_ingest.py took 1.724 seconds
[2026-08-15T19:16:19.165+0000] {processor.py:161} INFO - Started process (PID=63) to work on /opt/airflow/dags/nyc_taxi_ingest.py
[2026-08-15T19:16:19.168+0000] {processor.py:830} INFO - Processing file /opt/airflow/dags/nyc_taxi_ingest.py for tasks to queue
[2026-08-15T19:16:19.172+0000] {logging_mixin.py:188} INFO - [2026-08-15T19:16:19.172+0000] {dagbag.py:545} INFO - Filling up the DagBag from /opt/airflow/dags/nyc_taxi_ingest.py
[2026-08-15T19:16:20.699+0000] {processor.py:840} INFO - DAG(s) 'nyc_taxi_ingest' retrieved from /opt/airflow/dags/nyc_taxi_ingest.py
[2026-08-15T19:16:20.759+0000] {logging_mixin.py:188} INFO - [2026-08-15T19:16:20.759+0000] {dag.py:3089} INFO - Sync 1 DAGs
[2026-08-15T19:16:20.784+0000] {logging_mixin.py:188} INFO - [2026-08-15T19:16:20.783+0000] {dag.py:3947} INFO - Setting next_dagrun for nyc_taxi_ingest to None, run_after=None
[2026-08-15T19:16:20.805+0000] {processor.py:183} INFO - Processing /opt/airflow/dags/nyc_taxi_ingest.py took 1.653 seconds
[2026-08-15T19:16:51.219+0000] {processor.py:161} INFO - Started process (PID=65) to work on /opt/airflow/dags/nyc_taxi_ingest.py
[2026-08-15T19:16:51.222+0000] {processor.py:830} INFO - Processing file /opt/airflow/dags/nyc_taxi_ingest.py for tasks to queue
[2026-08-15T19:16:51.227+0000] {logging_mixin.py:188} INFO - [2026-08-15T19:16:51.226+0000] {dagbag.py:545} INFO - Filling up the DagBag from /opt/airflow/dags/nyc_taxi_ingest.py
[2026-08-15T19:16:54.528+0000] {processor.py:840} INFO - DAG(s) 'nyc_taxi_ingest' retrieved from /opt/airflow/dags/nyc_taxi_ingest.py
[2026-08-15T19:16:54.604+0000] {logging_mixin.py:188} INFO - [2026-08-15T19:16:54.603+0000] {dag.py:3089} INFO - Sync 1 DAGs
[2026-08-15T19:16:54.671+0000] {logging_mixin.py:188} INFO - [2026-08-15T19:16:54.670+0000] {dag.py:3947} INFO - Setting next_dagrun for nyc_taxi_ingest to None, run_after=None
[2026-08-15T19:16:54.734+0000] {processor.py:183} INFO - Processing /opt/airflow/dags/nyc_taxi_ingest.py took 3.558 seconds
[2026-08-15T19:17:25.417+0000] {processor.py:161} INFO - Started process (PID=67) to work on /opt/airflow/dags/nyc_taxi_ingest.py
[2026-08-15T19:17:25.427+0000] {processor.py:830} INFO - Processing file /opt/airflow/dags/nyc_taxi_ingest.py for tasks to queue
[2026-08-15T19:17:25.448+0000] {logging_mixin.py:188} INFO - [2026-08-15T19:17:25.445+0000] {dagbag.py:545} INFO - Filling up the DagBag from /opt/airflow/dags/nyc_taxi_ingest.py
[2026-08-15T19:17:33.701+0000] {processor.py:840} INFO - DAG(s) 'nyc_taxi_ingest' retrieved from /opt/airflow/dags/nyc_taxi_ingest.py
[2026-08-15T19:17:33.754+0000] {logging_mixin.py:188} INFO - [2026-08-15T19:17:33.753+0000] {dag.py:3089} INFO - Sync 1 DAGs
[2026-08-15T19:17:33.788+0000] {logging_mixin.py:188} INFO - [2026-08-15T19:17:33.787+0000] {dag.py:3947} INFO - Setting next_dagrun for nyc_taxi_ingest to None, run_after=None
[2026-08-15T19:17:33.829+0000] {processor.py:183} INFO - Processing /opt/airflow/dags/nyc_taxi_ingest.py took 8.548 seconds
[2026-08-15T19:18:04.509+0000] {processor.py:161} INFO - Started process (PID=69) to work on /opt/airflow/dags/nyc_taxi_ingest.py
[2026-08-15T19:18:04.520+0000] {processor.py:830} INFO - Processing file /opt/airflow/dags/nyc_taxi_ingest.py for tasks to queue
[2026-08-15T19:18:04.541+0000] {logging_mixin.py:188} INFO - [2026-08-15T19:18:04.539+0000] {dagbag.py:545} INFO - Filling up the DagBag from /opt/airflow/dags/nyc_taxi_ingest.py
[2026-08-15T19:18:09.891+0000] {processor.py:840} INFO - DAG(s) 'nyc_taxi_ingest' retrieved from /opt/airflow/dags/nyc_taxi_ingest.py
[2026-08-15T19:18:09.957+0000] {logging_mixin.py:188} INFO - [2026-08-15T19:18:09.956+0000] {dag.py:3089} INFO - Sync 1 DAGs
[2026-08-15T19:18:09.992+0000] {logging_mixin.py:188} INFO - [2026-08-15T19:18:09.991+0000] {dag.py:3947} INFO - Setting next_dagrun for nyc_taxi_ingest to None, run_after=None
[2026-08-15T19:18:10.046+0000] {processor.py:183} INFO - Processing /opt/airflow/dags/nyc_taxi_ingest.py took 5.688 seconds
[2026-08-15T19:18:40.502+0000] {processor.py:161} INFO - Started process (PID=71) to work on /opt/airflow/dags/nyc_taxi_ingest.py
[2026-08-15T19:18:40.503+0000] {processor.py:830} INFO - Processing file /opt/airflow/dags/nyc_taxi_ingest.py for tasks to queue
[2026-08-15T19:18:40.509+0000] {logging_mixin.py:188} INFO - [2026-08-15T19:18:40.508+0000] {dagbag.py:545} INFO - Filling up the DagBag from /opt/airflow/dags/nyc_taxi_ingest.py
[2026-08-15T19:18:42.458+0000] {processor.py:840} INFO - DAG(s) 'nyc_taxi_ingest' retrieved from /opt/airflow/dags/nyc_taxi_ingest.py
[2026-08-15T19:18:42.518+0000] {logging_mixin.py:188} INFO - [2026-08-15T19:18:42.517+0000] {dag.py:3089} INFO - Sync 1 DAGs
[2026-08-15T19:18:42.566+0000] {logging_mixin.py:188} INFO - [2026-08-15T19:18:42.566+0000] {dag.py:3947} INFO - Setting next_dagrun for nyc_taxi_ingest to None, run_after=None
[2026-08-15T19:18:42.658+0000] {processor.py:183} INFO - Processing /opt/airflow/dags/nyc_taxi_ingest.py took 2.169 seconds
[2026-08-15T19:19:12.802+0000] {processor.py:161} INFO - Started process (PID=73) to work on /opt/airflow/dags/nyc_taxi_ingest.py
[2026-08-15T19:19:12.804+0000] {processor.py:830} INFO - Processing file /opt/airflow/dags/nyc_taxi_ingest.py for tasks to queue
[2026-08-15T19:19:12.808+0000] {logging_mixin.py:188} INFO - [2026-08-15T19:19:12.807+0000] {dagbag.py:545} INFO - Filling up the DagBag from /opt/airflow/dags/nyc_taxi_ingest.py
[2026-08-15T19:19:14.133+0000] {processor.py:840} INFO - DAG(s) 'nyc_taxi_ingest' retrieved from /opt/airflow/dags/nyc_taxi_ingest.py
[2026-08-15T19:19:14.190+0000] {logging_mixin.py:188} INFO - [2026-08-15T19:19:14.189+0000] {dag.py:3089} INFO - Sync 1 DAGs
[2026-08-15T19:19:14.241+0000] {logging_mixin.py:188} INFO - [2026-08-15T19:19:14.241+0000] {dag.py:3947} INFO - Setting next_dagrun for nyc_taxi_ingest to None, run_after=None
[2026-08-15T19:19:14.287+0000] {processor.py:183} INFO - Processing /opt/airflow/dags/nyc_taxi_ingest.py took 1.499 seconds
[2026-08-15T21:01:41.563+0000] {processor.py:161} INFO - Started process (PID=75) to work on /opt/airflow/dags/nyc_taxi_ingest.py
[2026-08-15T21:01:41.587+0000] {processor.py:830} INFO - Processing file /opt/airflow/dags/nyc_taxi_ingest.py for tasks to queue
[2026-08-15T21:01:41.599+0000] {logging_mixin.py:188} INFO - [2026-08-15T21:01:41.596+0000] {dagbag.py:545} INFO - Filling up the DagBag from /opt/airflow/dags/nyc_taxi_ingest.py
[2026-08-15T21:01:43.866+0000] {processor.py:840} INFO - DAG(s) 'nyc_taxi_ingest' retrieved from /opt/airflow/dags/nyc_taxi_ingest.py
[2026-08-15T21:01:44.035+0000] {logging_mixin.py:188} INFO - [2026-08-15T21:01:44.034+0000] {dag.py:3089} INFO - Sync 1 DAGs
[2026-08-15T21:01:44.238+0000] {logging_mixin.py:188} INFO - [2026-08-15T21:01:44.236+0000] {dag.py:3947} INFO - Setting next_dagrun for nyc_taxi_ingest to None, run_after=None
[2026-08-15T21:01:45.473+0000] {processor.py:183} INFO - Processing /opt/airflow/dags/nyc_taxi_ingest.py took 3.957 seconds
[2026-08-15T21:02:16.362+0000] {processor.py:161} INFO - Started process (PID=77) to work on /opt/airflow/dags/nyc_taxi_ingest.py
[2026-08-15T21:02:16.366+0000] {processor.py:830} INFO - Processing file /opt/airflow/dags/nyc_taxi_ingest.py for tasks to queue
[2026-08-15T21:02:16.385+0000] {logging_mixin.py:188} INFO - [2026-08-15T21:02:16.384+0000] {dagbag.py:545} INFO - Filling up the DagBag from /opt/airflow/dags/nyc_taxi_ingest.py
[2026-08-15T21:02:23.998+0000] {processor.py:840} INFO - DAG(s) 'nyc_taxi_ingest' retrieved from /opt/airflow/dags/nyc_taxi_ingest.py
[2026-08-15T21:02:24.089+0000] {logging_mixin.py:188} INFO - [2026-08-15T21:02:24.088+0000] {dag.py:3089} INFO - Sync 1 DAGs
[2026-08-15T21:02:24.166+0000] {logging_mixin.py:188} INFO - [2026-08-15T21:02:24.166+0000] {dag.py:3947} INFO - Setting next_dagrun for nyc_taxi_ingest to None, run_after=None
[2026-08-15T21:02:24.247+0000] {processor.py:183} INFO - Processing /opt/airflow/dags/nyc_taxi_ingest.py took 7.960 seconds
[2026-08-15T21:02:54.795+0000] {processor.py:161} INFO - Started process (PID=79) to work on /opt/airflow/dags/nyc_taxi_ingest.py
[2026-08-15T21:02:54.803+0000] {processor.py:830} INFO - Processing file /opt/airflow/dags/nyc_taxi_ingest.py for tasks to queue
[2026-08-15T21:02:54.814+0000] {logging_mixin.py:188} INFO - [2026-08-15T21:02:54.813+0000] {dagbag.py:545} INFO - Filling up the DagBag from /opt/airflow/dags/nyc_taxi_ingest.py
[2026-08-15T21:02:56.777+0000] {processor.py:840} INFO - DAG(s) 'nyc_taxi_ingest' retrieved from /opt/airflow/dags/nyc_taxi_ingest.py
[2026-08-15T21:02:56.831+0000] {logging_mixin.py:188} INFO - [2026-08-15T21:02:56.830+0000] {dag.py:3089} INFO - Sync 1 DAGs
[2026-08-15T21:02:56.892+0000] {logging_mixin.py:188} INFO - [2026-08-15T21:02:56.890+0000] {dag.py:3947} INFO - Setting next_dagrun for nyc_taxi_ingest to None, run_after=None
[2026-08-15T21:02:56.981+0000] {processor.py:183} INFO - Processing /opt/airflow/dags/nyc_taxi_ingest.py took 2.275 seconds
[2026-08-15T21:03:27.528+0000] {processor.py:161} INFO - Started process (PID=81) to work on /opt/airflow/dags/nyc_taxi_ingest.py
[2026-08-15T21:03:27.532+0000] {processor.py:830} INFO - Processing file /opt/airflow/dags/nyc_taxi_ingest.py for tasks to queue
[2026-08-15T21:03:27.540+0000] {logging_mixin.py:188} INFO - [2026-08-15T21:03:27.539+0000] {dagbag.py:545} INFO - Filling up the DagBag from /opt/airflow/dags/nyc_taxi_ingest.py
[2026-08-15T21:03:33.251+0000] {processor.py:840} INFO - DAG(s) 'nyc_taxi_ingest' retrieved from /opt/airflow/dags/nyc_taxi_ingest.py
[2026-08-15T21:03:33.293+0000] {logging_mixin.py:188} INFO - [2026-08-15T21:03:33.292+0000] {dag.py:3089} INFO - Sync 1 DAGs
[2026-08-15T21:03:33.319+0000] {logging_mixin.py:188} INFO - [2026-08-15T21:03:33.318+0000] {dag.py:3947} INFO - Setting next_dagrun for nyc_taxi_ingest to None, run_after=None
[2026-08-15T21:03:33.341+0000] {processor.py:183} INFO - Processing /opt/airflow/dags/nyc_taxi_ingest.py took 5.835 seconds
[2026-08-15T21:04:03.605+0000] {processor.py:161} INFO - Started process (PID=83) to work on /opt/airflow/dags/nyc_taxi_ingest.py
[2026-08-15T21:04:03.608+0000] {processor.py:830} INFO - Processing file /opt/airflow/dags/nyc_taxi_ingest.py for tasks to queue
[2026-08-15T21:04:03.613+0000] {logging_mixin.py:188} INFO - [2026-08-15T21:04:03.612+0000] {dagbag.py:545} INFO - Filling up the DagBag from /opt/airflow/dags/nyc_taxi_ingest.py
[2026-08-15T21:04:04.628+0000] {processor.py:840} INFO - DAG(s) 'nyc_taxi_ingest' retrieved from /opt/airflow/dags/nyc_taxi_ingest.py
[2026-08-15T21:04:04.676+0000] {logging_mixin.py:188} INFO - [2026-08-15T21:04:04.676+0000] {dag.py:3089} INFO - Sync 1 DAGs
[2026-08-15T21:04:04.715+0000] {logging_mixin.py:188} INFO - [2026-08-15T21:04:04.715+0000] {dag.py:3947} INFO - Setting next_dagrun for nyc_taxi_ingest to None, run_after=None
[2026-08-15T21:04:04.748+0000] {processor.py:183} INFO - Processing /opt/airflow/dags/nyc_taxi_ingest.py took 1.169 seconds
[2026-08-15T21:04:35.144+0000] {processor.py:161} INFO - Started process (PID=85) to work on /opt/airflow/dags/nyc_taxi_ingest.py
[2026-08-15T21:04:35.146+0000] {processor.py:830} INFO - Processing file /opt/airflow/dags/nyc_taxi_ingest.py for tasks to queue
[2026-08-15T21:04:35.150+0000] {logging_mixin.py:188} INFO - [2026-08-15T21:04:35.149+0000] {dagbag.py:545} INFO - Filling up the DagBag from /opt/airflow/dags/nyc_taxi_ingest.py
[2026-08-15T21:04:36.162+0000] {processor.py:840} INFO - DAG(s) 'nyc_taxi_ingest' retrieved from /opt/airflow/dags/nyc_taxi_ingest.py
[2026-08-15T21:04:36.200+0000] {logging_mixin.py:188} INFO - [2026-08-15T21:04:36.199+0000] {dag.py:3089} INFO - Sync 1 DAGs
[2026-08-15T21:04:36.227+0000] {logging_mixin.py:188} INFO - [2026-08-15T21:04:36.227+0000] {dag.py:3947} INFO - Setting next_dagrun for nyc_taxi_ingest to None, run_after=None
[2026-08-15T21:04:36.255+0000] {processor.py:183} INFO - Processing /opt/airflow/dags/nyc_taxi_ingest.py took 1.123 seconds
[2026-08-15T21:05:06.628+0000] {processor.py:161} INFO - Started process (PID=87) to work on /opt/airflow/dags/nyc_taxi_ingest.py
[2026-08-15T21:05:06.629+0000] {processor.py:830} INFO - Processing file /opt/airflow/dags/nyc_taxi_ingest.py for tasks to queue
[2026-08-15T21:05:06.634+0000] {logging_mixin.py:188} INFO - [2026-08-15T21:05:06.633+0000] {dagbag.py:545} INFO - Filling up the DagBag from /opt/airflow/dags/nyc_taxi_ingest.py
[2026-08-15T21:05:08.305+0000] {processor.py:840} INFO - DAG(s) 'nyc_taxi_ingest' retrieved from /opt/airflow/dags/nyc_taxi_ingest.py
[2026-08-15T21:05:08.344+0000] {logging_mixin.py:188} INFO - [2026-08-15T21:05:08.344+0000] {dag.py:3089} INFO - Sync 1 DAGs
[2026-08-15T21:05:08.371+0000] {logging_mixin.py:188} INFO - [2026-08-15T21:05:08.370+0000] {dag.py:3947} INFO - Setting next_dagrun for nyc_taxi_ingest to None, run_after=None
[2026-08-15T21:05:08.395+0000] {processor.py:183} INFO - Processing /opt/airflow/dags/nyc_taxi_ingest.py took 1.775 seconds
[2026-08-15T21:05:38.816+0000] {processor.py:161} INFO - Started process (PID=89) to work on /opt/airflow/dags/nyc_taxi_ingest.py
[2026-08-15T21:05:38.828+0000] {processor.py:830} INFO - Processing file /opt/airflow/dags/nyc_taxi_ingest.py for tasks to queue
[2026-08-15T21:05:38.832+0000] {logging_mixin.py:188} INFO - [2026-08-15T21:05:38.831+0000] {dagbag.py:545} INFO - Filling up the DagBag from /opt/airflow/dags/nyc_taxi_ingest.py
[2026-08-15T21:05:40.580+0000] {processor.py:840} INFO - DAG(s) 'nyc_taxi_ingest' retrieved from /opt/airflow/dags/nyc_taxi_ingest.py
[2026-08-15T21:05:40.651+0000] {logging_mixin.py:188} INFO - [2026-08-15T21:05:40.650+0000] {dag.py:3089} INFO - Sync 1 DAGs
[2026-08-15T21:05:40.716+0000] {logging_mixin.py:188} INFO - [2026-08-15T21:05:40.715+0000] {dag.py:3947} INFO - Setting next_dagrun for nyc_taxi_ingest to None, run_after=None
[2026-08-15T21:05:40.795+0000] {processor.py:183} INFO - Processing /opt/airflow/dags/nyc_taxi_ingest.py took 1.990 seconds
[2026-08-15T21:06:06.333+0000] {processor.py:161} INFO - Started process (PID=91) to work on /opt/airflow/dags/nyc_taxi_ingest.py
[2026-08-15T21:06:06.337+0000] {processor.py:830} INFO - Processing file /opt/airflow/dags/nyc_taxi_ingest.py for tasks to queue
[2026-08-15T21:06:06.342+0000] {logging_mixin.py:188} INFO - [2026-08-15T21:06:06.341+0000] {dagbag.py:545} INFO - Filling up the DagBag from /opt/airflow/dags/nyc_taxi_ingest.py
[2026-08-15T21:06:09.406+0000] {processor.py:840} INFO - DAG(s) 'nyc_taxi_ingest' retrieved from /opt/airflow/dags/nyc_taxi_ingest.py
[2026-08-15T21:06:09.507+0000] {logging_mixin.py:188} INFO - [2026-08-15T21:06:09.506+0000] {dag.py:3089} INFO - Sync 1 DAGs
[2026-08-15T21:06:09.576+0000] {logging_mixin.py:188} INFO - [2026-08-15T21:06:09.575+0000] {dag.py:3947} INFO - Setting next_dagrun for nyc_taxi_ingest to None, run_after=None
[2026-08-15T21:06:09.629+0000] {processor.py:183} INFO - Processing /opt/airflow/dags/nyc_taxi_ingest.py took 3.312 seconds
[2026-08-15T21:06:39.990+0000] {processor.py:161} INFO - Started process (PID=93) to work on /opt/airflow/dags/nyc_taxi_ingest.py
[2026-08-15T21:06:40.000+0000] {processor.py:830} INFO - Processing file /opt/airflow/dags/nyc_taxi_ingest.py for tasks to queue
[2026-08-15T21:06:40.054+0000] {logging_mixin.py:188} INFO - [2026-08-15T21:06:40.046+0000] {dagbag.py:545} INFO - Filling up the DagBag from /opt/airflow/dags/nyc_taxi_ingest.py
[2026-08-15T21:06:42.800+0000] {processor.py:840} INFO - DAG(s) 'nyc_taxi_ingest' retrieved from /opt/airflow/dags/nyc_taxi_ingest.py
[2026-08-15T21:06:42.850+0000] {logging_mixin.py:188} INFO - [2026-08-15T21:06:42.849+0000] {dag.py:3089} INFO - Sync 1 DAGs
[2026-08-15T21:06:42.879+0000] {logging_mixin.py:188} INFO - [2026-08-15T21:06:42.879+0000] {dag.py:3947} INFO - Setting next_dagrun for nyc_taxi_ingest to None, run_after=None
[2026-08-15T21:06:42.908+0000] {processor.py:183} INFO - Processing /opt/airflow/dags/nyc_taxi_ingest.py took 3.009 seconds
[2026-08-15T21:07:13.158+0000] {processor.py:161} INFO - Started process (PID=95) to work on /opt/airflow/dags/nyc_taxi_ingest.py
[2026-08-15T21:07:13.160+0000] {processor.py:830} INFO - Processing file /opt/airflow/dags/nyc_taxi_ingest.py for tasks to queue
[2026-08-15T21:07:13.164+0000] {logging_mixin.py:188} INFO - [2026-08-15T21:07:13.163+0000] {dagbag.py:545} INFO - Filling up the DagBag from /opt/airflow/dags/nyc_taxi_ingest.py
[2026-08-15T21:07:17.722+0000] {processor.py:840} INFO - DAG(s) 'nyc_taxi_ingest' retrieved from /opt/airflow/dags/nyc_taxi_ingest.py
[2026-08-15T21:07:17.806+0000] {logging_mixin.py:188} INFO - [2026-08-15T21:07:17.805+0000] {dag.py:3089} INFO - Sync 1 DAGs
[2026-08-15T21:07:17.920+0000] {logging_mixin.py:188} INFO - [2026-08-15T21:07:17.919+0000] {dag.py:3947} INFO - Setting next_dagrun for nyc_taxi_ingest to None, run_after=None
[2026-08-15T21:07:17.994+0000] {processor.py:183} INFO - Processing /opt/airflow/dags/nyc_taxi_ingest.py took 4.851 seconds
[2026-08-15T21:07:48.536+0000] {processor.py:161} INFO - Started process (PID=97) to work on /opt/airflow/dags/nyc_taxi_ingest.py
[2026-08-15T21:07:48.538+0000] {processor.py:830} INFO - Processing file /opt/airflow/dags/nyc_taxi_ingest.py for tasks to queue
[2026-08-15T21:07:48.542+0000] {logging_mixin.py:188} INFO - [2026-08-15T21:07:48.541+0000] {dagbag.py:545} INFO - Filling up the DagBag from /opt/airflow/dags/nyc_taxi_ingest.py
[2026-08-15T21:07:51.458+0000] {processor.py:840} INFO - DAG(s) 'nyc_taxi_ingest' retrieved from /opt/airflow/dags/nyc_taxi_ingest.py
[2026-08-15T21:07:51.953+0000] {logging_mixin.py:188} INFO - [2026-08-15T21:07:51.951+0000] {dag.py:3089} INFO - Sync 1 DAGs
[2026-08-15T21:07:52.014+0000] {logging_mixin.py:188} INFO - [2026-08-15T21:07:52.013+0000] {dag.py:3947} INFO - Setting next_dagrun for nyc_taxi_ingest to None, run_after=None
[2026-08-15T21:07:52.077+0000] {processor.py:183} INFO - Processing /opt/airflow/dags/nyc_taxi_ingest.py took 3.559 seconds
[2026-08-15T21:08:22.695+0000] {processor.py:161} INFO - Started process (PID=99) to work on /opt/airflow/dags/nyc_taxi_ingest.py
[2026-08-15T21:08:22.698+0000] {processor.py:830} INFO - Processing file /opt/airflow/dags/nyc_taxi_ingest.py for tasks to queue
[2026-08-15T21:08:22.703+0000] {logging_mixin.py:188} INFO - [2026-08-15T21:08:22.702+0000] {dagbag.py:545} INFO - Filling up the DagBag from /opt/airflow/dags/nyc_taxi_ingest.py
[2026-08-15T21:08:28.664+0000] {processor.py:840} INFO - DAG(s) 'nyc_taxi_ingest' retrieved from /opt/airflow/dags/nyc_taxi_ingest.py
[2026-08-15T21:08:29.145+0000] {logging_mixin.py:188} INFO - [2026-08-15T21:08:29.143+0000] {dag.py:3089} INFO - Sync 1 DAGs
[2026-08-15T21:08:29.453+0000] {logging_mixin.py:188} INFO - [2026-08-15T21:08:29.452+0000] {dag.py:3947} INFO - Setting next_dagrun for nyc_taxi_ingest to None, run_after=None
[2026-08-15T21:08:29.638+0000] {processor.py:183} INFO - Processing /opt/airflow/dags/nyc_taxi_ingest.py took 6.974 seconds
[2026-08-15T21:09:00.083+0000] {processor.py:161} INFO - Started process (PID=101) to work on /opt/airflow/dags/nyc_taxi_ingest.py
[2026-08-15T21:09:00.101+0000] {processor.py:830} INFO - Processing file /opt/airflow/dags/nyc_taxi_ingest.py for tasks to queue
[2026-08-15T21:09:00.126+0000] {logging_mixin.py:188} INFO - [2026-08-15T21:09:00.120+0000] {dagbag.py:545} INFO - Filling up the DagBag from /opt/airflow/dags/nyc_taxi_ingest.py
[2026-08-15T21:09:03.579+0000] {processor.py:840} INFO - DAG(s) 'nyc_taxi_ingest' retrieved from /opt/airflow/dags/nyc_taxi_ingest.py
[2026-08-15T21:09:03.705+0000] {logging_mixin.py:188} INFO - [2026-08-15T21:09:03.704+0000] {dag.py:3089} INFO - Sync 1 DAGs
[2026-08-15T21:09:03.796+0000] {logging_mixin.py:188} INFO - [2026-08-15T21:09:03.795+0000] {dag.py:3947} INFO - Setting next_dagrun for nyc_taxi_ingest to None, run_after=None
[2026-08-15T21:09:03.853+0000] {processor.py:183} INFO - Processing /opt/airflow/dags/nyc_taxi_ingest.py took 3.855 seconds
[2026-08-15T21:09:34.742+0000] {processor.py:161} INFO - Started process (PID=103) to work on /opt/airflow/dags/nyc_taxi_ingest.py
[2026-08-15T21:09:34.751+0000] {processor.py:830} INFO - Processing file /opt/airflow/dags/nyc_taxi_ingest.py for tasks to queue
[2026-08-15T21:09:34.771+0000] {logging_mixin.py:188} INFO - [2026-08-15T21:09:34.770+0000] {dagbag.py:545} INFO - Filling up the DagBag from /opt/airflow/dags/nyc_taxi_ingest.py
[2026-08-15T21:09:44.426+0000] {processor.py:840} INFO - DAG(s) 'nyc_taxi_ingest' retrieved from /opt/airflow/dags/nyc_taxi_ingest.py
[2026-08-15T21:09:44.503+0000] {logging_mixin.py:188} INFO - [2026-08-15T21:09:44.502+0000] {dag.py:3089} INFO - Sync 1 DAGs
[2026-08-15T21:09:44.553+0000] {logging_mixin.py:188} INFO - [2026-08-15T21:09:44.552+0000] {dag.py:3947} INFO - Setting next_dagrun for nyc_taxi_ingest to None, run_after=None
[2026-08-15T21:09:44.601+0000] {processor.py:183} INFO - Processing /opt/airflow/dags/nyc_taxi_ingest.py took 10.127 seconds
[2026-08-15T21:10:15.163+0000] {processor.py:161} INFO - Started process (PID=105) to work on /opt/airflow/dags/nyc_taxi_ingest.py
[2026-08-15T21:10:15.165+0000] {processor.py:830} INFO - Processing file /opt/airflow/dags/nyc_taxi_ingest.py for tasks to queue
[2026-08-15T21:10:15.169+0000] {logging_mixin.py:188} INFO - [2026-08-15T21:10:15.168+0000] {dagbag.py:545} INFO - Filling up the DagBag from /opt/airflow/dags/nyc_taxi_ingest.py
[2026-08-15T21:10:18.457+0000] {processor.py:840} INFO - DAG(s) 'nyc_taxi_ingest' retrieved from /opt/airflow/dags/nyc_taxi_ingest.py
[2026-08-15T21:10:18.496+0000] {logging_mixin.py:188} INFO - [2026-08-15T21:10:18.496+0000] {dag.py:3089} INFO - Sync 1 DAGs
[2026-08-15T21:10:18.533+0000] {logging_mixin.py:188} INFO - [2026-08-15T21:10:18.532+0000] {dag.py:3947} INFO - Setting next_dagrun for nyc_taxi_ingest to None, run_after=None
[2026-08-15T21:10:18.573+0000] {processor.py:183} INFO - Processing /opt/airflow/dags/nyc_taxi_ingest.py took 3.433 seconds
[2026-08-15T21:10:48.848+0000] {processor.py:161} INFO - Started process (PID=107) to work on /opt/airflow/dags/nyc_taxi_ingest.py
[2026-08-15T21:10:48.850+0000] {processor.py:830} INFO - Processing file /opt/airflow/dags/nyc_taxi_ingest.py for tasks to queue
[2026-08-15T21:10:48.852+0000] {logging_mixin.py:188} INFO - [2026-08-15T21:10:48.852+0000] {dagbag.py:545} INFO - Filling up the DagBag from /opt/airflow/dags/nyc_taxi_ingest.py
[2026-08-15T21:10:50.018+0000] {processor.py:840} INFO - DAG(s) 'nyc_taxi_ingest' retrieved from /opt/airflow/dags/nyc_taxi_ingest.py
[2026-08-15T21:10:50.082+0000] {logging_mixin.py:188} INFO - [2026-08-15T21:10:50.081+0000] {dag.py:3089} INFO - Sync 1 DAGs
[2026-08-15T21:10:50.123+0000] {logging_mixin.py:188} INFO - [2026-08-15T21:10:50.123+0000] {dag.py:3947} INFO - Setting next_dagrun for nyc_taxi_ingest to None, run_after=None
[2026-08-15T21:10:50.174+0000] {processor.py:183} INFO - Processing /opt/airflow/dags/nyc_taxi_ingest.py took 1.334 seconds
[2026-08-15T21:11:20.360+0000] {processor.py:161} INFO - Started process (PID=109) to work on /opt/airflow/dags/nyc_taxi_ingest.py
[2026-08-15T21:11:20.363+0000] {processor.py:830} INFO - Processing file /opt/airflow/dags/nyc_taxi_ingest.py for tasks to queue
[2026-08-15T21:11:20.368+0000] {logging_mixin.py:188} INFO - [2026-08-15T21:11:20.367+0000] {dagbag.py:545} INFO - Filling up the DagBag from /opt/airflow/dags/nyc_taxi_ingest.py
[2026-08-15T21:11:21.778+0000] {processor.py:840} INFO - DAG(s) 'nyc_taxi_ingest' retrieved from /opt/airflow/dags/nyc_taxi_ingest.py
[2026-08-15T21:11:21.811+0000] {logging_mixin.py:188} INFO - [2026-08-15T21:11:21.811+0000] {dag.py:3089} INFO - Sync 1 DAGs
[2026-08-15T21:11:21.839+0000] {logging_mixin.py:188} INFO - [2026-08-15T21:11:21.839+0000] {dag.py:3947} INFO - Setting next_dagrun for nyc_taxi_ingest to None, run_after=None
[2026-08-15T21:11:21.862+0000] {processor.py:183} INFO - Processing /opt/airflow/dags/nyc_taxi_ingest.py took 1.518 seconds
[2026-08-15T21:11:52.383+0000] {processor.py:161} INFO - Started process (PID=111) to work on /opt/airflow/dags/nyc_taxi_ingest.py
[2026-08-15T21:11:52.388+0000] {processor.py:830} INFO - Processing file /opt/airflow/dags/nyc_taxi_ingest.py for tasks to queue
[2026-08-15T21:11:52.393+0000] {logging_mixin.py:188} INFO - [2026-08-15T21:11:52.392+0000] {dagbag.py:545} INFO - Filling up the DagBag from /opt/airflow/dags/nyc_taxi_ingest.py
[2026-08-15T21:11:53.866+0000] {processor.py:840} INFO - DAG(s) 'nyc_taxi_ingest' retrieved from /opt/airflow/dags/nyc_taxi_ingest.py
[2026-08-15T21:11:53.932+0000] {logging_mixin.py:188} INFO - [2026-08-15T21:11:53.931+0000] {dag.py:3089} INFO - Sync 1 DAGs
[2026-08-15T21:11:53.994+0000] {logging_mixin.py:188} INFO - [2026-08-15T21:11:53.993+0000] {dag.py:3947} INFO - Setting next_dagrun for nyc_taxi_ingest to None, run_after=None
[2026-08-15T21:11:54.040+0000] {processor.py:183} INFO - Processing /opt/airflow/dags/nyc_taxi_ingest.py took 1.675 seconds
[2026-08-15T21:12:13.460+0000] {processor.py:161} INFO - Started process (PID=113) to work on /opt/airflow/dags/nyc_taxi_ingest.py
[2026-08-15T21:12:13.474+0000] {processor.py:830} INFO - Processing file /opt/airflow/dags/nyc_taxi_ingest.py for tasks to queue
[2026-08-15T21:12:13.496+0000] {logging_mixin.py:188} INFO - [2026-08-15T21:12:13.495+0000] {dagbag.py:545} INFO - Filling up the DagBag from /opt/airflow/dags/nyc_taxi_ingest.py
[2026-08-15T21:12:16.362+0000] {processor.py:840} INFO - DAG(s) 'nyc_taxi_ingest' retrieved from /opt/airflow/dags/nyc_taxi_ingest.py
[2026-08-15T21:12:16.455+0000] {logging_mixin.py:188} INFO - [2026-08-15T21:12:16.454+0000] {dag.py:3089} INFO - Sync 1 DAGs
[2026-08-15T21:12:16.505+0000] {logging_mixin.py:188} INFO - [2026-08-15T21:12:16.505+0000] {dag.py:3947} INFO - Setting next_dagrun for nyc_taxi_ingest to None, run_after=None
[2026-08-15T21:12:16.598+0000] {processor.py:183} INFO - Processing /opt/airflow/dags/nyc_taxi_ingest.py took 3.166 seconds
[2026-08-15T21:12:19.693+0000] {processor.py:161} INFO - Started process (PID=115) to work on /opt/airflow/dags/nyc_taxi_ingest.py
[2026-08-15T21:12:19.704+0000] {processor.py:830} INFO - Processing file /opt/airflow/dags/nyc_taxi_ingest.py for tasks to queue
[2026-08-15T21:12:19.712+0000] {logging_mixin.py:188} INFO - [2026-08-15T21:12:19.711+0000] {dagbag.py:545} INFO - Filling up the DagBag from /opt/airflow/dags/nyc_taxi_ingest.py
[2026-08-15T21:12:22.512+0000] {processor.py:840} INFO - DAG(s) 'nyc_taxi_ingest' retrieved from /opt/airflow/dags/nyc_taxi_ingest.py
[2026-08-15T21:12:22.766+0000] {logging_mixin.py:188} INFO - [2026-08-15T21:12:22.765+0000] {dag.py:3089} INFO - Sync 1 DAGs
[2026-08-15T21:12:22.926+0000] {logging_mixin.py:188} INFO - [2026-08-15T21:12:22.925+0000] {dag.py:3947} INFO - Setting next_dagrun for nyc_taxi_ingest to None, run_after=None
[2026-08-15T21:12:23.203+0000] {processor.py:183} INFO - Processing /opt/airflow/dags/nyc_taxi_ingest.py took 3.532 seconds
[2026-08-15T21:12:31.613+0000] {processor.py:161} INFO - Started process (PID=117) to work on /opt/airflow/dags/nyc_taxi_ingest.py
[2026-08-15T21:12:31.614+0000] {processor.py:830} INFO - Processing file /opt/airflow/dags/nyc_taxi_ingest.py for tasks to queue
[2026-08-15T21:12:31.618+0000] {logging_mixin.py:188} INFO - [2026-08-15T21:12:31.617+0000] {dagbag.py:545} INFO - Filling up the DagBag from /opt/airflow/dags/nyc_taxi_ingest.py
[2026-08-15T21:12:31.672+0000] {logging_mixin.py:188} INFO - [2026-08-15T21:12:31.664+0000] {dagbag.py:355} ERROR - Failed to import: /opt/airflow/dags/nyc_taxi_ingest.py
Traceback (most recent call last):
  File "/home/airflow/.local/lib/python3.12/site-packages/airflow/models/dagbag.py", line 351, in parse
    loader.exec_module(new_module)
  File "<frozen importlib._bootstrap_external>", line 991, in exec_module
  File "<frozen importlib._bootstrap_external>", line 1129, in get_code
  File "<frozen importlib._bootstrap_external>", line 1059, in source_to_code
  File "<frozen importlib._bootstrap>", line 488, in _call_with_frames_removed
  File "/opt/airflow/dags/nyc_taxi_ingest.py", line 23
    return Client(
IndentationError: unexpected indent
[2026-08-15T21:12:31.673+0000] {processor.py:842} WARNING - No viable dags retrieved from /opt/airflow/dags/nyc_taxi_ingest.py
[2026-08-15T21:12:31.727+0000] {processor.py:183} INFO - Processing /opt/airflow/dags/nyc_taxi_ingest.py took 0.124 seconds
[2026-08-15T21:12:34.905+0000] {processor.py:161} INFO - Started process (PID=118) to work on /opt/airflow/dags/nyc_taxi_ingest.py
[2026-08-15T21:12:34.915+0000] {processor.py:830} INFO - Processing file /opt/airflow/dags/nyc_taxi_ingest.py for tasks to queue
[2026-08-15T21:12:34.921+0000] {logging_mixin.py:188} INFO - [2026-08-15T21:12:34.920+0000] {dagbag.py:545} INFO - Filling up the DagBag from /opt/airflow/dags/nyc_taxi_ingest.py
[2026-08-15T21:12:37.089+0000] {processor.py:840} INFO - DAG(s) 'nyc_taxi_ingest' retrieved from /opt/airflow/dags/nyc_taxi_ingest.py
[2026-08-15T21:12:37.176+0000] {logging_mixin.py:188} INFO - [2026-08-15T21:12:37.175+0000] {dag.py:3089} INFO - Sync 1 DAGs
[2026-08-15T21:12:37.197+0000] {logging_mixin.py:188} INFO - [2026-08-15T21:12:37.197+0000] {dag.py:3947} INFO - Setting next_dagrun for nyc_taxi_ingest to None, run_after=None
[2026-08-15T21:12:37.306+0000] {processor.py:183} INFO - Processing /opt/airflow/dags/nyc_taxi_ingest.py took 2.424 seconds
[2026-08-15T21:13:02.419+0000] {processor.py:161} INFO - Started process (PID=120) to work on /opt/airflow/dags/nyc_taxi_ingest.py
[2026-08-15T21:13:02.424+0000] {processor.py:830} INFO - Processing file /opt/airflow/dags/nyc_taxi_ingest.py for tasks to queue
[2026-08-15T21:13:02.433+0000] {logging_mixin.py:188} INFO - [2026-08-15T21:13:02.432+0000] {dagbag.py:545} INFO - Filling up the DagBag from /opt/airflow/dags/nyc_taxi_ingest.py
[2026-08-15T21:13:05.407+0000] {processor.py:840} INFO - DAG(s) 'nyc_taxi_ingest' retrieved from /opt/airflow/dags/nyc_taxi_ingest.py
[2026-08-15T21:13:05.486+0000] {logging_mixin.py:188} INFO - [2026-08-15T21:13:05.483+0000] {dag.py:3089} INFO - Sync 1 DAGs
[2026-08-15T21:13:05.553+0000] {logging_mixin.py:188} INFO - [2026-08-15T21:13:05.552+0000] {dag.py:3947} INFO - Setting next_dagrun for nyc_taxi_ingest to None, run_after=None
[2026-08-15T21:13:05.725+0000] {processor.py:183} INFO - Processing /opt/airflow/dags/nyc_taxi_ingest.py took 3.324 seconds
[2026-08-15T21:13:06.741+0000] {processor.py:161} INFO - Started process (PID=122) to work on /opt/airflow/dags/nyc_taxi_ingest.py
[2026-08-15T21:13:06.744+0000] {processor.py:830} INFO - Processing file /opt/airflow/dags/nyc_taxi_ingest.py for tasks to queue
[2026-08-15T21:13:06.748+0000] {logging_mixin.py:188} INFO - [2026-08-15T21:13:06.747+0000] {dagbag.py:545} INFO - Filling up the DagBag from /opt/airflow/dags/nyc_taxi_ingest.py
[2026-08-15T21:13:08.085+0000] {processor.py:840} INFO - DAG(s) 'nyc_taxi_ingest' retrieved from /opt/airflow/dags/nyc_taxi_ingest.py
[2026-08-15T21:13:08.196+0000] {logging_mixin.py:188} INFO - [2026-08-15T21:13:08.195+0000] {dag.py:3089} INFO - Sync 1 DAGs
[2026-08-15T21:13:08.248+0000] {logging_mixin.py:188} INFO - [2026-08-15T21:13:08.248+0000] {dag.py:3947} INFO - Setting next_dagrun for nyc_taxi_ingest to None, run_after=None
[2026-08-15T21:13:08.303+0000] {processor.py:183} INFO - Processing /opt/airflow/dags/nyc_taxi_ingest.py took 1.579 seconds
[2026-08-15T21:13:10.989+0000] {processor.py:161} INFO - Started process (PID=124) to work on /opt/airflow/dags/nyc_taxi_ingest.py
[2026-08-15T21:13:10.991+0000] {processor.py:830} INFO - Processing file /opt/airflow/dags/nyc_taxi_ingest.py for tasks to queue
[2026-08-15T21:13:10.996+0000] {logging_mixin.py:188} INFO - [2026-08-15T21:13:10.995+0000] {dagbag.py:545} INFO - Filling up the DagBag from /opt/airflow/dags/nyc_taxi_ingest.py
[2026-08-15T21:13:11.037+0000] {logging_mixin.py:188} INFO - [2026-08-15T21:13:11.035+0000] {dagbag.py:355} ERROR - Failed to import: /opt/airflow/dags/nyc_taxi_ingest.py
Traceback (most recent call last):
  File "/home/airflow/.local/lib/python3.12/site-packages/airflow/models/dagbag.py", line 351, in parse
    loader.exec_module(new_module)
  File "<frozen importlib._bootstrap_external>", line 991, in exec_module
  File "<frozen importlib._bootstrap_external>", line 1129, in get_code
  File "<frozen importlib._bootstrap_external>", line 1059, in source_to_code
  File "<frozen importlib._bootstrap>", line 488, in _call_with_frames_removed
  File "/opt/airflow/dags/nyc_taxi_ingest.py", line 22
    '''
    ^
SyntaxError: unterminated triple-quoted string literal (detected at line 140)
[2026-08-15T21:13:11.039+0000] {processor.py:842} WARNING - No viable dags retrieved from /opt/airflow/dags/nyc_taxi_ingest.py
[2026-08-15T21:13:11.109+0000] {processor.py:183} INFO - Processing /opt/airflow/dags/nyc_taxi_ingest.py took 0.132 seconds
[2026-08-15T21:13:16.302+0000] {processor.py:161} INFO - Started process (PID=125) to work on /opt/airflow/dags/nyc_taxi_ingest.py
[2026-08-15T21:13:16.306+0000] {processor.py:830} INFO - Processing file /opt/airflow/dags/nyc_taxi_ingest.py for tasks to queue
[2026-08-15T21:13:16.313+0000] {logging_mixin.py:188} INFO - [2026-08-15T21:13:16.312+0000] {dagbag.py:545} INFO - Filling up the DagBag from /opt/airflow/dags/nyc_taxi_ingest.py
[2026-08-15T21:13:18.148+0000] {processor.py:840} INFO - DAG(s) 'nyc_taxi_ingest' retrieved from /opt/airflow/dags/nyc_taxi_ingest.py
[2026-08-15T21:13:18.199+0000] {logging_mixin.py:188} INFO - [2026-08-15T21:13:18.198+0000] {dag.py:3089} INFO - Sync 1 DAGs
[2026-08-15T21:13:18.252+0000] {logging_mixin.py:188} INFO - [2026-08-15T21:13:18.251+0000] {dag.py:3947} INFO - Setting next_dagrun for nyc_taxi_ingest to None, run_after=None
[2026-08-15T21:13:18.325+0000] {processor.py:183} INFO - Processing /opt/airflow/dags/nyc_taxi_ingest.py took 2.050 seconds
[2026-08-15T21:13:44.679+0000] {processor.py:161} INFO - Started process (PID=127) to work on /opt/airflow/dags/nyc_taxi_ingest.py
[2026-08-15T21:13:44.680+0000] {processor.py:830} INFO - Processing file /opt/airflow/dags/nyc_taxi_ingest.py for tasks to queue
[2026-08-15T21:13:44.687+0000] {logging_mixin.py:188} INFO - [2026-08-15T21:13:44.686+0000] {dagbag.py:545} INFO - Filling up the DagBag from /opt/airflow/dags/nyc_taxi_ingest.py
[2026-08-15T21:13:44.791+0000] {logging_mixin.py:188} INFO - [2026-08-15T21:13:44.770+0000] {dagbag.py:355} ERROR - Failed to import: /opt/airflow/dags/nyc_taxi_ingest.py
Traceback (most recent call last):
  File "/home/airflow/.local/lib/python3.12/site-packages/airflow/models/dagbag.py", line 351, in parse
    loader.exec_module(new_module)
  File "<frozen importlib._bootstrap_external>", line 991, in exec_module
  File "<frozen importlib._bootstrap_external>", line 1129, in get_code
  File "<frozen importlib._bootstrap_external>", line 1059, in source_to_code
  File "<frozen importlib._bootstrap>", line 488, in _call_with_frames_removed
  File "/opt/airflow/dags/nyc_taxi_ingest.py", line 55
    import requestsdef load_bronze():
                       ^^^^^^^^^^^
SyntaxError: invalid syntax
[2026-08-15T21:13:44.794+0000] {processor.py:842} WARNING - No viable dags retrieved from /opt/airflow/dags/nyc_taxi_ingest.py
[2026-08-15T21:13:44.872+0000] {processor.py:183} INFO - Processing /opt/airflow/dags/nyc_taxi_ingest.py took 0.203 seconds
[2026-08-15T21:13:46.040+0000] {processor.py:161} INFO - Started process (PID=128) to work on /opt/airflow/dags/nyc_taxi_ingest.py
[2026-08-15T21:13:46.042+0000] {processor.py:830} INFO - Processing file /opt/airflow/dags/nyc_taxi_ingest.py for tasks to queue
[2026-08-15T21:13:46.045+0000] {logging_mixin.py:188} INFO - [2026-08-15T21:13:46.044+0000] {dagbag.py:545} INFO - Filling up the DagBag from /opt/airflow/dags/nyc_taxi_ingest.py
[2026-08-15T21:13:47.097+0000] {processor.py:840} INFO - DAG(s) 'nyc_taxi_ingest' retrieved from /opt/airflow/dags/nyc_taxi_ingest.py
[2026-08-15T21:13:47.194+0000] {logging_mixin.py:188} INFO - [2026-08-15T21:13:47.193+0000] {dag.py:3089} INFO - Sync 1 DAGs
[2026-08-15T21:13:47.242+0000] {logging_mixin.py:188} INFO - [2026-08-15T21:13:47.242+0000] {dag.py:3947} INFO - Setting next_dagrun for nyc_taxi_ingest to None, run_after=None
[2026-08-15T21:13:47.395+0000] {processor.py:183} INFO - Processing /opt/airflow/dags/nyc_taxi_ingest.py took 1.365 seconds
[2026-08-15T21:14:17.907+0000] {processor.py:161} INFO - Started process (PID=130) to work on /opt/airflow/dags/nyc_taxi_ingest.py
[2026-08-15T21:14:17.911+0000] {processor.py:830} INFO - Processing file /opt/airflow/dags/nyc_taxi_ingest.py for tasks to queue
[2026-08-15T21:14:17.916+0000] {logging_mixin.py:188} INFO - [2026-08-15T21:14:17.915+0000] {dagbag.py:545} INFO - Filling up the DagBag from /opt/airflow/dags/nyc_taxi_ingest.py
[2026-08-15T21:14:18.823+0000] {processor.py:840} INFO - DAG(s) 'nyc_taxi_ingest' retrieved from /opt/airflow/dags/nyc_taxi_ingest.py
[2026-08-15T21:14:18.871+0000] {logging_mixin.py:188} INFO - [2026-08-15T21:14:18.870+0000] {dag.py:3089} INFO - Sync 1 DAGs
[2026-08-15T21:14:18.923+0000] {logging_mixin.py:188} INFO - [2026-08-15T21:14:18.922+0000] {dag.py:3947} INFO - Setting next_dagrun for nyc_taxi_ingest to None, run_after=None
[2026-08-15T21:14:18.963+0000] {processor.py:183} INFO - Processing /opt/airflow/dags/nyc_taxi_ingest.py took 1.086 seconds
[2026-08-15T21:14:49.331+0000] {processor.py:161} INFO - Started process (PID=132) to work on /opt/airflow/dags/nyc_taxi_ingest.py
[2026-08-15T21:14:49.334+0000] {processor.py:830} INFO - Processing file /opt/airflow/dags/nyc_taxi_ingest.py for tasks to queue
[2026-08-15T21:14:49.339+0000] {logging_mixin.py:188} INFO - [2026-08-15T21:14:49.338+0000] {dagbag.py:545} INFO - Filling up the DagBag from /opt/airflow/dags/nyc_taxi_ingest.py
[2026-08-15T21:14:50.454+0000] {processor.py:840} INFO - DAG(s) 'nyc_taxi_ingest' retrieved from /opt/airflow/dags/nyc_taxi_ingest.py
[2026-08-15T21:14:50.505+0000] {logging_mixin.py:188} INFO - [2026-08-15T21:14:50.504+0000] {dag.py:3089} INFO - Sync 1 DAGs
[2026-08-15T21:14:50.554+0000] {logging_mixin.py:188} INFO - [2026-08-15T21:14:50.553+0000] {dag.py:3947} INFO - Setting next_dagrun for nyc_taxi_ingest to None, run_after=None
[2026-08-15T21:14:50.609+0000] {processor.py:183} INFO - Processing /opt/airflow/dags/nyc_taxi_ingest.py took 1.293 seconds
[2026-08-15T21:15:21.064+0000] {processor.py:161} INFO - Started process (PID=134) to work on /opt/airflow/dags/nyc_taxi_ingest.py
[2026-08-15T21:15:21.072+0000] {processor.py:830} INFO - Processing file /opt/airflow/dags/nyc_taxi_ingest.py for tasks to queue
[2026-08-15T21:15:21.082+0000] {logging_mixin.py:188} INFO - [2026-08-15T21:15:21.080+0000] {dagbag.py:545} INFO - Filling up the DagBag from /opt/airflow/dags/nyc_taxi_ingest.py
[2026-08-15T21:15:29.404+0000] {processor.py:840} INFO - DAG(s) 'nyc_taxi_ingest' retrieved from /opt/airflow/dags/nyc_taxi_ingest.py
[2026-08-15T21:15:29.773+0000] {logging_mixin.py:188} INFO - [2026-08-15T21:15:29.769+0000] {dag.py:3089} INFO - Sync 1 DAGs
[2026-08-15T21:15:29.959+0000] {logging_mixin.py:188} INFO - [2026-08-15T21:15:29.958+0000] {dag.py:3947} INFO - Setting next_dagrun for nyc_taxi_ingest to None, run_after=None
[2026-08-15T21:15:30.048+0000] {processor.py:183} INFO - Processing /opt/airflow/dags/nyc_taxi_ingest.py took 9.009 seconds
[2026-08-15T21:16:00.432+0000] {processor.py:161} INFO - Started process (PID=136) to work on /opt/airflow/dags/nyc_taxi_ingest.py
[2026-08-15T21:16:00.435+0000] {processor.py:830} INFO - Processing file /opt/airflow/dags/nyc_taxi_ingest.py for tasks to queue
[2026-08-15T21:16:00.454+0000] {logging_mixin.py:188} INFO - [2026-08-15T21:16:00.452+0000] {dagbag.py:545} INFO - Filling up the DagBag from /opt/airflow/dags/nyc_taxi_ingest.py
[2026-08-15T21:16:10.180+0000] {processor.py:840} INFO - DAG(s) 'nyc_taxi_ingest' retrieved from /opt/airflow/dags/nyc_taxi_ingest.py
[2026-08-15T21:16:10.368+0000] {logging_mixin.py:188} INFO - [2026-08-15T21:16:10.367+0000] {dag.py:3089} INFO - Sync 1 DAGs
[2026-08-15T21:16:10.421+0000] {logging_mixin.py:188} INFO - [2026-08-15T21:16:10.420+0000] {dag.py:3947} INFO - Setting next_dagrun for nyc_taxi_ingest to None, run_after=None
[2026-08-15T21:16:10.484+0000] {processor.py:183} INFO - Processing /opt/airflow/dags/nyc_taxi_ingest.py took 10.101 seconds
[2026-08-15T21:16:41.343+0000] {processor.py:161} INFO - Started process (PID=138) to work on /opt/airflow/dags/nyc_taxi_ingest.py
[2026-08-15T21:16:41.349+0000] {processor.py:830} INFO - Processing file /opt/airflow/dags/nyc_taxi_ingest.py for tasks to queue
[2026-08-15T21:16:41.375+0000] {logging_mixin.py:188} INFO - [2026-08-15T21:16:41.373+0000] {dagbag.py:545} INFO - Filling up the DagBag from /opt/airflow/dags/nyc_taxi_ingest.py
[2026-08-15T21:16:44.733+0000] {processor.py:840} INFO - DAG(s) 'nyc_taxi_ingest' retrieved from /opt/airflow/dags/nyc_taxi_ingest.py
[2026-08-15T21:16:45.000+0000] {logging_mixin.py:188} INFO - [2026-08-15T21:16:44.999+0000] {dag.py:3089} INFO - Sync 1 DAGs
[2026-08-15T21:16:45.115+0000] {logging_mixin.py:188} INFO - [2026-08-15T21:16:45.114+0000] {dag.py:3947} INFO - Setting next_dagrun for nyc_taxi_ingest to None, run_after=None
[2026-08-15T21:16:45.242+0000] {processor.py:183} INFO - Processing /opt/airflow/dags/nyc_taxi_ingest.py took 3.969 seconds
[2026-08-15T21:17:15.764+0000] {processor.py:161} INFO - Started process (PID=140) to work on /opt/airflow/dags/nyc_taxi_ingest.py
[2026-08-15T21:17:15.776+0000] {processor.py:830} INFO - Processing file /opt/airflow/dags/nyc_taxi_ingest.py for tasks to queue
[2026-08-15T21:17:15.787+0000] {logging_mixin.py:188} INFO - [2026-08-15T21:17:15.785+0000] {dagbag.py:545} INFO - Filling up the DagBag from /opt/airflow/dags/nyc_taxi_ingest.py
[2026-08-15T21:17:19.523+0000] {processor.py:840} INFO - DAG(s) 'nyc_taxi_ingest' retrieved from /opt/airflow/dags/nyc_taxi_ingest.py
[2026-08-15T21:17:19.624+0000] {logging_mixin.py:188} INFO - [2026-08-15T21:17:19.622+0000] {dag.py:3089} INFO - Sync 1 DAGs
[2026-08-15T21:17:19.700+0000] {logging_mixin.py:188} INFO - [2026-08-15T21:17:19.699+0000] {dag.py:3947} INFO - Setting next_dagrun for nyc_taxi_ingest to None, run_after=None
[2026-08-15T21:17:19.780+0000] {processor.py:183} INFO - Processing /opt/airflow/dags/nyc_taxi_ingest.py took 4.078 seconds
[2026-08-15T21:17:51.062+0000] {processor.py:161} INFO - Started process (PID=142) to work on /opt/airflow/dags/nyc_taxi_ingest.py
[2026-08-15T21:17:51.073+0000] {processor.py:830} INFO - Processing file /opt/airflow/dags/nyc_taxi_ingest.py for tasks to queue
[2026-08-15T21:17:51.090+0000] {logging_mixin.py:188} INFO - [2026-08-15T21:17:51.088+0000] {dagbag.py:545} INFO - Filling up the DagBag from /opt/airflow/dags/nyc_taxi_ingest.py
[2026-08-15T21:17:57.391+0000] {processor.py:840} INFO - DAG(s) 'nyc_taxi_ingest' retrieved from /opt/airflow/dags/nyc_taxi_ingest.py
[2026-08-15T21:17:57.847+0000] {logging_mixin.py:188} INFO - [2026-08-15T21:17:57.836+0000] {dag.py:3089} INFO - Sync 1 DAGs
[2026-08-15T21:17:58.085+0000] {logging_mixin.py:188} INFO - [2026-08-15T21:17:58.075+0000] {dag.py:3947} INFO - Setting next_dagrun for nyc_taxi_ingest to None, run_after=None
[2026-08-15T21:17:58.228+0000] {processor.py:183} INFO - Processing /opt/airflow/dags/nyc_taxi_ingest.py took 7.216 seconds
[2026-08-15T21:18:29.503+0000] {processor.py:161} INFO - Started process (PID=144) to work on /opt/airflow/dags/nyc_taxi_ingest.py
[2026-08-15T21:18:29.508+0000] {processor.py:830} INFO - Processing file /opt/airflow/dags/nyc_taxi_ingest.py for tasks to queue
[2026-08-15T21:18:29.515+0000] {logging_mixin.py:188} INFO - [2026-08-15T21:18:29.514+0000] {dagbag.py:545} INFO - Filling up the DagBag from /opt/airflow/dags/nyc_taxi_ingest.py
[2026-08-15T21:18:31.048+0000] {processor.py:840} INFO - DAG(s) 'nyc_taxi_ingest' retrieved from /opt/airflow/dags/nyc_taxi_ingest.py
[2026-08-15T21:18:31.112+0000] {logging_mixin.py:188} INFO - [2026-08-15T21:18:31.111+0000] {dag.py:3089} INFO - Sync 1 DAGs
[2026-08-15T21:18:31.162+0000] {logging_mixin.py:188} INFO - [2026-08-15T21:18:31.161+0000] {dag.py:3947} INFO - Setting next_dagrun for nyc_taxi_ingest to None, run_after=None
[2026-08-15T21:18:31.215+0000] {processor.py:183} INFO - Processing /opt/airflow/dags/nyc_taxi_ingest.py took 1.747 seconds
[2026-08-15T21:19:01.730+0000] {processor.py:161} INFO - Started process (PID=146) to work on /opt/airflow/dags/nyc_taxi_ingest.py
[2026-08-15T21:19:01.732+0000] {processor.py:830} INFO - Processing file /opt/airflow/dags/nyc_taxi_ingest.py for tasks to queue
[2026-08-15T21:19:01.734+0000] {logging_mixin.py:188} INFO - [2026-08-15T21:19:01.734+0000] {dagbag.py:545} INFO - Filling up the DagBag from /opt/airflow/dags/nyc_taxi_ingest.py
[2026-08-15T21:19:02.673+0000] {processor.py:840} INFO - DAG(s) 'nyc_taxi_ingest' retrieved from /opt/airflow/dags/nyc_taxi_ingest.py
[2026-08-15T21:19:02.707+0000] {logging_mixin.py:188} INFO - [2026-08-15T21:19:02.707+0000] {dag.py:3089} INFO - Sync 1 DAGs
[2026-08-15T21:19:02.728+0000] {logging_mixin.py:188} INFO - [2026-08-15T21:19:02.728+0000] {dag.py:3947} INFO - Setting next_dagrun for nyc_taxi_ingest to None, run_after=None
[2026-08-15T21:19:02.751+0000] {processor.py:183} INFO - Processing /opt/airflow/dags/nyc_taxi_ingest.py took 1.045 seconds
[2026-08-15T21:19:33.071+0000] {processor.py:161} INFO - Started process (PID=148) to work on /opt/airflow/dags/nyc_taxi_ingest.py
[2026-08-15T21:19:33.073+0000] {processor.py:830} INFO - Processing file /opt/airflow/dags/nyc_taxi_ingest.py for tasks to queue
[2026-08-15T21:19:33.076+0000] {logging_mixin.py:188} INFO - [2026-08-15T21:19:33.075+0000] {dagbag.py:545} INFO - Filling up the DagBag from /opt/airflow/dags/nyc_taxi_ingest.py
[2026-08-15T21:19:33.858+0000] {processor.py:840} INFO - DAG(s) 'nyc_taxi_ingest' retrieved from /opt/airflow/dags/nyc_taxi_ingest.py
[2026-08-15T21:19:33.892+0000] {logging_mixin.py:188} INFO - [2026-08-15T21:19:33.891+0000] {dag.py:3089} INFO - Sync 1 DAGs
[2026-08-15T21:19:33.917+0000] {logging_mixin.py:188} INFO - [2026-08-15T21:19:33.916+0000] {dag.py:3947} INFO - Setting next_dagrun for nyc_taxi_ingest to None, run_after=None
[2026-08-15T21:19:33.939+0000] {processor.py:183} INFO - Processing /opt/airflow/dags/nyc_taxi_ingest.py took 0.875 seconds
[2026-08-15T21:20:04.333+0000] {processor.py:161} INFO - Started process (PID=150) to work on /opt/airflow/dags/nyc_taxi_ingest.py
[2026-08-15T21:20:04.337+0000] {processor.py:830} INFO - Processing file /opt/airflow/dags/nyc_taxi_ingest.py for tasks to queue
[2026-08-15T21:20:04.350+0000] {logging_mixin.py:188} INFO - [2026-08-15T21:20:04.348+0000] {dagbag.py:545} INFO - Filling up the DagBag from /opt/airflow/dags/nyc_taxi_ingest.py
[2026-08-15T21:20:05.558+0000] {processor.py:840} INFO - DAG(s) 'nyc_taxi_ingest' retrieved from /opt/airflow/dags/nyc_taxi_ingest.py
[2026-08-15T21:20:05.591+0000] {logging_mixin.py:188} INFO - [2026-08-15T21:20:05.590+0000] {dag.py:3089} INFO - Sync 1 DAGs
[2026-08-15T21:20:05.618+0000] {logging_mixin.py:188} INFO - [2026-08-15T21:20:05.618+0000] {dag.py:3947} INFO - Setting next_dagrun for nyc_taxi_ingest to None, run_after=None
[2026-08-15T21:20:05.644+0000] {processor.py:183} INFO - Processing /opt/airflow/dags/nyc_taxi_ingest.py took 1.354 seconds
[2026-08-15T21:20:35.963+0000] {processor.py:161} INFO - Started process (PID=152) to work on /opt/airflow/dags/nyc_taxi_ingest.py
[2026-08-15T21:20:35.965+0000] {processor.py:830} INFO - Processing file /opt/airflow/dags/nyc_taxi_ingest.py for tasks to queue
[2026-08-15T21:20:35.968+0000] {logging_mixin.py:188} INFO - [2026-08-15T21:20:35.967+0000] {dagbag.py:545} INFO - Filling up the DagBag from /opt/airflow/dags/nyc_taxi_ingest.py
[2026-08-15T21:20:36.593+0000] {processor.py:840} INFO - DAG(s) 'nyc_taxi_ingest' retrieved from /opt/airflow/dags/nyc_taxi_ingest.py
[2026-08-15T21:20:36.647+0000] {logging_mixin.py:188} INFO - [2026-08-15T21:20:36.646+0000] {dag.py:3089} INFO - Sync 1 DAGs
[2026-08-15T21:20:36.679+0000] {logging_mixin.py:188} INFO - [2026-08-15T21:20:36.678+0000] {dag.py:3947} INFO - Setting next_dagrun for nyc_taxi_ingest to None, run_after=None
[2026-08-15T21:20:36.709+0000] {processor.py:183} INFO - Processing /opt/airflow/dags/nyc_taxi_ingest.py took 0.757 seconds
[2026-08-15T21:24:19.338+0000] {processor.py:161} INFO - Started process (PID=154) to work on /opt/airflow/dags/nyc_taxi_ingest.py
[2026-08-15T21:24:19.361+0000] {processor.py:830} INFO - Processing file /opt/airflow/dags/nyc_taxi_ingest.py for tasks to queue
[2026-08-15T21:24:19.385+0000] {logging_mixin.py:188} INFO - [2026-08-15T21:24:19.385+0000] {dagbag.py:545} INFO - Filling up the DagBag from /opt/airflow/dags/nyc_taxi_ingest.py
[2026-08-15T21:24:21.141+0000] {processor.py:840} INFO - DAG(s) 'nyc_taxi_ingest' retrieved from /opt/airflow/dags/nyc_taxi_ingest.py
[2026-08-15T21:24:21.177+0000] {logging_mixin.py:188} INFO - [2026-08-15T21:24:21.176+0000] {dag.py:3089} INFO - Sync 1 DAGs
[2026-08-15T21:24:21.207+0000] {logging_mixin.py:188} INFO - [2026-08-15T21:24:21.206+0000] {dag.py:3947} INFO - Setting next_dagrun for nyc_taxi_ingest to None, run_after=None
[2026-08-15T21:24:21.240+0000] {processor.py:183} INFO - Processing /opt/airflow/dags/nyc_taxi_ingest.py took 1.925 seconds
[2026-08-15T21:31:04.636+0000] {processor.py:161} INFO - Started process (PID=156) to work on /opt/airflow/dags/nyc_taxi_ingest.py
[2026-08-15T21:31:04.676+0000] {processor.py:830} INFO - Processing file /opt/airflow/dags/nyc_taxi_ingest.py for tasks to queue
[2026-08-15T21:31:04.713+0000] {logging_mixin.py:188} INFO - [2026-08-15T21:31:04.712+0000] {dagbag.py:545} INFO - Filling up the DagBag from /opt/airflow/dags/nyc_taxi_ingest.py
[2026-08-15T21:31:08.695+0000] {processor.py:840} INFO - DAG(s) 'nyc_taxi_ingest' retrieved from /opt/airflow/dags/nyc_taxi_ingest.py
[2026-08-15T21:31:08.789+0000] {logging_mixin.py:188} INFO - [2026-08-15T21:31:08.788+0000] {dag.py:3089} INFO - Sync 1 DAGs
[2026-08-15T21:31:08.870+0000] {logging_mixin.py:188} INFO - [2026-08-15T21:31:08.869+0000] {dag.py:3947} INFO - Setting next_dagrun for nyc_taxi_ingest to None, run_after=None
[2026-08-15T21:31:08.936+0000] {processor.py:183} INFO - Processing /opt/airflow/dags/nyc_taxi_ingest.py took 4.332 seconds
[2026-08-15T21:31:39.304+0000] {processor.py:161} INFO - Started process (PID=158) to work on /opt/airflow/dags/nyc_taxi_ingest.py
[2026-08-15T21:31:39.307+0000] {processor.py:830} INFO - Processing file /opt/airflow/dags/nyc_taxi_ingest.py for tasks to queue
[2026-08-15T21:31:39.313+0000] {logging_mixin.py:188} INFO - [2026-08-15T21:31:39.312+0000] {dagbag.py:545} INFO - Filling up the DagBag from /opt/airflow/dags/nyc_taxi_ingest.py
[2026-08-15T21:31:40.142+0000] {processor.py:840} INFO - DAG(s) 'nyc_taxi_ingest' retrieved from /opt/airflow/dags/nyc_taxi_ingest.py
[2026-08-15T21:31:40.173+0000] {logging_mixin.py:188} INFO - [2026-08-15T21:31:40.172+0000] {dag.py:3089} INFO - Sync 1 DAGs
[2026-08-15T21:31:40.198+0000] {logging_mixin.py:188} INFO - [2026-08-15T21:31:40.198+0000] {dag.py:3947} INFO - Setting next_dagrun for nyc_taxi_ingest to None, run_after=None
[2026-08-15T21:31:40.227+0000] {processor.py:183} INFO - Processing /opt/airflow/dags/nyc_taxi_ingest.py took 0.939 seconds
[2026-08-15T21:32:10.658+0000] {processor.py:161} INFO - Started process (PID=160) to work on /opt/airflow/dags/nyc_taxi_ingest.py
[2026-08-15T21:32:10.662+0000] {processor.py:830} INFO - Processing file /opt/airflow/dags/nyc_taxi_ingest.py for tasks to queue
[2026-08-15T21:32:10.670+0000] {logging_mixin.py:188} INFO - [2026-08-15T21:32:10.668+0000] {dagbag.py:545} INFO - Filling up the DagBag from /opt/airflow/dags/nyc_taxi_ingest.py
[2026-08-15T21:32:11.852+0000] {processor.py:840} INFO - DAG(s) 'nyc_taxi_ingest' retrieved from /opt/airflow/dags/nyc_taxi_ingest.py
[2026-08-15T21:32:11.886+0000] {logging_mixin.py:188} INFO - [2026-08-15T21:32:11.885+0000] {dag.py:3089} INFO - Sync 1 DAGs
[2026-08-15T21:32:11.912+0000] {logging_mixin.py:188} INFO - [2026-08-15T21:32:11.911+0000] {dag.py:3947} INFO - Setting next_dagrun for nyc_taxi_ingest to None, run_after=None
[2026-08-15T21:32:11.937+0000] {processor.py:183} INFO - Processing /opt/airflow/dags/nyc_taxi_ingest.py took 1.294 seconds
[2026-08-15T21:32:42.330+0000] {processor.py:161} INFO - Started process (PID=162) to work on /opt/airflow/dags/nyc_taxi_ingest.py
[2026-08-15T21:32:42.332+0000] {processor.py:830} INFO - Processing file /opt/airflow/dags/nyc_taxi_ingest.py for tasks to queue
[2026-08-15T21:32:42.334+0000] {logging_mixin.py:188} INFO - [2026-08-15T21:32:42.334+0000] {dagbag.py:545} INFO - Filling up the DagBag from /opt/airflow/dags/nyc_taxi_ingest.py
[2026-08-15T21:32:42.933+0000] {processor.py:840} INFO - DAG(s) 'nyc_taxi_ingest' retrieved from /opt/airflow/dags/nyc_taxi_ingest.py
[2026-08-15T21:32:42.973+0000] {logging_mixin.py:188} INFO - [2026-08-15T21:32:42.972+0000] {dag.py:3089} INFO - Sync 1 DAGs
[2026-08-15T21:32:42.997+0000] {logging_mixin.py:188} INFO - [2026-08-15T21:32:42.997+0000] {dag.py:3947} INFO - Setting next_dagrun for nyc_taxi_ingest to None, run_after=None
[2026-08-15T21:32:43.016+0000] {processor.py:183} INFO - Processing /opt/airflow/dags/nyc_taxi_ingest.py took 0.697 seconds
[2026-08-15T21:33:13.309+0000] {processor.py:161} INFO - Started process (PID=164) to work on /opt/airflow/dags/nyc_taxi_ingest.py
[2026-08-15T21:33:13.310+0000] {processor.py:830} INFO - Processing file /opt/airflow/dags/nyc_taxi_ingest.py for tasks to queue
[2026-08-15T21:33:13.313+0000] {logging_mixin.py:188} INFO - [2026-08-15T21:33:13.312+0000] {dagbag.py:545} INFO - Filling up the DagBag from /opt/airflow/dags/nyc_taxi_ingest.py
[2026-08-15T21:33:13.835+0000] {processor.py:840} INFO - DAG(s) 'nyc_taxi_ingest' retrieved from /opt/airflow/dags/nyc_taxi_ingest.py
[2026-08-15T21:33:13.876+0000] {logging_mixin.py:188} INFO - [2026-08-15T21:33:13.875+0000] {dag.py:3089} INFO - Sync 1 DAGs
[2026-08-15T21:33:13.901+0000] {logging_mixin.py:188} INFO - [2026-08-15T21:33:13.901+0000] {dag.py:3947} INFO - Setting next_dagrun for nyc_taxi_ingest to None, run_after=None
[2026-08-15T21:33:13.924+0000] {processor.py:183} INFO - Processing /opt/airflow/dags/nyc_taxi_ingest.py took 0.622 seconds
[2026-08-15T21:33:44.257+0000] {processor.py:161} INFO - Started process (PID=166) to work on /opt/airflow/dags/nyc_taxi_ingest.py
[2026-08-15T21:33:44.259+0000] {processor.py:830} INFO - Processing file /opt/airflow/dags/nyc_taxi_ingest.py for tasks to queue
[2026-08-15T21:33:44.262+0000] {logging_mixin.py:188} INFO - [2026-08-15T21:33:44.261+0000] {dagbag.py:545} INFO - Filling up the DagBag from /opt/airflow/dags/nyc_taxi_ingest.py
[2026-08-15T21:33:44.793+0000] {processor.py:840} INFO - DAG(s) 'nyc_taxi_ingest' retrieved from /opt/airflow/dags/nyc_taxi_ingest.py
[2026-08-15T21:33:44.834+0000] {logging_mixin.py:188} INFO - [2026-08-15T21:33:44.833+0000] {dag.py:3089} INFO - Sync 1 DAGs
[2026-08-15T21:33:44.871+0000] {logging_mixin.py:188} INFO - [2026-08-15T21:33:44.870+0000] {dag.py:3947} INFO - Setting next_dagrun for nyc_taxi_ingest to None, run_after=None
[2026-08-15T21:33:44.908+0000] {processor.py:183} INFO - Processing /opt/airflow/dags/nyc_taxi_ingest.py took 0.657 seconds
[2026-08-15T21:34:15.287+0000] {processor.py:161} INFO - Started process (PID=168) to work on /opt/airflow/dags/nyc_taxi_ingest.py
[2026-08-15T21:34:15.290+0000] {processor.py:830} INFO - Processing file /opt/airflow/dags/nyc_taxi_ingest.py for tasks to queue
[2026-08-15T21:34:15.294+0000] {logging_mixin.py:188} INFO - [2026-08-15T21:34:15.293+0000] {dagbag.py:545} INFO - Filling up the DagBag from /opt/airflow/dags/nyc_taxi_ingest.py
[2026-08-15T21:34:16.155+0000] {processor.py:840} INFO - DAG(s) 'nyc_taxi_ingest' retrieved from /opt/airflow/dags/nyc_taxi_ingest.py
[2026-08-15T21:34:16.179+0000] {logging_mixin.py:188} INFO - [2026-08-15T21:34:16.179+0000] {dag.py:3089} INFO - Sync 1 DAGs
[2026-08-15T21:34:16.199+0000] {logging_mixin.py:188} INFO - [2026-08-15T21:34:16.199+0000] {dag.py:3947} INFO - Setting next_dagrun for nyc_taxi_ingest to None, run_after=None
[2026-08-15T21:34:16.217+0000] {processor.py:183} INFO - Processing /opt/airflow/dags/nyc_taxi_ingest.py took 0.943 seconds
[2026-08-15T21:34:46.546+0000] {processor.py:161} INFO - Started process (PID=170) to work on /opt/airflow/dags/nyc_taxi_ingest.py
[2026-08-15T21:34:46.547+0000] {processor.py:830} INFO - Processing file /opt/airflow/dags/nyc_taxi_ingest.py for tasks to queue
[2026-08-15T21:34:46.550+0000] {logging_mixin.py:188} INFO - [2026-08-15T21:34:46.550+0000] {dagbag.py:545} INFO - Filling up the DagBag from /opt/airflow/dags/nyc_taxi_ingest.py
[2026-08-15T21:34:47.162+0000] {processor.py:840} INFO - DAG(s) 'nyc_taxi_ingest' retrieved from /opt/airflow/dags/nyc_taxi_ingest.py
[2026-08-15T21:34:47.190+0000] {logging_mixin.py:188} INFO - [2026-08-15T21:34:47.189+0000] {dag.py:3089} INFO - Sync 1 DAGs
[2026-08-15T21:34:47.209+0000] {logging_mixin.py:188} INFO - [2026-08-15T21:34:47.209+0000] {dag.py:3947} INFO - Setting next_dagrun for nyc_taxi_ingest to None, run_after=None
[2026-08-15T21:34:47.228+0000] {processor.py:183} INFO - Processing /opt/airflow/dags/nyc_taxi_ingest.py took 0.694 seconds
[2026-08-15T21:35:17.493+0000] {processor.py:161} INFO - Started process (PID=172) to work on /opt/airflow/dags/nyc_taxi_ingest.py
[2026-08-15T21:35:17.495+0000] {processor.py:830} INFO - Processing file /opt/airflow/dags/nyc_taxi_ingest.py for tasks to queue
[2026-08-15T21:35:17.498+0000] {logging_mixin.py:188} INFO - [2026-08-15T21:35:17.497+0000] {dagbag.py:545} INFO - Filling up the DagBag from /opt/airflow/dags/nyc_taxi_ingest.py
[2026-08-15T21:35:18.101+0000] {processor.py:840} INFO - DAG(s) 'nyc_taxi_ingest' retrieved from /opt/airflow/dags/nyc_taxi_ingest.py
[2026-08-15T21:35:18.145+0000] {logging_mixin.py:188} INFO - [2026-08-15T21:35:18.144+0000] {dag.py:3089} INFO - Sync 1 DAGs
[2026-08-15T21:35:18.174+0000] {logging_mixin.py:188} INFO - [2026-08-15T21:35:18.173+0000] {dag.py:3947} INFO - Setting next_dagrun for nyc_taxi_ingest to None, run_after=None
[2026-08-15T21:35:18.196+0000] {processor.py:183} INFO - Processing /opt/airflow/dags/nyc_taxi_ingest.py took 0.711 seconds
[2026-08-15T21:35:48.544+0000] {processor.py:161} INFO - Started process (PID=174) to work on /opt/airflow/dags/nyc_taxi_ingest.py
[2026-08-15T21:35:48.545+0000] {processor.py:830} INFO - Processing file /opt/airflow/dags/nyc_taxi_ingest.py for tasks to queue
[2026-08-15T21:35:48.548+0000] {logging_mixin.py:188} INFO - [2026-08-15T21:35:48.547+0000] {dagbag.py:545} INFO - Filling up the DagBag from /opt/airflow/dags/nyc_taxi_ingest.py
[2026-08-15T21:35:49.059+0000] {processor.py:840} INFO - DAG(s) 'nyc_taxi_ingest' retrieved from /opt/airflow/dags/nyc_taxi_ingest.py
[2026-08-15T21:35:49.085+0000] {logging_mixin.py:188} INFO - [2026-08-15T21:35:49.085+0000] {dag.py:3089} INFO - Sync 1 DAGs
[2026-08-15T21:35:49.106+0000] {logging_mixin.py:188} INFO - [2026-08-15T21:35:49.106+0000] {dag.py:3947} INFO - Setting next_dagrun for nyc_taxi_ingest to None, run_after=None
[2026-08-15T21:35:49.129+0000] {processor.py:183} INFO - Processing /opt/airflow/dags/nyc_taxi_ingest.py took 0.594 seconds
[2026-08-15T21:36:19.520+0000] {processor.py:161} INFO - Started process (PID=176) to work on /opt/airflow/dags/nyc_taxi_ingest.py
[2026-08-15T21:36:19.522+0000] {processor.py:830} INFO - Processing file /opt/airflow/dags/nyc_taxi_ingest.py for tasks to queue
[2026-08-15T21:36:19.527+0000] {logging_mixin.py:188} INFO - [2026-08-15T21:36:19.526+0000] {dagbag.py:545} INFO - Filling up the DagBag from /opt/airflow/dags/nyc_taxi_ingest.py
[2026-08-15T21:36:20.600+0000] {processor.py:840} INFO - DAG(s) 'nyc_taxi_ingest' retrieved from /opt/airflow/dags/nyc_taxi_ingest.py
[2026-08-15T21:36:20.655+0000] {logging_mixin.py:188} INFO - [2026-08-15T21:36:20.654+0000] {dag.py:3089} INFO - Sync 1 DAGs
[2026-08-15T21:36:20.698+0000] {logging_mixin.py:188} INFO - [2026-08-15T21:36:20.698+0000] {dag.py:3947} INFO - Setting next_dagrun for nyc_taxi_ingest to None, run_after=None
[2026-08-15T21:36:20.727+0000] {processor.py:183} INFO - Processing /opt/airflow/dags/nyc_taxi_ingest.py took 1.223 seconds
[2026-08-15T21:36:51.040+0000] {processor.py:161} INFO - Started process (PID=178) to work on /opt/airflow/dags/nyc_taxi_ingest.py
[2026-08-15T21:36:51.041+0000] {processor.py:830} INFO - Processing file /opt/airflow/dags/nyc_taxi_ingest.py for tasks to queue
[2026-08-15T21:36:51.044+0000] {logging_mixin.py:188} INFO - [2026-08-15T21:36:51.043+0000] {dagbag.py:545} INFO - Filling up the DagBag from /opt/airflow/dags/nyc_taxi_ingest.py
[2026-08-15T21:36:51.792+0000] {processor.py:840} INFO - DAG(s) 'nyc_taxi_ingest' retrieved from /opt/airflow/dags/nyc_taxi_ingest.py
[2026-08-15T21:36:51.818+0000] {logging_mixin.py:188} INFO - [2026-08-15T21:36:51.818+0000] {dag.py:3089} INFO - Sync 1 DAGs
[2026-08-15T21:36:51.838+0000] {logging_mixin.py:188} INFO - [2026-08-15T21:36:51.838+0000] {dag.py:3947} INFO - Setting next_dagrun for nyc_taxi_ingest to None, run_after=None
[2026-08-15T21:36:51.859+0000] {processor.py:183} INFO - Processing /opt/airflow/dags/nyc_taxi_ingest.py took 0.825 seconds
[2026-08-15T21:37:22.274+0000] {processor.py:161} INFO - Started process (PID=180) to work on /opt/airflow/dags/nyc_taxi_ingest.py
[2026-08-15T21:37:22.277+0000] {processor.py:830} INFO - Processing file /opt/airflow/dags/nyc_taxi_ingest.py for tasks to queue
[2026-08-15T21:37:22.281+0000] {logging_mixin.py:188} INFO - [2026-08-15T21:37:22.281+0000] {dagbag.py:545} INFO - Filling up the DagBag from /opt/airflow/dags/nyc_taxi_ingest.py
[2026-08-15T21:37:23.224+0000] {processor.py:840} INFO - DAG(s) 'nyc_taxi_ingest' retrieved from /opt/airflow/dags/nyc_taxi_ingest.py
[2026-08-15T21:37:23.263+0000] {logging_mixin.py:188} INFO - [2026-08-15T21:37:23.262+0000] {dag.py:3089} INFO - Sync 1 DAGs
[2026-08-15T21:37:23.293+0000] {logging_mixin.py:188} INFO - [2026-08-15T21:37:23.293+0000] {dag.py:3947} INFO - Setting next_dagrun for nyc_taxi_ingest to None, run_after=None
[2026-08-15T21:37:23.324+0000] {processor.py:183} INFO - Processing /opt/airflow/dags/nyc_taxi_ingest.py took 1.063 seconds
[2026-08-15T21:37:53.806+0000] {processor.py:161} INFO - Started process (PID=182) to work on /opt/airflow/dags/nyc_taxi_ingest.py
[2026-08-15T21:37:53.809+0000] {processor.py:830} INFO - Processing file /opt/airflow/dags/nyc_taxi_ingest.py for tasks to queue
[2026-08-15T21:37:53.817+0000] {logging_mixin.py:188} INFO - [2026-08-15T21:37:53.815+0000] {dagbag.py:545} INFO - Filling up the DagBag from /opt/airflow/dags/nyc_taxi_ingest.py
[2026-08-15T21:37:55.017+0000] {processor.py:840} INFO - DAG(s) 'nyc_taxi_ingest' retrieved from /opt/airflow/dags/nyc_taxi_ingest.py
[2026-08-15T21:37:55.094+0000] {logging_mixin.py:188} INFO - [2026-08-15T21:37:55.093+0000] {dag.py:3089} INFO - Sync 1 DAGs
[2026-08-15T21:37:55.167+0000] {logging_mixin.py:188} INFO - [2026-08-15T21:37:55.166+0000] {dag.py:3947} INFO - Setting next_dagrun for nyc_taxi_ingest to None, run_after=None
[2026-08-15T21:37:55.240+0000] {processor.py:183} INFO - Processing /opt/airflow/dags/nyc_taxi_ingest.py took 1.451 seconds
[2026-08-15T21:38:25.637+0000] {processor.py:161} INFO - Started process (PID=184) to work on /opt/airflow/dags/nyc_taxi_ingest.py
[2026-08-15T21:38:25.641+0000] {processor.py:830} INFO - Processing file /opt/airflow/dags/nyc_taxi_ingest.py for tasks to queue
[2026-08-15T21:38:25.646+0000] {logging_mixin.py:188} INFO - [2026-08-15T21:38:25.645+0000] {dagbag.py:545} INFO - Filling up the DagBag from /opt/airflow/dags/nyc_taxi_ingest.py
[2026-08-15T21:38:26.658+0000] {processor.py:840} INFO - DAG(s) 'nyc_taxi_ingest' retrieved from /opt/airflow/dags/nyc_taxi_ingest.py
[2026-08-15T21:38:26.715+0000] {logging_mixin.py:188} INFO - [2026-08-15T21:38:26.714+0000] {dag.py:3089} INFO - Sync 1 DAGs
[2026-08-15T21:38:26.763+0000] {logging_mixin.py:188} INFO - [2026-08-15T21:38:26.762+0000] {dag.py:3947} INFO - Setting next_dagrun for nyc_taxi_ingest to None, run_after=None
[2026-08-15T21:38:26.816+0000] {processor.py:183} INFO - Processing /opt/airflow/dags/nyc_taxi_ingest.py took 1.194 seconds
[2026-08-15T21:38:56.947+0000] {processor.py:161} INFO - Started process (PID=186) to work on /opt/airflow/dags/nyc_taxi_ingest.py
[2026-08-15T21:38:56.949+0000] {processor.py:830} INFO - Processing file /opt/airflow/dags/nyc_taxi_ingest.py for tasks to queue
[2026-08-15T21:38:56.953+0000] {logging_mixin.py:188} INFO - [2026-08-15T21:38:56.952+0000] {dagbag.py:545} INFO - Filling up the DagBag from /opt/airflow/dags/nyc_taxi_ingest.py
[2026-08-15T21:38:57.662+0000] {processor.py:840} INFO - DAG(s) 'nyc_taxi_ingest' retrieved from /opt/airflow/dags/nyc_taxi_ingest.py
[2026-08-15T21:38:57.712+0000] {logging_mixin.py:188} INFO - [2026-08-15T21:38:57.712+0000] {dag.py:3089} INFO - Sync 1 DAGs
[2026-08-15T21:38:57.755+0000] {logging_mixin.py:188} INFO - [2026-08-15T21:38:57.754+0000] {dag.py:3947} INFO - Setting next_dagrun for nyc_taxi_ingest to None, run_after=None
[2026-08-15T21:38:57.790+0000] {processor.py:183} INFO - Processing /opt/airflow/dags/nyc_taxi_ingest.py took 0.852 seconds
[2026-08-15T21:39:28.195+0000] {processor.py:161} INFO - Started process (PID=188) to work on /opt/airflow/dags/nyc_taxi_ingest.py
[2026-08-15T21:39:28.198+0000] {processor.py:830} INFO - Processing file /opt/airflow/dags/nyc_taxi_ingest.py for tasks to queue
[2026-08-15T21:39:28.204+0000] {logging_mixin.py:188} INFO - [2026-08-15T21:39:28.203+0000] {dagbag.py:545} INFO - Filling up the DagBag from /opt/airflow/dags/nyc_taxi_ingest.py
[2026-08-15T21:39:28.993+0000] {processor.py:840} INFO - DAG(s) 'nyc_taxi_ingest' retrieved from /opt/airflow/dags/nyc_taxi_ingest.py
[2026-08-15T21:39:29.033+0000] {logging_mixin.py:188} INFO - [2026-08-15T21:39:29.032+0000] {dag.py:3089} INFO - Sync 1 DAGs
[2026-08-15T21:39:29.065+0000] {logging_mixin.py:188} INFO - [2026-08-15T21:39:29.065+0000] {dag.py:3947} INFO - Setting next_dagrun for nyc_taxi_ingest to None, run_after=None
[2026-08-15T21:39:29.092+0000] {processor.py:183} INFO - Processing /opt/airflow/dags/nyc_taxi_ingest.py took 0.916 seconds
[2026-08-15T21:39:59.565+0000] {processor.py:161} INFO - Started process (PID=190) to work on /opt/airflow/dags/nyc_taxi_ingest.py
[2026-08-15T21:39:59.568+0000] {processor.py:830} INFO - Processing file /opt/airflow/dags/nyc_taxi_ingest.py for tasks to queue
[2026-08-15T21:39:59.572+0000] {logging_mixin.py:188} INFO - [2026-08-15T21:39:59.571+0000] {dagbag.py:545} INFO - Filling up the DagBag from /opt/airflow/dags/nyc_taxi_ingest.py
[2026-08-15T21:40:00.779+0000] {processor.py:840} INFO - DAG(s) 'nyc_taxi_ingest' retrieved from /opt/airflow/dags/nyc_taxi_ingest.py
[2026-08-15T21:40:00.854+0000] {logging_mixin.py:188} INFO - [2026-08-15T21:40:00.854+0000] {dag.py:3089} INFO - Sync 1 DAGs
[2026-08-15T21:40:00.904+0000] {logging_mixin.py:188} INFO - [2026-08-15T21:40:00.903+0000] {dag.py:3947} INFO - Setting next_dagrun for nyc_taxi_ingest to None, run_after=None
[2026-08-15T21:40:00.951+0000] {processor.py:183} INFO - Processing /opt/airflow/dags/nyc_taxi_ingest.py took 1.413 seconds
[2026-08-15T21:40:31.146+0000] {processor.py:161} INFO - Started process (PID=192) to work on /opt/airflow/dags/nyc_taxi_ingest.py
[2026-08-15T21:40:31.148+0000] {processor.py:830} INFO - Processing file /opt/airflow/dags/nyc_taxi_ingest.py for tasks to queue
[2026-08-15T21:40:31.151+0000] {logging_mixin.py:188} INFO - [2026-08-15T21:40:31.150+0000] {dagbag.py:545} INFO - Filling up the DagBag from /opt/airflow/dags/nyc_taxi_ingest.py
[2026-08-15T21:40:32.332+0000] {processor.py:840} INFO - DAG(s) 'nyc_taxi_ingest' retrieved from /opt/airflow/dags/nyc_taxi_ingest.py
[2026-08-15T21:40:32.393+0000] {logging_mixin.py:188} INFO - [2026-08-15T21:40:32.392+0000] {dag.py:3089} INFO - Sync 1 DAGs
[2026-08-15T21:40:32.420+0000] {logging_mixin.py:188} INFO - [2026-08-15T21:40:32.419+0000] {dag.py:3947} INFO - Setting next_dagrun for nyc_taxi_ingest to None, run_after=None
[2026-08-15T21:40:32.468+0000] {processor.py:183} INFO - Processing /opt/airflow/dags/nyc_taxi_ingest.py took 1.332 seconds
[2026-08-15T21:41:02.734+0000] {processor.py:161} INFO - Started process (PID=194) to work on /opt/airflow/dags/nyc_taxi_ingest.py
[2026-08-15T21:41:02.736+0000] {processor.py:830} INFO - Processing file /opt/airflow/dags/nyc_taxi_ingest.py for tasks to queue
[2026-08-15T21:41:02.740+0000] {logging_mixin.py:188} INFO - [2026-08-15T21:41:02.739+0000] {dagbag.py:545} INFO - Filling up the DagBag from /opt/airflow/dags/nyc_taxi_ingest.py
[2026-08-15T21:41:03.463+0000] {processor.py:840} INFO - DAG(s) 'nyc_taxi_ingest' retrieved from /opt/airflow/dags/nyc_taxi_ingest.py
[2026-08-15T21:41:03.495+0000] {logging_mixin.py:188} INFO - [2026-08-15T21:41:03.494+0000] {dag.py:3089} INFO - Sync 1 DAGs
[2026-08-15T21:41:03.528+0000] {logging_mixin.py:188} INFO - [2026-08-15T21:41:03.528+0000] {dag.py:3947} INFO - Setting next_dagrun for nyc_taxi_ingest to None, run_after=None
[2026-08-15T21:41:03.562+0000] {processor.py:183} INFO - Processing /opt/airflow/dags/nyc_taxi_ingest.py took 0.841 seconds
[2026-08-15T21:41:34.098+0000] {processor.py:161} INFO - Started process (PID=196) to work on /opt/airflow/dags/nyc_taxi_ingest.py
[2026-08-15T21:41:34.104+0000] {processor.py:830} INFO - Processing file /opt/airflow/dags/nyc_taxi_ingest.py for tasks to queue
[2026-08-15T21:41:34.110+0000] {logging_mixin.py:188} INFO - [2026-08-15T21:41:34.109+0000] {dagbag.py:545} INFO - Filling up the DagBag from /opt/airflow/dags/nyc_taxi_ingest.py
[2026-08-15T21:41:35.968+0000] {processor.py:840} INFO - DAG(s) 'nyc_taxi_ingest' retrieved from /opt/airflow/dags/nyc_taxi_ingest.py
[2026-08-15T21:41:36.096+0000] {logging_mixin.py:188} INFO - [2026-08-15T21:41:36.087+0000] {dag.py:3089} INFO - Sync 1 DAGs
[2026-08-15T21:41:36.247+0000] {logging_mixin.py:188} INFO - [2026-08-15T21:41:36.246+0000] {dag.py:3947} INFO - Setting next_dagrun for nyc_taxi_ingest to None, run_after=None
[2026-08-15T21:41:36.344+0000] {processor.py:183} INFO - Processing /opt/airflow/dags/nyc_taxi_ingest.py took 2.273 seconds
[2026-08-15T21:42:06.867+0000] {processor.py:161} INFO - Started process (PID=198) to work on /opt/airflow/dags/nyc_taxi_ingest.py
[2026-08-15T21:42:06.870+0000] {processor.py:830} INFO - Processing file /opt/airflow/dags/nyc_taxi_ingest.py for tasks to queue
[2026-08-15T21:42:06.877+0000] {logging_mixin.py:188} INFO - [2026-08-15T21:42:06.876+0000] {dagbag.py:545} INFO - Filling up the DagBag from /opt/airflow/dags/nyc_taxi_ingest.py
[2026-08-15T21:42:07.837+0000] {processor.py:840} INFO - DAG(s) 'nyc_taxi_ingest' retrieved from /opt/airflow/dags/nyc_taxi_ingest.py
[2026-08-15T21:42:07.883+0000] {logging_mixin.py:188} INFO - [2026-08-15T21:42:07.882+0000] {dag.py:3089} INFO - Sync 1 DAGs
[2026-08-15T21:42:07.929+0000] {logging_mixin.py:188} INFO - [2026-08-15T21:42:07.928+0000] {dag.py:3947} INFO - Setting next_dagrun for nyc_taxi_ingest to None, run_after=None
[2026-08-15T21:42:07.966+0000] {processor.py:183} INFO - Processing /opt/airflow/dags/nyc_taxi_ingest.py took 1.118 seconds
[2026-08-15T21:42:38.263+0000] {processor.py:161} INFO - Started process (PID=200) to work on /opt/airflow/dags/nyc_taxi_ingest.py
[2026-08-15T21:42:38.266+0000] {processor.py:830} INFO - Processing file /opt/airflow/dags/nyc_taxi_ingest.py for tasks to queue
[2026-08-15T21:42:38.271+0000] {logging_mixin.py:188} INFO - [2026-08-15T21:42:38.270+0000] {dagbag.py:545} INFO - Filling up the DagBag from /opt/airflow/dags/nyc_taxi_ingest.py
[2026-08-15T21:42:39.267+0000] {processor.py:840} INFO - DAG(s) 'nyc_taxi_ingest' retrieved from /opt/airflow/dags/nyc_taxi_ingest.py
[2026-08-15T21:42:39.308+0000] {logging_mixin.py:188} INFO - [2026-08-15T21:42:39.307+0000] {dag.py:3089} INFO - Sync 1 DAGs
[2026-08-15T21:42:39.339+0000] {logging_mixin.py:188} INFO - [2026-08-15T21:42:39.339+0000] {dag.py:3947} INFO - Setting next_dagrun for nyc_taxi_ingest to None, run_after=None
[2026-08-15T21:42:39.367+0000] {processor.py:183} INFO - Processing /opt/airflow/dags/nyc_taxi_ingest.py took 1.119 seconds
[2026-08-15T21:43:09.634+0000] {processor.py:161} INFO - Started process (PID=202) to work on /opt/airflow/dags/nyc_taxi_ingest.py
[2026-08-15T21:43:09.636+0000] {processor.py:830} INFO - Processing file /opt/airflow/dags/nyc_taxi_ingest.py for tasks to queue
[2026-08-15T21:43:09.638+0000] {logging_mixin.py:188} INFO - [2026-08-15T21:43:09.638+0000] {dagbag.py:545} INFO - Filling up the DagBag from /opt/airflow/dags/nyc_taxi_ingest.py
[2026-08-15T21:43:10.763+0000] {processor.py:840} INFO - DAG(s) 'nyc_taxi_ingest' retrieved from /opt/airflow/dags/nyc_taxi_ingest.py
[2026-08-15T21:43:10.836+0000] {logging_mixin.py:188} INFO - [2026-08-15T21:43:10.835+0000] {dag.py:3089} INFO - Sync 1 DAGs
[2026-08-15T21:43:10.886+0000] {logging_mixin.py:188} INFO - [2026-08-15T21:43:10.886+0000] {dag.py:3947} INFO - Setting next_dagrun for nyc_taxi_ingest to None, run_after=None
[2026-08-15T21:43:10.940+0000] {processor.py:183} INFO - Processing /opt/airflow/dags/nyc_taxi_ingest.py took 1.316 seconds
[2026-08-15T21:43:41.312+0000] {processor.py:161} INFO - Started process (PID=204) to work on /opt/airflow/dags/nyc_taxi_ingest.py
[2026-08-15T21:43:41.313+0000] {processor.py:830} INFO - Processing file /opt/airflow/dags/nyc_taxi_ingest.py for tasks to queue
[2026-08-15T21:43:41.317+0000] {logging_mixin.py:188} INFO - [2026-08-15T21:43:41.317+0000] {dagbag.py:545} INFO - Filling up the DagBag from /opt/airflow/dags/nyc_taxi_ingest.py
[2026-08-15T21:43:41.888+0000] {processor.py:840} INFO - DAG(s) 'nyc_taxi_ingest' retrieved from /opt/airflow/dags/nyc_taxi_ingest.py
[2026-08-15T21:43:41.920+0000] {logging_mixin.py:188} INFO - [2026-08-15T21:43:41.919+0000] {dag.py:3089} INFO - Sync 1 DAGs
[2026-08-15T21:43:41.940+0000] {logging_mixin.py:188} INFO - [2026-08-15T21:43:41.940+0000] {dag.py:3947} INFO - Setting next_dagrun for nyc_taxi_ingest to None, run_after=None
[2026-08-15T21:43:41.961+0000] {processor.py:183} INFO - Processing /opt/airflow/dags/nyc_taxi_ingest.py took 0.662 seconds
[2026-08-15T21:44:12.444+0000] {processor.py:161} INFO - Started process (PID=206) to work on /opt/airflow/dags/nyc_taxi_ingest.py
[2026-08-15T21:44:12.446+0000] {processor.py:830} INFO - Processing file /opt/airflow/dags/nyc_taxi_ingest.py for tasks to queue
[2026-08-15T21:44:12.448+0000] {logging_mixin.py:188} INFO - [2026-08-15T21:44:12.448+0000] {dagbag.py:545} INFO - Filling up the DagBag from /opt/airflow/dags/nyc_taxi_ingest.py
[2026-08-15T21:44:12.986+0000] {processor.py:840} INFO - DAG(s) 'nyc_taxi_ingest' retrieved from /opt/airflow/dags/nyc_taxi_ingest.py
[2026-08-15T21:44:13.013+0000] {logging_mixin.py:188} INFO - [2026-08-15T21:44:13.012+0000] {dag.py:3089} INFO - Sync 1 DAGs
[2026-08-15T21:44:13.032+0000] {logging_mixin.py:188} INFO - [2026-08-15T21:44:13.031+0000] {dag.py:3947} INFO - Setting next_dagrun for nyc_taxi_ingest to None, run_after=None
[2026-08-15T21:44:13.052+0000] {processor.py:183} INFO - Processing /opt/airflow/dags/nyc_taxi_ingest.py took 0.620 seconds
[2026-08-15T21:44:43.430+0000] {processor.py:161} INFO - Started process (PID=208) to work on /opt/airflow/dags/nyc_taxi_ingest.py
[2026-08-15T21:44:43.432+0000] {processor.py:830} INFO - Processing file /opt/airflow/dags/nyc_taxi_ingest.py for tasks to queue
[2026-08-15T21:44:43.435+0000] {logging_mixin.py:188} INFO - [2026-08-15T21:44:43.434+0000] {dagbag.py:545} INFO - Filling up the DagBag from /opt/airflow/dags/nyc_taxi_ingest.py
[2026-08-15T21:44:44.081+0000] {processor.py:840} INFO - DAG(s) 'nyc_taxi_ingest' retrieved from /opt/airflow/dags/nyc_taxi_ingest.py
[2026-08-15T21:44:44.120+0000] {logging_mixin.py:188} INFO - [2026-08-15T21:44:44.120+0000] {dag.py:3089} INFO - Sync 1 DAGs
[2026-08-15T21:44:44.151+0000] {logging_mixin.py:188} INFO - [2026-08-15T21:44:44.151+0000] {dag.py:3947} INFO - Setting next_dagrun for nyc_taxi_ingest to None, run_after=None
[2026-08-15T21:44:44.191+0000] {processor.py:183} INFO - Processing /opt/airflow/dags/nyc_taxi_ingest.py took 0.771 seconds
[2026-08-15T21:45:14.594+0000] {processor.py:161} INFO - Started process (PID=210) to work on /opt/airflow/dags/nyc_taxi_ingest.py
[2026-08-15T21:45:14.596+0000] {processor.py:830} INFO - Processing file /opt/airflow/dags/nyc_taxi_ingest.py for tasks to queue
[2026-08-15T21:45:14.601+0000] {logging_mixin.py:188} INFO - [2026-08-15T21:45:14.600+0000] {dagbag.py:545} INFO - Filling up the DagBag from /opt/airflow/dags/nyc_taxi_ingest.py
[2026-08-15T21:45:15.251+0000] {processor.py:840} INFO - DAG(s) 'nyc_taxi_ingest' retrieved from /opt/airflow/dags/nyc_taxi_ingest.py
[2026-08-15T21:45:15.301+0000] {logging_mixin.py:188} INFO - [2026-08-15T21:45:15.300+0000] {dag.py:3089} INFO - Sync 1 DAGs
[2026-08-15T21:45:15.334+0000] {logging_mixin.py:188} INFO - [2026-08-15T21:45:15.333+0000] {dag.py:3947} INFO - Setting next_dagrun for nyc_taxi_ingest to None, run_after=None
[2026-08-15T21:45:15.373+0000] {processor.py:183} INFO - Processing /opt/airflow/dags/nyc_taxi_ingest.py took 0.789 seconds
[2026-08-15T21:45:45.805+0000] {processor.py:161} INFO - Started process (PID=212) to work on /opt/airflow/dags/nyc_taxi_ingest.py
[2026-08-15T21:45:45.808+0000] {processor.py:830} INFO - Processing file /opt/airflow/dags/nyc_taxi_ingest.py for tasks to queue
[2026-08-15T21:45:45.814+0000] {logging_mixin.py:188} INFO - [2026-08-15T21:45:45.812+0000] {dagbag.py:545} INFO - Filling up the DagBag from /opt/airflow/dags/nyc_taxi_ingest.py
[2026-08-15T21:45:46.844+0000] {processor.py:840} INFO - DAG(s) 'nyc_taxi_ingest' retrieved from /opt/airflow/dags/nyc_taxi_ingest.py
[2026-08-15T21:45:46.895+0000] {logging_mixin.py:188} INFO - [2026-08-15T21:45:46.894+0000] {dag.py:3089} INFO - Sync 1 DAGs
[2026-08-15T21:45:46.956+0000] {logging_mixin.py:188} INFO - [2026-08-15T21:45:46.955+0000] {dag.py:3947} INFO - Setting next_dagrun for nyc_taxi_ingest to None, run_after=None
[2026-08-15T21:45:46.992+0000] {processor.py:183} INFO - Processing /opt/airflow/dags/nyc_taxi_ingest.py took 1.208 seconds
[2026-08-15T21:46:17.256+0000] {processor.py:161} INFO - Started process (PID=214) to work on /opt/airflow/dags/nyc_taxi_ingest.py
[2026-08-15T21:46:17.259+0000] {processor.py:830} INFO - Processing file /opt/airflow/dags/nyc_taxi_ingest.py for tasks to queue
[2026-08-15T21:46:17.265+0000] {logging_mixin.py:188} INFO - [2026-08-15T21:46:17.264+0000] {dagbag.py:545} INFO - Filling up the DagBag from /opt/airflow/dags/nyc_taxi_ingest.py
[2026-08-15T21:46:18.481+0000] {processor.py:840} INFO - DAG(s) 'nyc_taxi_ingest' retrieved from /opt/airflow/dags/nyc_taxi_ingest.py
[2026-08-15T21:46:18.545+0000] {logging_mixin.py:188} INFO - [2026-08-15T21:46:18.544+0000] {dag.py:3089} INFO - Sync 1 DAGs
[2026-08-15T21:46:18.594+0000] {logging_mixin.py:188} INFO - [2026-08-15T21:46:18.593+0000] {dag.py:3947} INFO - Setting next_dagrun for nyc_taxi_ingest to None, run_after=None
[2026-08-15T21:46:18.646+0000] {processor.py:183} INFO - Processing /opt/airflow/dags/nyc_taxi_ingest.py took 1.408 seconds
[2026-08-15T21:46:49.015+0000] {processor.py:161} INFO - Started process (PID=216) to work on /opt/airflow/dags/nyc_taxi_ingest.py
[2026-08-15T21:46:49.016+0000] {processor.py:830} INFO - Processing file /opt/airflow/dags/nyc_taxi_ingest.py for tasks to queue
[2026-08-15T21:46:49.019+0000] {logging_mixin.py:188} INFO - [2026-08-15T21:46:49.019+0000] {dagbag.py:545} INFO - Filling up the DagBag from /opt/airflow/dags/nyc_taxi_ingest.py
[2026-08-15T21:46:49.742+0000] {processor.py:840} INFO - DAG(s) 'nyc_taxi_ingest' retrieved from /opt/airflow/dags/nyc_taxi_ingest.py
[2026-08-15T21:46:49.780+0000] {logging_mixin.py:188} INFO - [2026-08-15T21:46:49.780+0000] {dag.py:3089} INFO - Sync 1 DAGs
[2026-08-15T21:46:49.811+0000] {logging_mixin.py:188} INFO - [2026-08-15T21:46:49.811+0000] {dag.py:3947} INFO - Setting next_dagrun for nyc_taxi_ingest to None, run_after=None
[2026-08-15T21:46:49.834+0000] {processor.py:183} INFO - Processing /opt/airflow/dags/nyc_taxi_ingest.py took 0.829 seconds
[2026-08-15T21:47:19.996+0000] {processor.py:161} INFO - Started process (PID=218) to work on /opt/airflow/dags/nyc_taxi_ingest.py
[2026-08-15T21:47:19.997+0000] {processor.py:830} INFO - Processing file /opt/airflow/dags/nyc_taxi_ingest.py for tasks to queue
[2026-08-15T21:47:20.000+0000] {logging_mixin.py:188} INFO - [2026-08-15T21:47:20.000+0000] {dagbag.py:545} INFO - Filling up the DagBag from /opt/airflow/dags/nyc_taxi_ingest.py
[2026-08-15T21:47:20.690+0000] {processor.py:840} INFO - DAG(s) 'nyc_taxi_ingest' retrieved from /opt/airflow/dags/nyc_taxi_ingest.py
[2026-08-15T21:47:20.738+0000] {logging_mixin.py:188} INFO - [2026-08-15T21:47:20.737+0000] {dag.py:3089} INFO - Sync 1 DAGs
[2026-08-15T21:47:20.780+0000] {logging_mixin.py:188} INFO - [2026-08-15T21:47:20.780+0000] {dag.py:3947} INFO - Setting next_dagrun for nyc_taxi_ingest to None, run_after=None
[2026-08-15T21:47:20.816+0000] {processor.py:183} INFO - Processing /opt/airflow/dags/nyc_taxi_ingest.py took 0.826 seconds
[2026-08-15T21:47:51.185+0000] {processor.py:161} INFO - Started process (PID=220) to work on /opt/airflow/dags/nyc_taxi_ingest.py
[2026-08-15T21:47:51.188+0000] {processor.py:830} INFO - Processing file /opt/airflow/dags/nyc_taxi_ingest.py for tasks to queue
[2026-08-15T21:47:51.192+0000] {logging_mixin.py:188} INFO - [2026-08-15T21:47:51.191+0000] {dagbag.py:545} INFO - Filling up the DagBag from /opt/airflow/dags/nyc_taxi_ingest.py
[2026-08-15T21:47:51.860+0000] {processor.py:840} INFO - DAG(s) 'nyc_taxi_ingest' retrieved from /opt/airflow/dags/nyc_taxi_ingest.py
[2026-08-15T21:47:51.894+0000] {logging_mixin.py:188} INFO - [2026-08-15T21:47:51.893+0000] {dag.py:3089} INFO - Sync 1 DAGs
[2026-08-15T21:47:51.938+0000] {logging_mixin.py:188} INFO - [2026-08-15T21:47:51.937+0000] {dag.py:3947} INFO - Setting next_dagrun for nyc_taxi_ingest to None, run_after=None
[2026-08-15T21:47:51.981+0000] {processor.py:183} INFO - Processing /opt/airflow/dags/nyc_taxi_ingest.py took 0.806 seconds
[2026-08-15T21:48:22.389+0000] {processor.py:161} INFO - Started process (PID=222) to work on /opt/airflow/dags/nyc_taxi_ingest.py
[2026-08-15T21:48:22.391+0000] {processor.py:830} INFO - Processing file /opt/airflow/dags/nyc_taxi_ingest.py for tasks to queue
[2026-08-15T21:48:22.394+0000] {logging_mixin.py:188} INFO - [2026-08-15T21:48:22.393+0000] {dagbag.py:545} INFO - Filling up the DagBag from /opt/airflow/dags/nyc_taxi_ingest.py
[2026-08-15T21:48:23.022+0000] {processor.py:840} INFO - DAG(s) 'nyc_taxi_ingest' retrieved from /opt/airflow/dags/nyc_taxi_ingest.py
[2026-08-15T21:48:23.051+0000] {logging_mixin.py:188} INFO - [2026-08-15T21:48:23.051+0000] {dag.py:3089} INFO - Sync 1 DAGs
[2026-08-15T21:48:23.072+0000] {logging_mixin.py:188} INFO - [2026-08-15T21:48:23.072+0000] {dag.py:3947} INFO - Setting next_dagrun for nyc_taxi_ingest to None, run_after=None
[2026-08-15T21:48:23.093+0000] {processor.py:183} INFO - Processing /opt/airflow/dags/nyc_taxi_ingest.py took 0.711 seconds
[2026-08-15T21:48:53.465+0000] {processor.py:161} INFO - Started process (PID=224) to work on /opt/airflow/dags/nyc_taxi_ingest.py
[2026-08-15T21:48:53.466+0000] {processor.py:830} INFO - Processing file /opt/airflow/dags/nyc_taxi_ingest.py for tasks to queue
[2026-08-15T21:48:53.469+0000] {logging_mixin.py:188} INFO - [2026-08-15T21:48:53.468+0000] {dagbag.py:545} INFO - Filling up the DagBag from /opt/airflow/dags/nyc_taxi_ingest.py
[2026-08-15T21:48:54.084+0000] {processor.py:840} INFO - DAG(s) 'nyc_taxi_ingest' retrieved from /opt/airflow/dags/nyc_taxi_ingest.py
[2026-08-15T21:48:54.128+0000] {logging_mixin.py:188} INFO - [2026-08-15T21:48:54.127+0000] {dag.py:3089} INFO - Sync 1 DAGs
[2026-08-15T21:48:54.165+0000] {logging_mixin.py:188} INFO - [2026-08-15T21:48:54.164+0000] {dag.py:3947} INFO - Setting next_dagrun for nyc_taxi_ingest to None, run_after=None
[2026-08-15T21:48:54.205+0000] {processor.py:183} INFO - Processing /opt/airflow/dags/nyc_taxi_ingest.py took 0.747 seconds
[2026-08-15T21:49:24.787+0000] {processor.py:161} INFO - Started process (PID=226) to work on /opt/airflow/dags/nyc_taxi_ingest.py
[2026-08-15T21:49:24.789+0000] {processor.py:830} INFO - Processing file /opt/airflow/dags/nyc_taxi_ingest.py for tasks to queue
[2026-08-15T21:49:24.802+0000] {logging_mixin.py:188} INFO - [2026-08-15T21:49:24.800+0000] {dagbag.py:545} INFO - Filling up the DagBag from /opt/airflow/dags/nyc_taxi_ingest.py
[2026-08-15T21:49:25.941+0000] {processor.py:840} INFO - DAG(s) 'nyc_taxi_ingest' retrieved from /opt/airflow/dags/nyc_taxi_ingest.py
[2026-08-15T21:49:25.986+0000] {logging_mixin.py:188} INFO - [2026-08-15T21:49:25.985+0000] {dag.py:3089} INFO - Sync 1 DAGs
[2026-08-15T21:49:26.021+0000] {logging_mixin.py:188} INFO - [2026-08-15T21:49:26.020+0000] {dag.py:3947} INFO - Setting next_dagrun for nyc_taxi_ingest to None, run_after=None
[2026-08-15T21:49:26.053+0000] {processor.py:183} INFO - Processing /opt/airflow/dags/nyc_taxi_ingest.py took 1.289 seconds
[2026-08-15T21:49:56.397+0000] {processor.py:161} INFO - Started process (PID=228) to work on /opt/airflow/dags/nyc_taxi_ingest.py
[2026-08-15T21:49:56.399+0000] {processor.py:830} INFO - Processing file /opt/airflow/dags/nyc_taxi_ingest.py for tasks to queue
[2026-08-15T21:49:56.402+0000] {logging_mixin.py:188} INFO - [2026-08-15T21:49:56.402+0000] {dagbag.py:545} INFO - Filling up the DagBag from /opt/airflow/dags/nyc_taxi_ingest.py
[2026-08-15T21:49:57.059+0000] {processor.py:840} INFO - DAG(s) 'nyc_taxi_ingest' retrieved from /opt/airflow/dags/nyc_taxi_ingest.py
[2026-08-15T21:49:57.093+0000] {logging_mixin.py:188} INFO - [2026-08-15T21:49:57.092+0000] {dag.py:3089} INFO - Sync 1 DAGs
[2026-08-15T21:49:57.123+0000] {logging_mixin.py:188} INFO - [2026-08-15T21:49:57.123+0000] {dag.py:3947} INFO - Setting next_dagrun for nyc_taxi_ingest to None, run_after=None
[2026-08-15T21:49:57.156+0000] {processor.py:183} INFO - Processing /opt/airflow/dags/nyc_taxi_ingest.py took 0.774 seconds
[2026-08-15T21:50:27.373+0000] {processor.py:161} INFO - Started process (PID=230) to work on /opt/airflow/dags/nyc_taxi_ingest.py
[2026-08-15T21:50:27.374+0000] {processor.py:830} INFO - Processing file /opt/airflow/dags/nyc_taxi_ingest.py for tasks to queue
[2026-08-15T21:50:27.377+0000] {logging_mixin.py:188} INFO - [2026-08-15T21:50:27.376+0000] {dagbag.py:545} INFO - Filling up the DagBag from /opt/airflow/dags/nyc_taxi_ingest.py
[2026-08-15T21:50:28.243+0000] {processor.py:840} INFO - DAG(s) 'nyc_taxi_ingest' retrieved from /opt/airflow/dags/nyc_taxi_ingest.py
[2026-08-15T21:50:28.289+0000] {logging_mixin.py:188} INFO - [2026-08-15T21:50:28.288+0000] {dag.py:3089} INFO - Sync 1 DAGs
[2026-08-15T21:50:28.320+0000] {logging_mixin.py:188} INFO - [2026-08-15T21:50:28.319+0000] {dag.py:3947} INFO - Setting next_dagrun for nyc_taxi_ingest to None, run_after=None
[2026-08-15T21:50:28.349+0000] {processor.py:183} INFO - Processing /opt/airflow/dags/nyc_taxi_ingest.py took 0.986 seconds
[2026-08-15T21:50:58.751+0000] {processor.py:161} INFO - Started process (PID=232) to work on /opt/airflow/dags/nyc_taxi_ingest.py
[2026-08-15T21:50:58.752+0000] {processor.py:830} INFO - Processing file /opt/airflow/dags/nyc_taxi_ingest.py for tasks to queue
[2026-08-15T21:50:58.755+0000] {logging_mixin.py:188} INFO - [2026-08-15T21:50:58.755+0000] {dagbag.py:545} INFO - Filling up the DagBag from /opt/airflow/dags/nyc_taxi_ingest.py
[2026-08-15T21:50:59.306+0000] {processor.py:840} INFO - DAG(s) 'nyc_taxi_ingest' retrieved from /opt/airflow/dags/nyc_taxi_ingest.py
[2026-08-15T21:50:59.330+0000] {logging_mixin.py:188} INFO - [2026-08-15T21:50:59.330+0000] {dag.py:3089} INFO - Sync 1 DAGs
[2026-08-15T21:50:59.348+0000] {logging_mixin.py:188} INFO - [2026-08-15T21:50:59.348+0000] {dag.py:3947} INFO - Setting next_dagrun for nyc_taxi_ingest to None, run_after=None
[2026-08-15T21:50:59.372+0000] {processor.py:183} INFO - Processing /opt/airflow/dags/nyc_taxi_ingest.py took 0.627 seconds
[2026-08-15T21:51:29.800+0000] {processor.py:161} INFO - Started process (PID=234) to work on /opt/airflow/dags/nyc_taxi_ingest.py
[2026-08-15T21:51:29.801+0000] {processor.py:830} INFO - Processing file /opt/airflow/dags/nyc_taxi_ingest.py for tasks to queue
[2026-08-15T21:51:29.804+0000] {logging_mixin.py:188} INFO - [2026-08-15T21:51:29.804+0000] {dagbag.py:545} INFO - Filling up the DagBag from /opt/airflow/dags/nyc_taxi_ingest.py
[2026-08-15T21:51:30.764+0000] {processor.py:840} INFO - DAG(s) 'nyc_taxi_ingest' retrieved from /opt/airflow/dags/nyc_taxi_ingest.py
[2026-08-15T21:51:30.797+0000] {logging_mixin.py:188} INFO - [2026-08-15T21:51:30.797+0000] {dag.py:3089} INFO - Sync 1 DAGs
[2026-08-15T21:51:30.825+0000] {logging_mixin.py:188} INFO - [2026-08-15T21:51:30.825+0000] {dag.py:3947} INFO - Setting next_dagrun for nyc_taxi_ingest to None, run_after=None
[2026-08-15T21:51:30.856+0000] {processor.py:183} INFO - Processing /opt/airflow/dags/nyc_taxi_ingest.py took 1.068 seconds
[2026-08-15T21:52:01.114+0000] {processor.py:161} INFO - Started process (PID=236) to work on /opt/airflow/dags/nyc_taxi_ingest.py
[2026-08-15T21:52:01.115+0000] {processor.py:830} INFO - Processing file /opt/airflow/dags/nyc_taxi_ingest.py for tasks to queue
[2026-08-15T21:52:01.118+0000] {logging_mixin.py:188} INFO - [2026-08-15T21:52:01.118+0000] {dagbag.py:545} INFO - Filling up the DagBag from /opt/airflow/dags/nyc_taxi_ingest.py
[2026-08-15T21:52:02.112+0000] {processor.py:840} INFO - DAG(s) 'nyc_taxi_ingest' retrieved from /opt/airflow/dags/nyc_taxi_ingest.py
[2026-08-15T21:52:02.179+0000] {logging_mixin.py:188} INFO - [2026-08-15T21:52:02.178+0000] {dag.py:3089} INFO - Sync 1 DAGs
[2026-08-15T21:52:02.222+0000] {logging_mixin.py:188} INFO - [2026-08-15T21:52:02.222+0000] {dag.py:3947} INFO - Setting next_dagrun for nyc_taxi_ingest to None, run_after=None
[2026-08-15T21:52:02.267+0000] {processor.py:183} INFO - Processing /opt/airflow/dags/nyc_taxi_ingest.py took 1.165 seconds
[2026-08-15T21:52:32.507+0000] {processor.py:161} INFO - Started process (PID=238) to work on /opt/airflow/dags/nyc_taxi_ingest.py
[2026-08-15T21:52:32.510+0000] {processor.py:830} INFO - Processing file /opt/airflow/dags/nyc_taxi_ingest.py for tasks to queue
[2026-08-15T21:52:32.514+0000] {logging_mixin.py:188} INFO - [2026-08-15T21:52:32.513+0000] {dagbag.py:545} INFO - Filling up the DagBag from /opt/airflow/dags/nyc_taxi_ingest.py
[2026-08-15T21:52:33.427+0000] {processor.py:840} INFO - DAG(s) 'nyc_taxi_ingest' retrieved from /opt/airflow/dags/nyc_taxi_ingest.py
[2026-08-15T21:52:33.470+0000] {logging_mixin.py:188} INFO - [2026-08-15T21:52:33.470+0000] {dag.py:3089} INFO - Sync 1 DAGs
[2026-08-15T21:52:33.506+0000] {logging_mixin.py:188} INFO - [2026-08-15T21:52:33.505+0000] {dag.py:3947} INFO - Setting next_dagrun for nyc_taxi_ingest to None, run_after=None
[2026-08-15T21:52:33.536+0000] {processor.py:183} INFO - Processing /opt/airflow/dags/nyc_taxi_ingest.py took 1.043 seconds
[2026-08-15T21:53:03.827+0000] {processor.py:161} INFO - Started process (PID=240) to work on /opt/airflow/dags/nyc_taxi_ingest.py
[2026-08-15T21:53:03.829+0000] {processor.py:830} INFO - Processing file /opt/airflow/dags/nyc_taxi_ingest.py for tasks to queue
[2026-08-15T21:53:03.832+0000] {logging_mixin.py:188} INFO - [2026-08-15T21:53:03.831+0000] {dagbag.py:545} INFO - Filling up the DagBag from /opt/airflow/dags/nyc_taxi_ingest.py
[2026-08-15T21:53:04.398+0000] {processor.py:840} INFO - DAG(s) 'nyc_taxi_ingest' retrieved from /opt/airflow/dags/nyc_taxi_ingest.py
[2026-08-15T21:53:04.424+0000] {logging_mixin.py:188} INFO - [2026-08-15T21:53:04.424+0000] {dag.py:3089} INFO - Sync 1 DAGs
[2026-08-15T21:53:04.446+0000] {logging_mixin.py:188} INFO - [2026-08-15T21:53:04.446+0000] {dag.py:3947} INFO - Setting next_dagrun for nyc_taxi_ingest to None, run_after=None
[2026-08-15T21:53:04.466+0000] {processor.py:183} INFO - Processing /opt/airflow/dags/nyc_taxi_ingest.py took 0.647 seconds
[2026-08-15T21:53:34.830+0000] {processor.py:161} INFO - Started process (PID=242) to work on /opt/airflow/dags/nyc_taxi_ingest.py
[2026-08-15T21:53:34.832+0000] {processor.py:830} INFO - Processing file /opt/airflow/dags/nyc_taxi_ingest.py for tasks to queue
[2026-08-15T21:53:34.835+0000] {logging_mixin.py:188} INFO - [2026-08-15T21:53:34.834+0000] {dagbag.py:545} INFO - Filling up the DagBag from /opt/airflow/dags/nyc_taxi_ingest.py
[2026-08-15T21:53:35.379+0000] {processor.py:840} INFO - DAG(s) 'nyc_taxi_ingest' retrieved from /opt/airflow/dags/nyc_taxi_ingest.py
[2026-08-15T21:53:35.406+0000] {logging_mixin.py:188} INFO - [2026-08-15T21:53:35.406+0000] {dag.py:3089} INFO - Sync 1 DAGs
[2026-08-15T21:53:35.431+0000] {logging_mixin.py:188} INFO - [2026-08-15T21:53:35.431+0000] {dag.py:3947} INFO - Setting next_dagrun for nyc_taxi_ingest to None, run_after=None
[2026-08-15T21:53:35.452+0000] {processor.py:183} INFO - Processing /opt/airflow/dags/nyc_taxi_ingest.py took 0.630 seconds
[2026-08-15T21:54:05.807+0000] {processor.py:161} INFO - Started process (PID=244) to work on /opt/airflow/dags/nyc_taxi_ingest.py
[2026-08-15T21:54:05.809+0000] {processor.py:830} INFO - Processing file /opt/airflow/dags/nyc_taxi_ingest.py for tasks to queue
[2026-08-15T21:54:05.811+0000] {logging_mixin.py:188} INFO - [2026-08-15T21:54:05.811+0000] {dagbag.py:545} INFO - Filling up the DagBag from /opt/airflow/dags/nyc_taxi_ingest.py
[2026-08-15T21:54:06.332+0000] {processor.py:840} INFO - DAG(s) 'nyc_taxi_ingest' retrieved from /opt/airflow/dags/nyc_taxi_ingest.py
[2026-08-15T21:54:06.365+0000] {logging_mixin.py:188} INFO - [2026-08-15T21:54:06.365+0000] {dag.py:3089} INFO - Sync 1 DAGs
[2026-08-15T21:54:06.383+0000] {logging_mixin.py:188} INFO - [2026-08-15T21:54:06.382+0000] {dag.py:3947} INFO - Setting next_dagrun for nyc_taxi_ingest to None, run_after=None
[2026-08-15T21:54:06.400+0000] {processor.py:183} INFO - Processing /opt/airflow/dags/nyc_taxi_ingest.py took 0.600 seconds
[2026-08-15T21:54:37.273+0000] {processor.py:161} INFO - Started process (PID=246) to work on /opt/airflow/dags/nyc_taxi_ingest.py
[2026-08-15T21:54:37.275+0000] {processor.py:830} INFO - Processing file /opt/airflow/dags/nyc_taxi_ingest.py for tasks to queue
[2026-08-15T21:54:37.284+0000] {logging_mixin.py:188} INFO - [2026-08-15T21:54:37.283+0000] {dagbag.py:545} INFO - Filling up the DagBag from /opt/airflow/dags/nyc_taxi_ingest.py
[2026-08-15T21:54:38.417+0000] {processor.py:840} INFO - DAG(s) 'nyc_taxi_ingest' retrieved from /opt/airflow/dags/nyc_taxi_ingest.py
[2026-08-15T21:54:38.498+0000] {logging_mixin.py:188} INFO - [2026-08-15T21:54:38.497+0000] {dag.py:3089} INFO - Sync 1 DAGs
[2026-08-15T21:54:38.533+0000] {logging_mixin.py:188} INFO - [2026-08-15T21:54:38.533+0000] {dag.py:3947} INFO - Setting next_dagrun for nyc_taxi_ingest to None, run_after=None
[2026-08-15T21:54:38.570+0000] {processor.py:183} INFO - Processing /opt/airflow/dags/nyc_taxi_ingest.py took 1.318 seconds
[2026-08-15T21:55:08.839+0000] {processor.py:161} INFO - Started process (PID=248) to work on /opt/airflow/dags/nyc_taxi_ingest.py
[2026-08-15T21:55:08.841+0000] {processor.py:830} INFO - Processing file /opt/airflow/dags/nyc_taxi_ingest.py for tasks to queue
[2026-08-15T21:55:08.846+0000] {logging_mixin.py:188} INFO - [2026-08-15T21:55:08.845+0000] {dagbag.py:545} INFO - Filling up the DagBag from /opt/airflow/dags/nyc_taxi_ingest.py
[2026-08-15T21:55:10.114+0000] {processor.py:840} INFO - DAG(s) 'nyc_taxi_ingest' retrieved from /opt/airflow/dags/nyc_taxi_ingest.py
[2026-08-15T21:55:10.176+0000] {logging_mixin.py:188} INFO - [2026-08-15T21:55:10.175+0000] {dag.py:3089} INFO - Sync 1 DAGs
[2026-08-15T21:55:10.219+0000] {logging_mixin.py:188} INFO - [2026-08-15T21:55:10.218+0000] {dag.py:3947} INFO - Setting next_dagrun for nyc_taxi_ingest to None, run_after=None
[2026-08-15T21:55:10.257+0000] {processor.py:183} INFO - Processing /opt/airflow/dags/nyc_taxi_ingest.py took 1.433 seconds
[2026-08-15T21:55:40.619+0000] {processor.py:161} INFO - Started process (PID=250) to work on /opt/airflow/dags/nyc_taxi_ingest.py
[2026-08-15T21:55:40.621+0000] {processor.py:830} INFO - Processing file /opt/airflow/dags/nyc_taxi_ingest.py for tasks to queue
[2026-08-15T21:55:40.628+0000] {logging_mixin.py:188} INFO - [2026-08-15T21:55:40.627+0000] {dagbag.py:545} INFO - Filling up the DagBag from /opt/airflow/dags/nyc_taxi_ingest.py
[2026-08-15T21:55:41.216+0000] {processor.py:840} INFO - DAG(s) 'nyc_taxi_ingest' retrieved from /opt/airflow/dags/nyc_taxi_ingest.py
[2026-08-15T21:55:41.244+0000] {logging_mixin.py:188} INFO - [2026-08-15T21:55:41.243+0000] {dag.py:3089} INFO - Sync 1 DAGs
[2026-08-15T21:55:41.266+0000] {logging_mixin.py:188} INFO - [2026-08-15T21:55:41.266+0000] {dag.py:3947} INFO - Setting next_dagrun for nyc_taxi_ingest to None, run_after=None
[2026-08-15T21:55:41.289+0000] {processor.py:183} INFO - Processing /opt/airflow/dags/nyc_taxi_ingest.py took 0.678 seconds
[2026-08-15T21:56:11.551+0000] {processor.py:161} INFO - Started process (PID=252) to work on /opt/airflow/dags/nyc_taxi_ingest.py
[2026-08-15T21:56:11.554+0000] {processor.py:830} INFO - Processing file /opt/airflow/dags/nyc_taxi_ingest.py for tasks to queue
[2026-08-15T21:56:11.558+0000] {logging_mixin.py:188} INFO - [2026-08-15T21:56:11.557+0000] {dagbag.py:545} INFO - Filling up the DagBag from /opt/airflow/dags/nyc_taxi_ingest.py
[2026-08-15T21:56:12.178+0000] {processor.py:840} INFO - DAG(s) 'nyc_taxi_ingest' retrieved from /opt/airflow/dags/nyc_taxi_ingest.py
[2026-08-15T21:56:12.205+0000] {logging_mixin.py:188} INFO - [2026-08-15T21:56:12.205+0000] {dag.py:3089} INFO - Sync 1 DAGs
[2026-08-15T21:56:12.223+0000] {logging_mixin.py:188} INFO - [2026-08-15T21:56:12.223+0000] {dag.py:3947} INFO - Setting next_dagrun for nyc_taxi_ingest to None, run_after=None
[2026-08-15T21:56:12.242+0000] {processor.py:183} INFO - Processing /opt/airflow/dags/nyc_taxi_ingest.py took 0.703 seconds
[2026-08-15T21:56:42.648+0000] {processor.py:161} INFO - Started process (PID=254) to work on /opt/airflow/dags/nyc_taxi_ingest.py
[2026-08-15T21:56:42.651+0000] {processor.py:830} INFO - Processing file /opt/airflow/dags/nyc_taxi_ingest.py for tasks to queue
[2026-08-15T21:56:42.658+0000] {logging_mixin.py:188} INFO - [2026-08-15T21:56:42.657+0000] {dagbag.py:545} INFO - Filling up the DagBag from /opt/airflow/dags/nyc_taxi_ingest.py
[2026-08-15T21:56:43.368+0000] {processor.py:840} INFO - DAG(s) 'nyc_taxi_ingest' retrieved from /opt/airflow/dags/nyc_taxi_ingest.py
[2026-08-15T21:56:43.397+0000] {logging_mixin.py:188} INFO - [2026-08-15T21:56:43.397+0000] {dag.py:3089} INFO - Sync 1 DAGs
[2026-08-15T21:56:43.418+0000] {logging_mixin.py:188} INFO - [2026-08-15T21:56:43.418+0000] {dag.py:3947} INFO - Setting next_dagrun for nyc_taxi_ingest to None, run_after=None
[2026-08-15T21:56:43.447+0000] {processor.py:183} INFO - Processing /opt/airflow/dags/nyc_taxi_ingest.py took 0.817 seconds
[2026-08-15T21:57:13.779+0000] {processor.py:161} INFO - Started process (PID=256) to work on /opt/airflow/dags/nyc_taxi_ingest.py
[2026-08-15T21:57:13.781+0000] {processor.py:830} INFO - Processing file /opt/airflow/dags/nyc_taxi_ingest.py for tasks to queue
[2026-08-15T21:57:13.784+0000] {logging_mixin.py:188} INFO - [2026-08-15T21:57:13.784+0000] {dagbag.py:545} INFO - Filling up the DagBag from /opt/airflow/dags/nyc_taxi_ingest.py
[2026-08-15T21:57:14.695+0000] {processor.py:840} INFO - DAG(s) 'nyc_taxi_ingest' retrieved from /opt/airflow/dags/nyc_taxi_ingest.py
[2026-08-15T21:57:14.764+0000] {logging_mixin.py:188} INFO - [2026-08-15T21:57:14.763+0000] {dag.py:3089} INFO - Sync 1 DAGs
[2026-08-15T21:57:14.809+0000] {logging_mixin.py:188} INFO - [2026-08-15T21:57:14.809+0000] {dag.py:3947} INFO - Setting next_dagrun for nyc_taxi_ingest to None, run_after=None
[2026-08-15T21:57:14.859+0000] {processor.py:183} INFO - Processing /opt/airflow/dags/nyc_taxi_ingest.py took 1.090 seconds
[2026-08-15T21:57:45.138+0000] {processor.py:161} INFO - Started process (PID=258) to work on /opt/airflow/dags/nyc_taxi_ingest.py
[2026-08-15T21:57:45.139+0000] {processor.py:830} INFO - Processing file /opt/airflow/dags/nyc_taxi_ingest.py for tasks to queue
[2026-08-15T21:57:45.142+0000] {logging_mixin.py:188} INFO - [2026-08-15T21:57:45.142+0000] {dagbag.py:545} INFO - Filling up the DagBag from /opt/airflow/dags/nyc_taxi_ingest.py
[2026-08-15T21:57:45.735+0000] {processor.py:840} INFO - DAG(s) 'nyc_taxi_ingest' retrieved from /opt/airflow/dags/nyc_taxi_ingest.py
[2026-08-15T21:57:45.765+0000] {logging_mixin.py:188} INFO - [2026-08-15T21:57:45.764+0000] {dag.py:3089} INFO - Sync 1 DAGs
[2026-08-15T21:57:45.787+0000] {logging_mixin.py:188} INFO - [2026-08-15T21:57:45.787+0000] {dag.py:3947} INFO - Setting next_dagrun for nyc_taxi_ingest to None, run_after=None
[2026-08-15T21:57:45.810+0000] {processor.py:183} INFO - Processing /opt/airflow/dags/nyc_taxi_ingest.py took 0.680 seconds
[2026-08-15T21:58:16.203+0000] {processor.py:161} INFO - Started process (PID=260) to work on /opt/airflow/dags/nyc_taxi_ingest.py
[2026-08-15T21:58:16.205+0000] {processor.py:830} INFO - Processing file /opt/airflow/dags/nyc_taxi_ingest.py for tasks to queue
[2026-08-15T21:58:16.208+0000] {logging_mixin.py:188} INFO - [2026-08-15T21:58:16.208+0000] {dagbag.py:545} INFO - Filling up the DagBag from /opt/airflow/dags/nyc_taxi_ingest.py
[2026-08-15T21:58:16.870+0000] {processor.py:840} INFO - DAG(s) 'nyc_taxi_ingest' retrieved from /opt/airflow/dags/nyc_taxi_ingest.py
[2026-08-15T21:58:16.905+0000] {logging_mixin.py:188} INFO - [2026-08-15T21:58:16.905+0000] {dag.py:3089} INFO - Sync 1 DAGs
[2026-08-15T21:58:16.928+0000] {logging_mixin.py:188} INFO - [2026-08-15T21:58:16.928+0000] {dag.py:3947} INFO - Setting next_dagrun for nyc_taxi_ingest to None, run_after=None
[2026-08-15T21:58:16.951+0000] {processor.py:183} INFO - Processing /opt/airflow/dags/nyc_taxi_ingest.py took 0.755 seconds
[2026-08-15T21:58:47.544+0000] {processor.py:161} INFO - Started process (PID=262) to work on /opt/airflow/dags/nyc_taxi_ingest.py
[2026-08-15T21:58:47.546+0000] {processor.py:830} INFO - Processing file /opt/airflow/dags/nyc_taxi_ingest.py for tasks to queue
[2026-08-15T21:58:47.552+0000] {logging_mixin.py:188} INFO - [2026-08-15T21:58:47.550+0000] {dagbag.py:545} INFO - Filling up the DagBag from /opt/airflow/dags/nyc_taxi_ingest.py
[2026-08-15T21:58:48.553+0000] {processor.py:840} INFO - DAG(s) 'nyc_taxi_ingest' retrieved from /opt/airflow/dags/nyc_taxi_ingest.py
[2026-08-15T21:58:48.590+0000] {logging_mixin.py:188} INFO - [2026-08-15T21:58:48.589+0000] {dag.py:3089} INFO - Sync 1 DAGs
[2026-08-15T21:58:48.632+0000] {logging_mixin.py:188} INFO - [2026-08-15T21:58:48.632+0000] {dag.py:3947} INFO - Setting next_dagrun for nyc_taxi_ingest to None, run_after=None
[2026-08-15T21:58:48.667+0000] {processor.py:183} INFO - Processing /opt/airflow/dags/nyc_taxi_ingest.py took 1.139 seconds
[2026-08-15T21:59:18.872+0000] {processor.py:161} INFO - Started process (PID=264) to work on /opt/airflow/dags/nyc_taxi_ingest.py
[2026-08-15T21:59:18.874+0000] {processor.py:830} INFO - Processing file /opt/airflow/dags/nyc_taxi_ingest.py for tasks to queue
[2026-08-15T21:59:18.877+0000] {logging_mixin.py:188} INFO - [2026-08-15T21:59:18.877+0000] {dagbag.py:545} INFO - Filling up the DagBag from /opt/airflow/dags/nyc_taxi_ingest.py
[2026-08-15T21:59:19.502+0000] {processor.py:840} INFO - DAG(s) 'nyc_taxi_ingest' retrieved from /opt/airflow/dags/nyc_taxi_ingest.py
[2026-08-15T21:59:19.539+0000] {logging_mixin.py:188} INFO - [2026-08-15T21:59:19.538+0000] {dag.py:3089} INFO - Sync 1 DAGs
[2026-08-15T21:59:19.562+0000] {logging_mixin.py:188} INFO - [2026-08-15T21:59:19.561+0000] {dag.py:3947} INFO - Setting next_dagrun for nyc_taxi_ingest to None, run_after=None
[2026-08-15T21:59:19.585+0000] {processor.py:183} INFO - Processing /opt/airflow/dags/nyc_taxi_ingest.py took 0.722 seconds
[2026-08-15T21:59:50.000+0000] {processor.py:161} INFO - Started process (PID=266) to work on /opt/airflow/dags/nyc_taxi_ingest.py
[2026-08-15T21:59:50.003+0000] {processor.py:830} INFO - Processing file /opt/airflow/dags/nyc_taxi_ingest.py for tasks to queue
[2026-08-15T21:59:50.009+0000] {logging_mixin.py:188} INFO - [2026-08-15T21:59:50.008+0000] {dagbag.py:545} INFO - Filling up the DagBag from /opt/airflow/dags/nyc_taxi_ingest.py
[2026-08-15T21:59:50.696+0000] {processor.py:840} INFO - DAG(s) 'nyc_taxi_ingest' retrieved from /opt/airflow/dags/nyc_taxi_ingest.py
[2026-08-15T21:59:50.733+0000] {logging_mixin.py:188} INFO - [2026-08-15T21:59:50.732+0000] {dag.py:3089} INFO - Sync 1 DAGs
[2026-08-15T21:59:50.762+0000] {logging_mixin.py:188} INFO - [2026-08-15T21:59:50.762+0000] {dag.py:3947} INFO - Setting next_dagrun for nyc_taxi_ingest to None, run_after=None
[2026-08-15T21:59:50.791+0000] {processor.py:183} INFO - Processing /opt/airflow/dags/nyc_taxi_ingest.py took 0.805 seconds
[2026-08-15T22:00:21.214+0000] {processor.py:161} INFO - Started process (PID=268) to work on /opt/airflow/dags/nyc_taxi_ingest.py
[2026-08-15T22:00:21.216+0000] {processor.py:830} INFO - Processing file /opt/airflow/dags/nyc_taxi_ingest.py for tasks to queue
[2026-08-15T22:00:21.222+0000] {logging_mixin.py:188} INFO - [2026-08-15T22:00:21.221+0000] {dagbag.py:545} INFO - Filling up the DagBag from /opt/airflow/dags/nyc_taxi_ingest.py
[2026-08-15T22:00:21.901+0000] {processor.py:840} INFO - DAG(s) 'nyc_taxi_ingest' retrieved from /opt/airflow/dags/nyc_taxi_ingest.py
[2026-08-15T22:00:21.935+0000] {logging_mixin.py:188} INFO - [2026-08-15T22:00:21.935+0000] {dag.py:3089} INFO - Sync 1 DAGs
[2026-08-15T22:00:21.961+0000] {logging_mixin.py:188} INFO - [2026-08-15T22:00:21.960+0000] {dag.py:3947} INFO - Setting next_dagrun for nyc_taxi_ingest to None, run_after=None
[2026-08-15T22:00:21.986+0000] {processor.py:183} INFO - Processing /opt/airflow/dags/nyc_taxi_ingest.py took 0.791 seconds
[2026-08-15T22:00:52.373+0000] {processor.py:161} INFO - Started process (PID=270) to work on /opt/airflow/dags/nyc_taxi_ingest.py
[2026-08-15T22:00:52.375+0000] {processor.py:830} INFO - Processing file /opt/airflow/dags/nyc_taxi_ingest.py for tasks to queue
[2026-08-15T22:00:52.377+0000] {logging_mixin.py:188} INFO - [2026-08-15T22:00:52.377+0000] {dagbag.py:545} INFO - Filling up the DagBag from /opt/airflow/dags/nyc_taxi_ingest.py
[2026-08-15T22:00:53.089+0000] {processor.py:840} INFO - DAG(s) 'nyc_taxi_ingest' retrieved from /opt/airflow/dags/nyc_taxi_ingest.py
[2026-08-15T22:00:53.125+0000] {logging_mixin.py:188} INFO - [2026-08-15T22:00:53.125+0000] {dag.py:3089} INFO - Sync 1 DAGs
[2026-08-15T22:00:53.147+0000] {logging_mixin.py:188} INFO - [2026-08-15T22:00:53.146+0000] {dag.py:3947} INFO - Setting next_dagrun for nyc_taxi_ingest to None, run_after=None
[2026-08-15T22:00:53.174+0000] {processor.py:183} INFO - Processing /opt/airflow/dags/nyc_taxi_ingest.py took 0.809 seconds
[2026-08-15T22:01:23.262+0000] {processor.py:161} INFO - Started process (PID=272) to work on /opt/airflow/dags/nyc_taxi_ingest.py
[2026-08-15T22:01:23.264+0000] {processor.py:830} INFO - Processing file /opt/airflow/dags/nyc_taxi_ingest.py for tasks to queue
[2026-08-15T22:01:23.267+0000] {logging_mixin.py:188} INFO - [2026-08-15T22:01:23.266+0000] {dagbag.py:545} INFO - Filling up the DagBag from /opt/airflow/dags/nyc_taxi_ingest.py
[2026-08-15T22:01:24.437+0000] {processor.py:840} INFO - DAG(s) 'nyc_taxi_ingest' retrieved from /opt/airflow/dags/nyc_taxi_ingest.py
[2026-08-15T22:01:24.484+0000] {logging_mixin.py:188} INFO - [2026-08-15T22:01:24.484+0000] {dag.py:3089} INFO - Sync 1 DAGs
[2026-08-15T22:01:24.517+0000] {logging_mixin.py:188} INFO - [2026-08-15T22:01:24.517+0000] {dag.py:3947} INFO - Setting next_dagrun for nyc_taxi_ingest to None, run_after=None
[2026-08-15T22:01:24.570+0000] {processor.py:183} INFO - Processing /opt/airflow/dags/nyc_taxi_ingest.py took 1.316 seconds
[2026-08-15T22:01:54.813+0000] {processor.py:161} INFO - Started process (PID=274) to work on /opt/airflow/dags/nyc_taxi_ingest.py
[2026-08-15T22:01:54.815+0000] {processor.py:830} INFO - Processing file /opt/airflow/dags/nyc_taxi_ingest.py for tasks to queue
[2026-08-15T22:01:54.819+0000] {logging_mixin.py:188} INFO - [2026-08-15T22:01:54.818+0000] {dagbag.py:545} INFO - Filling up the DagBag from /opt/airflow/dags/nyc_taxi_ingest.py
[2026-08-15T22:01:55.540+0000] {processor.py:840} INFO - DAG(s) 'nyc_taxi_ingest' retrieved from /opt/airflow/dags/nyc_taxi_ingest.py
[2026-08-15T22:01:55.574+0000] {logging_mixin.py:188} INFO - [2026-08-15T22:01:55.573+0000] {dag.py:3089} INFO - Sync 1 DAGs
[2026-08-15T22:01:55.606+0000] {logging_mixin.py:188} INFO - [2026-08-15T22:01:55.605+0000] {dag.py:3947} INFO - Setting next_dagrun for nyc_taxi_ingest to None, run_after=None
[2026-08-15T22:01:55.638+0000] {processor.py:183} INFO - Processing /opt/airflow/dags/nyc_taxi_ingest.py took 0.836 seconds
[2026-08-15T22:02:26.034+0000] {processor.py:161} INFO - Started process (PID=276) to work on /opt/airflow/dags/nyc_taxi_ingest.py
[2026-08-15T22:02:26.036+0000] {processor.py:830} INFO - Processing file /opt/airflow/dags/nyc_taxi_ingest.py for tasks to queue
[2026-08-15T22:02:26.041+0000] {logging_mixin.py:188} INFO - [2026-08-15T22:02:26.040+0000] {dagbag.py:545} INFO - Filling up the DagBag from /opt/airflow/dags/nyc_taxi_ingest.py
[2026-08-15T22:02:27.247+0000] {processor.py:840} INFO - DAG(s) 'nyc_taxi_ingest' retrieved from /opt/airflow/dags/nyc_taxi_ingest.py
[2026-08-15T22:02:27.294+0000] {logging_mixin.py:188} INFO - [2026-08-15T22:02:27.294+0000] {dag.py:3089} INFO - Sync 1 DAGs
[2026-08-15T22:02:27.351+0000] {logging_mixin.py:188} INFO - [2026-08-15T22:02:27.350+0000] {dag.py:3947} INFO - Setting next_dagrun for nyc_taxi_ingest to None, run_after=None
[2026-08-15T22:02:27.389+0000] {processor.py:183} INFO - Processing /opt/airflow/dags/nyc_taxi_ingest.py took 1.375 seconds
[2026-08-15T22:02:57.513+0000] {processor.py:161} INFO - Started process (PID=278) to work on /opt/airflow/dags/nyc_taxi_ingest.py
[2026-08-15T22:02:57.515+0000] {processor.py:830} INFO - Processing file /opt/airflow/dags/nyc_taxi_ingest.py for tasks to queue
[2026-08-15T22:02:57.518+0000] {logging_mixin.py:188} INFO - [2026-08-15T22:02:57.517+0000] {dagbag.py:545} INFO - Filling up the DagBag from /opt/airflow/dags/nyc_taxi_ingest.py
[2026-08-15T22:02:58.248+0000] {processor.py:840} INFO - DAG(s) 'nyc_taxi_ingest' retrieved from /opt/airflow/dags/nyc_taxi_ingest.py
[2026-08-15T22:02:58.277+0000] {logging_mixin.py:188} INFO - [2026-08-15T22:02:58.276+0000] {dag.py:3089} INFO - Sync 1 DAGs
[2026-08-15T22:02:58.304+0000] {logging_mixin.py:188} INFO - [2026-08-15T22:02:58.304+0000] {dag.py:3947} INFO - Setting next_dagrun for nyc_taxi_ingest to None, run_after=None
[2026-08-15T22:02:58.327+0000] {processor.py:183} INFO - Processing /opt/airflow/dags/nyc_taxi_ingest.py took 0.823 seconds
[2026-08-15T22:03:28.681+0000] {processor.py:161} INFO - Started process (PID=280) to work on /opt/airflow/dags/nyc_taxi_ingest.py
[2026-08-15T22:03:28.682+0000] {processor.py:830} INFO - Processing file /opt/airflow/dags/nyc_taxi_ingest.py for tasks to queue
[2026-08-15T22:03:28.687+0000] {logging_mixin.py:188} INFO - [2026-08-15T22:03:28.686+0000] {dagbag.py:545} INFO - Filling up the DagBag from /opt/airflow/dags/nyc_taxi_ingest.py
[2026-08-15T22:03:29.413+0000] {processor.py:840} INFO - DAG(s) 'nyc_taxi_ingest' retrieved from /opt/airflow/dags/nyc_taxi_ingest.py
[2026-08-15T22:03:29.460+0000] {logging_mixin.py:188} INFO - [2026-08-15T22:03:29.459+0000] {dag.py:3089} INFO - Sync 1 DAGs
[2026-08-15T22:03:29.490+0000] {logging_mixin.py:188} INFO - [2026-08-15T22:03:29.490+0000] {dag.py:3947} INFO - Setting next_dagrun for nyc_taxi_ingest to None, run_after=None
[2026-08-15T22:03:29.515+0000] {processor.py:183} INFO - Processing /opt/airflow/dags/nyc_taxi_ingest.py took 0.843 seconds
[2026-08-15T22:03:59.867+0000] {processor.py:161} INFO - Started process (PID=282) to work on /opt/airflow/dags/nyc_taxi_ingest.py
[2026-08-15T22:03:59.870+0000] {processor.py:830} INFO - Processing file /opt/airflow/dags/nyc_taxi_ingest.py for tasks to queue
[2026-08-15T22:03:59.875+0000] {logging_mixin.py:188} INFO - [2026-08-15T22:03:59.875+0000] {dagbag.py:545} INFO - Filling up the DagBag from /opt/airflow/dags/nyc_taxi_ingest.py
[2026-08-15T22:04:01.018+0000] {processor.py:840} INFO - DAG(s) 'nyc_taxi_ingest' retrieved from /opt/airflow/dags/nyc_taxi_ingest.py
[2026-08-15T22:04:01.073+0000] {logging_mixin.py:188} INFO - [2026-08-15T22:04:01.072+0000] {dag.py:3089} INFO - Sync 1 DAGs
[2026-08-15T22:04:01.122+0000] {logging_mixin.py:188} INFO - [2026-08-15T22:04:01.122+0000] {dag.py:3947} INFO - Setting next_dagrun for nyc_taxi_ingest to None, run_after=None
[2026-08-15T22:04:01.187+0000] {processor.py:183} INFO - Processing /opt/airflow/dags/nyc_taxi_ingest.py took 1.331 seconds
[2026-08-15T22:04:31.591+0000] {processor.py:161} INFO - Started process (PID=284) to work on /opt/airflow/dags/nyc_taxi_ingest.py
[2026-08-15T22:04:31.593+0000] {processor.py:830} INFO - Processing file /opt/airflow/dags/nyc_taxi_ingest.py for tasks to queue
[2026-08-15T22:04:31.596+0000] {logging_mixin.py:188} INFO - [2026-08-15T22:04:31.596+0000] {dagbag.py:545} INFO - Filling up the DagBag from /opt/airflow/dags/nyc_taxi_ingest.py
[2026-08-15T22:04:32.175+0000] {processor.py:840} INFO - DAG(s) 'nyc_taxi_ingest' retrieved from /opt/airflow/dags/nyc_taxi_ingest.py
[2026-08-15T22:04:32.202+0000] {logging_mixin.py:188} INFO - [2026-08-15T22:04:32.202+0000] {dag.py:3089} INFO - Sync 1 DAGs
[2026-08-15T22:04:32.220+0000] {logging_mixin.py:188} INFO - [2026-08-15T22:04:32.220+0000] {dag.py:3947} INFO - Setting next_dagrun for nyc_taxi_ingest to None, run_after=None
[2026-08-15T22:04:32.238+0000] {processor.py:183} INFO - Processing /opt/airflow/dags/nyc_taxi_ingest.py took 0.659 seconds
[2026-08-15T22:05:02.556+0000] {processor.py:161} INFO - Started process (PID=286) to work on /opt/airflow/dags/nyc_taxi_ingest.py
[2026-08-15T22:05:02.557+0000] {processor.py:830} INFO - Processing file /opt/airflow/dags/nyc_taxi_ingest.py for tasks to queue
[2026-08-15T22:05:02.561+0000] {logging_mixin.py:188} INFO - [2026-08-15T22:05:02.560+0000] {dagbag.py:545} INFO - Filling up the DagBag from /opt/airflow/dags/nyc_taxi_ingest.py
[2026-08-15T22:05:03.112+0000] {processor.py:840} INFO - DAG(s) 'nyc_taxi_ingest' retrieved from /opt/airflow/dags/nyc_taxi_ingest.py
[2026-08-15T22:05:03.141+0000] {logging_mixin.py:188} INFO - [2026-08-15T22:05:03.140+0000] {dag.py:3089} INFO - Sync 1 DAGs
[2026-08-15T22:05:03.176+0000] {logging_mixin.py:188} INFO - [2026-08-15T22:05:03.175+0000] {dag.py:3947} INFO - Setting next_dagrun for nyc_taxi_ingest to None, run_after=None
[2026-08-15T22:05:03.202+0000] {processor.py:183} INFO - Processing /opt/airflow/dags/nyc_taxi_ingest.py took 0.653 seconds
[2026-08-15T22:05:33.538+0000] {processor.py:161} INFO - Started process (PID=288) to work on /opt/airflow/dags/nyc_taxi_ingest.py
[2026-08-15T22:05:33.540+0000] {processor.py:830} INFO - Processing file /opt/airflow/dags/nyc_taxi_ingest.py for tasks to queue
[2026-08-15T22:05:33.543+0000] {logging_mixin.py:188} INFO - [2026-08-15T22:05:33.543+0000] {dagbag.py:545} INFO - Filling up the DagBag from /opt/airflow/dags/nyc_taxi_ingest.py
[2026-08-15T22:05:34.067+0000] {processor.py:840} INFO - DAG(s) 'nyc_taxi_ingest' retrieved from /opt/airflow/dags/nyc_taxi_ingest.py
[2026-08-15T22:05:34.102+0000] {logging_mixin.py:188} INFO - [2026-08-15T22:05:34.101+0000] {dag.py:3089} INFO - Sync 1 DAGs
[2026-08-15T22:05:34.121+0000] {logging_mixin.py:188} INFO - [2026-08-15T22:05:34.121+0000] {dag.py:3947} INFO - Setting next_dagrun for nyc_taxi_ingest to None, run_after=None
[2026-08-15T22:05:34.142+0000] {processor.py:183} INFO - Processing /opt/airflow/dags/nyc_taxi_ingest.py took 0.614 seconds
[2026-08-15T22:06:04.432+0000] {processor.py:161} INFO - Started process (PID=290) to work on /opt/airflow/dags/nyc_taxi_ingest.py
[2026-08-15T22:06:04.434+0000] {processor.py:830} INFO - Processing file /opt/airflow/dags/nyc_taxi_ingest.py for tasks to queue
[2026-08-15T22:06:04.436+0000] {logging_mixin.py:188} INFO - [2026-08-15T22:06:04.436+0000] {dagbag.py:545} INFO - Filling up the DagBag from /opt/airflow/dags/nyc_taxi_ingest.py
[2026-08-15T22:06:05.023+0000] {processor.py:840} INFO - DAG(s) 'nyc_taxi_ingest' retrieved from /opt/airflow/dags/nyc_taxi_ingest.py
[2026-08-15T22:06:05.051+0000] {logging_mixin.py:188} INFO - [2026-08-15T22:06:05.051+0000] {dag.py:3089} INFO - Sync 1 DAGs
[2026-08-15T22:06:05.078+0000] {logging_mixin.py:188} INFO - [2026-08-15T22:06:05.077+0000] {dag.py:3947} INFO - Setting next_dagrun for nyc_taxi_ingest to None, run_after=None
[2026-08-15T22:06:05.102+0000] {processor.py:183} INFO - Processing /opt/airflow/dags/nyc_taxi_ingest.py took 0.676 seconds
[2026-08-15T22:06:35.497+0000] {processor.py:161} INFO - Started process (PID=292) to work on /opt/airflow/dags/nyc_taxi_ingest.py
[2026-08-15T22:06:35.498+0000] {processor.py:830} INFO - Processing file /opt/airflow/dags/nyc_taxi_ingest.py for tasks to queue
[2026-08-15T22:06:35.502+0000] {logging_mixin.py:188} INFO - [2026-08-15T22:06:35.501+0000] {dagbag.py:545} INFO - Filling up the DagBag from /opt/airflow/dags/nyc_taxi_ingest.py
[2026-08-15T22:06:36.025+0000] {processor.py:840} INFO - DAG(s) 'nyc_taxi_ingest' retrieved from /opt/airflow/dags/nyc_taxi_ingest.py
[2026-08-15T22:06:36.052+0000] {logging_mixin.py:188} INFO - [2026-08-15T22:06:36.051+0000] {dag.py:3089} INFO - Sync 1 DAGs
[2026-08-15T22:06:36.071+0000] {logging_mixin.py:188} INFO - [2026-08-15T22:06:36.071+0000] {dag.py:3947} INFO - Setting next_dagrun for nyc_taxi_ingest to None, run_after=None
[2026-08-15T22:06:36.092+0000] {processor.py:183} INFO - Processing /opt/airflow/dags/nyc_taxi_ingest.py took 0.605 seconds
[2026-08-15T22:07:06.433+0000] {processor.py:161} INFO - Started process (PID=294) to work on /opt/airflow/dags/nyc_taxi_ingest.py
[2026-08-15T22:07:06.435+0000] {processor.py:830} INFO - Processing file /opt/airflow/dags/nyc_taxi_ingest.py for tasks to queue
[2026-08-15T22:07:06.438+0000] {logging_mixin.py:188} INFO - [2026-08-15T22:07:06.438+0000] {dagbag.py:545} INFO - Filling up the DagBag from /opt/airflow/dags/nyc_taxi_ingest.py
[2026-08-15T22:07:07.014+0000] {processor.py:840} INFO - DAG(s) 'nyc_taxi_ingest' retrieved from /opt/airflow/dags/nyc_taxi_ingest.py
[2026-08-15T22:07:07.045+0000] {logging_mixin.py:188} INFO - [2026-08-15T22:07:07.045+0000] {dag.py:3089} INFO - Sync 1 DAGs
[2026-08-15T22:07:07.068+0000] {logging_mixin.py:188} INFO - [2026-08-15T22:07:07.067+0000] {dag.py:3947} INFO - Setting next_dagrun for nyc_taxi_ingest to None, run_after=None
[2026-08-15T22:07:07.094+0000] {processor.py:183} INFO - Processing /opt/airflow/dags/nyc_taxi_ingest.py took 0.670 seconds
[2026-08-15T22:07:37.312+0000] {processor.py:161} INFO - Started process (PID=296) to work on /opt/airflow/dags/nyc_taxi_ingest.py
[2026-08-15T22:07:37.314+0000] {processor.py:830} INFO - Processing file /opt/airflow/dags/nyc_taxi_ingest.py for tasks to queue
[2026-08-15T22:07:37.317+0000] {logging_mixin.py:188} INFO - [2026-08-15T22:07:37.316+0000] {dagbag.py:545} INFO - Filling up the DagBag from /opt/airflow/dags/nyc_taxi_ingest.py
[2026-08-15T22:07:37.852+0000] {processor.py:840} INFO - DAG(s) 'nyc_taxi_ingest' retrieved from /opt/airflow/dags/nyc_taxi_ingest.py
[2026-08-15T22:07:37.884+0000] {logging_mixin.py:188} INFO - [2026-08-15T22:07:37.884+0000] {dag.py:3089} INFO - Sync 1 DAGs
[2026-08-15T22:07:37.907+0000] {logging_mixin.py:188} INFO - [2026-08-15T22:07:37.907+0000] {dag.py:3947} INFO - Setting next_dagrun for nyc_taxi_ingest to None, run_after=None
[2026-08-15T22:07:37.929+0000] {processor.py:183} INFO - Processing /opt/airflow/dags/nyc_taxi_ingest.py took 0.625 seconds
[2026-08-15T22:08:08.273+0000] {processor.py:161} INFO - Started process (PID=298) to work on /opt/airflow/dags/nyc_taxi_ingest.py
[2026-08-15T22:08:08.274+0000] {processor.py:830} INFO - Processing file /opt/airflow/dags/nyc_taxi_ingest.py for tasks to queue
[2026-08-15T22:08:08.277+0000] {logging_mixin.py:188} INFO - [2026-08-15T22:08:08.277+0000] {dagbag.py:545} INFO - Filling up the DagBag from /opt/airflow/dags/nyc_taxi_ingest.py
[2026-08-15T22:08:08.840+0000] {processor.py:840} INFO - DAG(s) 'nyc_taxi_ingest' retrieved from /opt/airflow/dags/nyc_taxi_ingest.py
[2026-08-15T22:08:08.868+0000] {logging_mixin.py:188} INFO - [2026-08-15T22:08:08.867+0000] {dag.py:3089} INFO - Sync 1 DAGs
[2026-08-15T22:08:08.891+0000] {logging_mixin.py:188} INFO - [2026-08-15T22:08:08.891+0000] {dag.py:3947} INFO - Setting next_dagrun for nyc_taxi_ingest to None, run_after=None
[2026-08-15T22:08:08.918+0000] {processor.py:183} INFO - Processing /opt/airflow/dags/nyc_taxi_ingest.py took 0.655 seconds
[2026-08-15T22:08:39.228+0000] {processor.py:161} INFO - Started process (PID=300) to work on /opt/airflow/dags/nyc_taxi_ingest.py
[2026-08-15T22:08:39.230+0000] {processor.py:830} INFO - Processing file /opt/airflow/dags/nyc_taxi_ingest.py for tasks to queue
[2026-08-15T22:08:39.233+0000] {logging_mixin.py:188} INFO - [2026-08-15T22:08:39.232+0000] {dagbag.py:545} INFO - Filling up the DagBag from /opt/airflow/dags/nyc_taxi_ingest.py
[2026-08-15T22:08:39.896+0000] {processor.py:840} INFO - DAG(s) 'nyc_taxi_ingest' retrieved from /opt/airflow/dags/nyc_taxi_ingest.py
[2026-08-15T22:08:39.944+0000] {logging_mixin.py:188} INFO - [2026-08-15T22:08:39.943+0000] {dag.py:3089} INFO - Sync 1 DAGs
[2026-08-15T22:08:39.969+0000] {logging_mixin.py:188} INFO - [2026-08-15T22:08:39.968+0000] {dag.py:3947} INFO - Setting next_dagrun for nyc_taxi_ingest to None, run_after=None
[2026-08-15T22:08:39.998+0000] {processor.py:183} INFO - Processing /opt/airflow/dags/nyc_taxi_ingest.py took 0.780 seconds
[2026-08-15T22:09:10.239+0000] {processor.py:161} INFO - Started process (PID=302) to work on /opt/airflow/dags/nyc_taxi_ingest.py
[2026-08-15T22:09:10.241+0000] {processor.py:830} INFO - Processing file /opt/airflow/dags/nyc_taxi_ingest.py for tasks to queue
[2026-08-15T22:09:10.244+0000] {logging_mixin.py:188} INFO - [2026-08-15T22:09:10.243+0000] {dagbag.py:545} INFO - Filling up the DagBag from /opt/airflow/dags/nyc_taxi_ingest.py
[2026-08-15T22:09:10.789+0000] {processor.py:840} INFO - DAG(s) 'nyc_taxi_ingest' retrieved from /opt/airflow/dags/nyc_taxi_ingest.py
[2026-08-15T22:09:10.814+0000] {logging_mixin.py:188} INFO - [2026-08-15T22:09:10.813+0000] {dag.py:3089} INFO - Sync 1 DAGs
[2026-08-15T22:09:10.833+0000] {logging_mixin.py:188} INFO - [2026-08-15T22:09:10.832+0000] {dag.py:3947} INFO - Setting next_dagrun for nyc_taxi_ingest to None, run_after=None
[2026-08-15T22:09:10.855+0000] {processor.py:183} INFO - Processing /opt/airflow/dags/nyc_taxi_ingest.py took 0.625 seconds
[2026-08-15T22:09:41.238+0000] {processor.py:161} INFO - Started process (PID=304) to work on /opt/airflow/dags/nyc_taxi_ingest.py
[2026-08-15T22:09:41.240+0000] {processor.py:830} INFO - Processing file /opt/airflow/dags/nyc_taxi_ingest.py for tasks to queue
[2026-08-15T22:09:41.242+0000] {logging_mixin.py:188} INFO - [2026-08-15T22:09:41.242+0000] {dagbag.py:545} INFO - Filling up the DagBag from /opt/airflow/dags/nyc_taxi_ingest.py
[2026-08-15T22:09:41.811+0000] {processor.py:840} INFO - DAG(s) 'nyc_taxi_ingest' retrieved from /opt/airflow/dags/nyc_taxi_ingest.py
[2026-08-15T22:09:41.835+0000] {logging_mixin.py:188} INFO - [2026-08-15T22:09:41.834+0000] {dag.py:3089} INFO - Sync 1 DAGs
[2026-08-15T22:09:41.852+0000] {logging_mixin.py:188} INFO - [2026-08-15T22:09:41.852+0000] {dag.py:3947} INFO - Setting next_dagrun for nyc_taxi_ingest to None, run_after=None
[2026-08-15T22:09:41.875+0000] {processor.py:183} INFO - Processing /opt/airflow/dags/nyc_taxi_ingest.py took 0.647 seconds
[2026-08-15T22:10:12.191+0000] {processor.py:161} INFO - Started process (PID=306) to work on /opt/airflow/dags/nyc_taxi_ingest.py
[2026-08-15T22:10:12.192+0000] {processor.py:830} INFO - Processing file /opt/airflow/dags/nyc_taxi_ingest.py for tasks to queue
[2026-08-15T22:10:12.195+0000] {logging_mixin.py:188} INFO - [2026-08-15T22:10:12.195+0000] {dagbag.py:545} INFO - Filling up the DagBag from /opt/airflow/dags/nyc_taxi_ingest.py
[2026-08-15T22:10:12.772+0000] {processor.py:840} INFO - DAG(s) 'nyc_taxi_ingest' retrieved from /opt/airflow/dags/nyc_taxi_ingest.py
[2026-08-15T22:10:12.802+0000] {logging_mixin.py:188} INFO - [2026-08-15T22:10:12.802+0000] {dag.py:3089} INFO - Sync 1 DAGs
[2026-08-15T22:10:12.825+0000] {logging_mixin.py:188} INFO - [2026-08-15T22:10:12.825+0000] {dag.py:3947} INFO - Setting next_dagrun for nyc_taxi_ingest to None, run_after=None
[2026-08-15T22:10:12.850+0000] {processor.py:183} INFO - Processing /opt/airflow/dags/nyc_taxi_ingest.py took 0.670 seconds
[2026-08-15T22:10:43.172+0000] {processor.py:161} INFO - Started process (PID=308) to work on /opt/airflow/dags/nyc_taxi_ingest.py
[2026-08-15T22:10:43.173+0000] {processor.py:830} INFO - Processing file /opt/airflow/dags/nyc_taxi_ingest.py for tasks to queue
[2026-08-15T22:10:43.176+0000] {logging_mixin.py:188} INFO - [2026-08-15T22:10:43.176+0000] {dagbag.py:545} INFO - Filling up the DagBag from /opt/airflow/dags/nyc_taxi_ingest.py
[2026-08-15T22:10:43.723+0000] {processor.py:840} INFO - DAG(s) 'nyc_taxi_ingest' retrieved from /opt/airflow/dags/nyc_taxi_ingest.py
[2026-08-15T22:10:43.753+0000] {logging_mixin.py:188} INFO - [2026-08-15T22:10:43.752+0000] {dag.py:3089} INFO - Sync 1 DAGs
[2026-08-15T22:10:43.771+0000] {logging_mixin.py:188} INFO - [2026-08-15T22:10:43.771+0000] {dag.py:3947} INFO - Setting next_dagrun for nyc_taxi_ingest to None, run_after=None
[2026-08-15T22:10:43.796+0000] {processor.py:183} INFO - Processing /opt/airflow/dags/nyc_taxi_ingest.py took 0.631 seconds
[2026-08-15T22:11:14.139+0000] {processor.py:161} INFO - Started process (PID=310) to work on /opt/airflow/dags/nyc_taxi_ingest.py
[2026-08-15T22:11:14.141+0000] {processor.py:830} INFO - Processing file /opt/airflow/dags/nyc_taxi_ingest.py for tasks to queue
[2026-08-15T22:11:14.144+0000] {logging_mixin.py:188} INFO - [2026-08-15T22:11:14.143+0000] {dagbag.py:545} INFO - Filling up the DagBag from /opt/airflow/dags/nyc_taxi_ingest.py
[2026-08-15T22:11:14.695+0000] {processor.py:840} INFO - DAG(s) 'nyc_taxi_ingest' retrieved from /opt/airflow/dags/nyc_taxi_ingest.py
[2026-08-15T22:11:14.723+0000] {logging_mixin.py:188} INFO - [2026-08-15T22:11:14.722+0000] {dag.py:3089} INFO - Sync 1 DAGs
[2026-08-15T22:11:14.744+0000] {logging_mixin.py:188} INFO - [2026-08-15T22:11:14.744+0000] {dag.py:3947} INFO - Setting next_dagrun for nyc_taxi_ingest to None, run_after=None
[2026-08-15T22:11:14.770+0000] {processor.py:183} INFO - Processing /opt/airflow/dags/nyc_taxi_ingest.py took 0.639 seconds
[2026-08-15T22:11:45.116+0000] {processor.py:161} INFO - Started process (PID=312) to work on /opt/airflow/dags/nyc_taxi_ingest.py
[2026-08-15T22:11:45.117+0000] {processor.py:830} INFO - Processing file /opt/airflow/dags/nyc_taxi_ingest.py for tasks to queue
[2026-08-15T22:11:45.120+0000] {logging_mixin.py:188} INFO - [2026-08-15T22:11:45.119+0000] {dagbag.py:545} INFO - Filling up the DagBag from /opt/airflow/dags/nyc_taxi_ingest.py
[2026-08-15T22:11:45.696+0000] {processor.py:840} INFO - DAG(s) 'nyc_taxi_ingest' retrieved from /opt/airflow/dags/nyc_taxi_ingest.py
[2026-08-15T22:11:45.724+0000] {logging_mixin.py:188} INFO - [2026-08-15T22:11:45.723+0000] {dag.py:3089} INFO - Sync 1 DAGs
[2026-08-15T22:11:45.744+0000] {logging_mixin.py:188} INFO - [2026-08-15T22:11:45.744+0000] {dag.py:3947} INFO - Setting next_dagrun for nyc_taxi_ingest to None, run_after=None
[2026-08-15T22:11:45.763+0000] {processor.py:183} INFO - Processing /opt/airflow/dags/nyc_taxi_ingest.py took 0.655 seconds
[2026-08-15T22:12:16.057+0000] {processor.py:161} INFO - Started process (PID=314) to work on /opt/airflow/dags/nyc_taxi_ingest.py
[2026-08-15T22:12:16.058+0000] {processor.py:830} INFO - Processing file /opt/airflow/dags/nyc_taxi_ingest.py for tasks to queue
[2026-08-15T22:12:16.061+0000] {logging_mixin.py:188} INFO - [2026-08-15T22:12:16.061+0000] {dagbag.py:545} INFO - Filling up the DagBag from /opt/airflow/dags/nyc_taxi_ingest.py
[2026-08-15T22:12:16.698+0000] {processor.py:840} INFO - DAG(s) 'nyc_taxi_ingest' retrieved from /opt/airflow/dags/nyc_taxi_ingest.py
[2026-08-15T22:12:16.726+0000] {logging_mixin.py:188} INFO - [2026-08-15T22:12:16.726+0000] {dag.py:3089} INFO - Sync 1 DAGs
[2026-08-15T22:12:16.745+0000] {logging_mixin.py:188} INFO - [2026-08-15T22:12:16.745+0000] {dag.py:3947} INFO - Setting next_dagrun for nyc_taxi_ingest to None, run_after=None
[2026-08-15T22:12:16.764+0000] {processor.py:183} INFO - Processing /opt/airflow/dags/nyc_taxi_ingest.py took 0.714 seconds
[2026-08-15T22:12:47.125+0000] {processor.py:161} INFO - Started process (PID=316) to work on /opt/airflow/dags/nyc_taxi_ingest.py
[2026-08-15T22:12:47.127+0000] {processor.py:830} INFO - Processing file /opt/airflow/dags/nyc_taxi_ingest.py for tasks to queue
[2026-08-15T22:12:47.130+0000] {logging_mixin.py:188} INFO - [2026-08-15T22:12:47.129+0000] {dagbag.py:545} INFO - Filling up the DagBag from /opt/airflow/dags/nyc_taxi_ingest.py
[2026-08-15T22:12:47.704+0000] {processor.py:840} INFO - DAG(s) 'nyc_taxi_ingest' retrieved from /opt/airflow/dags/nyc_taxi_ingest.py
[2026-08-15T22:12:47.745+0000] {logging_mixin.py:188} INFO - [2026-08-15T22:12:47.745+0000] {dag.py:3089} INFO - Sync 1 DAGs
[2026-08-15T22:12:47.771+0000] {logging_mixin.py:188} INFO - [2026-08-15T22:12:47.771+0000] {dag.py:3947} INFO - Setting next_dagrun for nyc_taxi_ingest to None, run_after=None
[2026-08-15T22:12:47.802+0000] {processor.py:183} INFO - Processing /opt/airflow/dags/nyc_taxi_ingest.py took 0.684 seconds
[2026-08-15T22:13:18.164+0000] {processor.py:161} INFO - Started process (PID=318) to work on /opt/airflow/dags/nyc_taxi_ingest.py
[2026-08-15T22:13:18.166+0000] {processor.py:830} INFO - Processing file /opt/airflow/dags/nyc_taxi_ingest.py for tasks to queue
[2026-08-15T22:13:18.169+0000] {logging_mixin.py:188} INFO - [2026-08-15T22:13:18.168+0000] {dagbag.py:545} INFO - Filling up the DagBag from /opt/airflow/dags/nyc_taxi_ingest.py
[2026-08-15T22:13:18.725+0000] {processor.py:840} INFO - DAG(s) 'nyc_taxi_ingest' retrieved from /opt/airflow/dags/nyc_taxi_ingest.py
[2026-08-15T22:13:18.757+0000] {logging_mixin.py:188} INFO - [2026-08-15T22:13:18.757+0000] {dag.py:3089} INFO - Sync 1 DAGs
[2026-08-15T22:13:18.778+0000] {logging_mixin.py:188} INFO - [2026-08-15T22:13:18.777+0000] {dag.py:3947} INFO - Setting next_dagrun for nyc_taxi_ingest to None, run_after=None
[2026-08-15T22:13:18.808+0000] {processor.py:183} INFO - Processing /opt/airflow/dags/nyc_taxi_ingest.py took 0.654 seconds
[2026-08-15T22:13:49.159+0000] {processor.py:161} INFO - Started process (PID=320) to work on /opt/airflow/dags/nyc_taxi_ingest.py
[2026-08-15T22:13:49.160+0000] {processor.py:830} INFO - Processing file /opt/airflow/dags/nyc_taxi_ingest.py for tasks to queue
[2026-08-15T22:13:49.163+0000] {logging_mixin.py:188} INFO - [2026-08-15T22:13:49.162+0000] {dagbag.py:545} INFO - Filling up the DagBag from /opt/airflow/dags/nyc_taxi_ingest.py
[2026-08-15T22:13:49.758+0000] {processor.py:840} INFO - DAG(s) 'nyc_taxi_ingest' retrieved from /opt/airflow/dags/nyc_taxi_ingest.py
[2026-08-15T22:13:49.788+0000] {logging_mixin.py:188} INFO - [2026-08-15T22:13:49.788+0000] {dag.py:3089} INFO - Sync 1 DAGs
[2026-08-15T22:13:49.809+0000] {logging_mixin.py:188} INFO - [2026-08-15T22:13:49.809+0000] {dag.py:3947} INFO - Setting next_dagrun for nyc_taxi_ingest to None, run_after=None
[2026-08-15T22:13:49.828+0000] {processor.py:183} INFO - Processing /opt/airflow/dags/nyc_taxi_ingest.py took 0.677 seconds
[2026-08-15T22:14:20.126+0000] {processor.py:161} INFO - Started process (PID=322) to work on /opt/airflow/dags/nyc_taxi_ingest.py
[2026-08-15T22:14:20.128+0000] {processor.py:830} INFO - Processing file /opt/airflow/dags/nyc_taxi_ingest.py for tasks to queue
[2026-08-15T22:14:20.131+0000] {logging_mixin.py:188} INFO - [2026-08-15T22:14:20.130+0000] {dagbag.py:545} INFO - Filling up the DagBag from /opt/airflow/dags/nyc_taxi_ingest.py
[2026-08-15T22:14:20.642+0000] {processor.py:840} INFO - DAG(s) 'nyc_taxi_ingest' retrieved from /opt/airflow/dags/nyc_taxi_ingest.py
[2026-08-15T22:14:20.671+0000] {logging_mixin.py:188} INFO - [2026-08-15T22:14:20.671+0000] {dag.py:3089} INFO - Sync 1 DAGs
[2026-08-15T22:14:20.693+0000] {logging_mixin.py:188} INFO - [2026-08-15T22:14:20.693+0000] {dag.py:3947} INFO - Setting next_dagrun for nyc_taxi_ingest to None, run_after=None
[2026-08-15T22:14:20.718+0000] {processor.py:183} INFO - Processing /opt/airflow/dags/nyc_taxi_ingest.py took 0.599 seconds
[2026-08-15T22:14:51.071+0000] {processor.py:161} INFO - Started process (PID=324) to work on /opt/airflow/dags/nyc_taxi_ingest.py
[2026-08-15T22:14:51.073+0000] {processor.py:830} INFO - Processing file /opt/airflow/dags/nyc_taxi_ingest.py for tasks to queue
[2026-08-15T22:14:51.075+0000] {logging_mixin.py:188} INFO - [2026-08-15T22:14:51.075+0000] {dagbag.py:545} INFO - Filling up the DagBag from /opt/airflow/dags/nyc_taxi_ingest.py
[2026-08-15T22:14:51.639+0000] {processor.py:840} INFO - DAG(s) 'nyc_taxi_ingest' retrieved from /opt/airflow/dags/nyc_taxi_ingest.py
[2026-08-15T22:14:51.670+0000] {logging_mixin.py:188} INFO - [2026-08-15T22:14:51.669+0000] {dag.py:3089} INFO - Sync 1 DAGs
[2026-08-15T22:14:51.693+0000] {logging_mixin.py:188} INFO - [2026-08-15T22:14:51.693+0000] {dag.py:3947} INFO - Setting next_dagrun for nyc_taxi_ingest to None, run_after=None
[2026-08-15T22:14:51.715+0000] {processor.py:183} INFO - Processing /opt/airflow/dags/nyc_taxi_ingest.py took 0.651 seconds
[2026-08-15T22:15:22.044+0000] {processor.py:161} INFO - Started process (PID=326) to work on /opt/airflow/dags/nyc_taxi_ingest.py
[2026-08-15T22:15:22.046+0000] {processor.py:830} INFO - Processing file /opt/airflow/dags/nyc_taxi_ingest.py for tasks to queue
[2026-08-15T22:15:22.049+0000] {logging_mixin.py:188} INFO - [2026-08-15T22:15:22.048+0000] {dagbag.py:545} INFO - Filling up the DagBag from /opt/airflow/dags/nyc_taxi_ingest.py
[2026-08-15T22:15:22.668+0000] {processor.py:840} INFO - DAG(s) 'nyc_taxi_ingest' retrieved from /opt/airflow/dags/nyc_taxi_ingest.py
[2026-08-15T22:15:22.692+0000] {logging_mixin.py:188} INFO - [2026-08-15T22:15:22.692+0000] {dag.py:3089} INFO - Sync 1 DAGs
[2026-08-15T22:15:22.712+0000] {logging_mixin.py:188} INFO - [2026-08-15T22:15:22.712+0000] {dag.py:3947} INFO - Setting next_dagrun for nyc_taxi_ingest to None, run_after=None
[2026-08-15T22:15:22.730+0000] {processor.py:183} INFO - Processing /opt/airflow/dags/nyc_taxi_ingest.py took 0.693 seconds
[2026-08-15T22:15:53.011+0000] {processor.py:161} INFO - Started process (PID=328) to work on /opt/airflow/dags/nyc_taxi_ingest.py
[2026-08-15T22:15:53.013+0000] {processor.py:830} INFO - Processing file /opt/airflow/dags/nyc_taxi_ingest.py for tasks to queue
[2026-08-15T22:15:53.015+0000] {logging_mixin.py:188} INFO - [2026-08-15T22:15:53.015+0000] {dagbag.py:545} INFO - Filling up the DagBag from /opt/airflow/dags/nyc_taxi_ingest.py
[2026-08-15T22:15:53.562+0000] {processor.py:840} INFO - DAG(s) 'nyc_taxi_ingest' retrieved from /opt/airflow/dags/nyc_taxi_ingest.py
[2026-08-15T22:15:53.588+0000] {logging_mixin.py:188} INFO - [2026-08-15T22:15:53.587+0000] {dag.py:3089} INFO - Sync 1 DAGs
[2026-08-15T22:15:53.610+0000] {logging_mixin.py:188} INFO - [2026-08-15T22:15:53.610+0000] {dag.py:3947} INFO - Setting next_dagrun for nyc_taxi_ingest to None, run_after=None
[2026-08-15T22:15:53.629+0000] {processor.py:183} INFO - Processing /opt/airflow/dags/nyc_taxi_ingest.py took 0.625 seconds
[2026-08-15T22:16:24.042+0000] {processor.py:161} INFO - Started process (PID=330) to work on /opt/airflow/dags/nyc_taxi_ingest.py
[2026-08-15T22:16:24.044+0000] {processor.py:830} INFO - Processing file /opt/airflow/dags/nyc_taxi_ingest.py for tasks to queue
[2026-08-15T22:16:24.046+0000] {logging_mixin.py:188} INFO - [2026-08-15T22:16:24.046+0000] {dagbag.py:545} INFO - Filling up the DagBag from /opt/airflow/dags/nyc_taxi_ingest.py
[2026-08-15T22:16:24.562+0000] {processor.py:840} INFO - DAG(s) 'nyc_taxi_ingest' retrieved from /opt/airflow/dags/nyc_taxi_ingest.py
[2026-08-15T22:16:24.587+0000] {logging_mixin.py:188} INFO - [2026-08-15T22:16:24.586+0000] {dag.py:3089} INFO - Sync 1 DAGs
[2026-08-15T22:16:24.604+0000] {logging_mixin.py:188} INFO - [2026-08-15T22:16:24.603+0000] {dag.py:3947} INFO - Setting next_dagrun for nyc_taxi_ingest to None, run_after=None
[2026-08-15T22:16:24.623+0000] {processor.py:183} INFO - Processing /opt/airflow/dags/nyc_taxi_ingest.py took 0.588 seconds
[2026-08-15T22:16:54.967+0000] {processor.py:161} INFO - Started process (PID=332) to work on /opt/airflow/dags/nyc_taxi_ingest.py
[2026-08-15T22:16:54.968+0000] {processor.py:830} INFO - Processing file /opt/airflow/dags/nyc_taxi_ingest.py for tasks to queue
[2026-08-15T22:16:54.972+0000] {logging_mixin.py:188} INFO - [2026-08-15T22:16:54.971+0000] {dagbag.py:545} INFO - Filling up the DagBag from /opt/airflow/dags/nyc_taxi_ingest.py
[2026-08-15T22:16:55.522+0000] {processor.py:840} INFO - DAG(s) 'nyc_taxi_ingest' retrieved from /opt/airflow/dags/nyc_taxi_ingest.py
[2026-08-15T22:16:55.549+0000] {logging_mixin.py:188} INFO - [2026-08-15T22:16:55.549+0000] {dag.py:3089} INFO - Sync 1 DAGs
[2026-08-15T22:16:55.569+0000] {logging_mixin.py:188} INFO - [2026-08-15T22:16:55.569+0000] {dag.py:3947} INFO - Setting next_dagrun for nyc_taxi_ingest to None, run_after=None
[2026-08-15T22:16:55.591+0000] {processor.py:183} INFO - Processing /opt/airflow/dags/nyc_taxi_ingest.py took 0.631 seconds
[2026-08-15T22:17:25.882+0000] {processor.py:161} INFO - Started process (PID=334) to work on /opt/airflow/dags/nyc_taxi_ingest.py
[2026-08-15T22:17:25.884+0000] {processor.py:830} INFO - Processing file /opt/airflow/dags/nyc_taxi_ingest.py for tasks to queue
[2026-08-15T22:17:25.887+0000] {logging_mixin.py:188} INFO - [2026-08-15T22:17:25.886+0000] {dagbag.py:545} INFO - Filling up the DagBag from /opt/airflow/dags/nyc_taxi_ingest.py
[2026-08-15T22:17:26.425+0000] {processor.py:840} INFO - DAG(s) 'nyc_taxi_ingest' retrieved from /opt/airflow/dags/nyc_taxi_ingest.py
[2026-08-15T22:17:26.453+0000] {logging_mixin.py:188} INFO - [2026-08-15T22:17:26.453+0000] {dag.py:3089} INFO - Sync 1 DAGs
[2026-08-15T22:17:26.475+0000] {logging_mixin.py:188} INFO - [2026-08-15T22:17:26.474+0000] {dag.py:3947} INFO - Setting next_dagrun for nyc_taxi_ingest to None, run_after=None
[2026-08-15T22:17:26.495+0000] {processor.py:183} INFO - Processing /opt/airflow/dags/nyc_taxi_ingest.py took 0.623 seconds
[2026-08-15T22:17:56.866+0000] {processor.py:161} INFO - Started process (PID=336) to work on /opt/airflow/dags/nyc_taxi_ingest.py
[2026-08-15T22:17:56.868+0000] {processor.py:830} INFO - Processing file /opt/airflow/dags/nyc_taxi_ingest.py for tasks to queue
[2026-08-15T22:17:56.871+0000] {logging_mixin.py:188} INFO - [2026-08-15T22:17:56.871+0000] {dagbag.py:545} INFO - Filling up the DagBag from /opt/airflow/dags/nyc_taxi_ingest.py
[2026-08-15T22:17:57.385+0000] {processor.py:840} INFO - DAG(s) 'nyc_taxi_ingest' retrieved from /opt/airflow/dags/nyc_taxi_ingest.py
[2026-08-15T22:17:57.414+0000] {logging_mixin.py:188} INFO - [2026-08-15T22:17:57.414+0000] {dag.py:3089} INFO - Sync 1 DAGs
[2026-08-15T22:17:57.433+0000] {logging_mixin.py:188} INFO - [2026-08-15T22:17:57.433+0000] {dag.py:3947} INFO - Setting next_dagrun for nyc_taxi_ingest to None, run_after=None
[2026-08-15T22:17:57.455+0000] {processor.py:183} INFO - Processing /opt/airflow/dags/nyc_taxi_ingest.py took 0.602 seconds
[2026-08-15T22:18:27.788+0000] {processor.py:161} INFO - Started process (PID=338) to work on /opt/airflow/dags/nyc_taxi_ingest.py
[2026-08-15T22:18:27.789+0000] {processor.py:830} INFO - Processing file /opt/airflow/dags/nyc_taxi_ingest.py for tasks to queue
[2026-08-15T22:18:27.792+0000] {logging_mixin.py:188} INFO - [2026-08-15T22:18:27.791+0000] {dagbag.py:545} INFO - Filling up the DagBag from /opt/airflow/dags/nyc_taxi_ingest.py
[2026-08-15T22:18:28.393+0000] {processor.py:840} INFO - DAG(s) 'nyc_taxi_ingest' retrieved from /opt/airflow/dags/nyc_taxi_ingest.py
[2026-08-15T22:18:28.420+0000] {logging_mixin.py:188} INFO - [2026-08-15T22:18:28.420+0000] {dag.py:3089} INFO - Sync 1 DAGs
[2026-08-15T22:18:28.442+0000] {logging_mixin.py:188} INFO - [2026-08-15T22:18:28.442+0000] {dag.py:3947} INFO - Setting next_dagrun for nyc_taxi_ingest to None, run_after=None
[2026-08-15T22:18:28.467+0000] {processor.py:183} INFO - Processing /opt/airflow/dags/nyc_taxi_ingest.py took 0.688 seconds
[2026-08-15T22:18:58.688+0000] {processor.py:161} INFO - Started process (PID=340) to work on /opt/airflow/dags/nyc_taxi_ingest.py
[2026-08-15T22:18:58.690+0000] {processor.py:830} INFO - Processing file /opt/airflow/dags/nyc_taxi_ingest.py for tasks to queue
[2026-08-15T22:18:58.694+0000] {logging_mixin.py:188} INFO - [2026-08-15T22:18:58.693+0000] {dagbag.py:545} INFO - Filling up the DagBag from /opt/airflow/dags/nyc_taxi_ingest.py
[2026-08-15T22:18:59.447+0000] {processor.py:840} INFO - DAG(s) 'nyc_taxi_ingest' retrieved from /opt/airflow/dags/nyc_taxi_ingest.py
[2026-08-15T22:18:59.476+0000] {logging_mixin.py:188} INFO - [2026-08-15T22:18:59.475+0000] {dag.py:3089} INFO - Sync 1 DAGs
[2026-08-15T22:18:59.500+0000] {logging_mixin.py:188} INFO - [2026-08-15T22:18:59.500+0000] {dag.py:3947} INFO - Setting next_dagrun for nyc_taxi_ingest to None, run_after=None
[2026-08-15T22:18:59.526+0000] {processor.py:183} INFO - Processing /opt/airflow/dags/nyc_taxi_ingest.py took 0.847 seconds
[2026-08-15T22:19:30.131+0000] {processor.py:161} INFO - Started process (PID=342) to work on /opt/airflow/dags/nyc_taxi_ingest.py
[2026-08-15T22:19:30.135+0000] {processor.py:830} INFO - Processing file /opt/airflow/dags/nyc_taxi_ingest.py for tasks to queue
[2026-08-15T22:19:30.143+0000] {logging_mixin.py:188} INFO - [2026-08-15T22:19:30.142+0000] {dagbag.py:545} INFO - Filling up the DagBag from /opt/airflow/dags/nyc_taxi_ingest.py
[2026-08-15T22:19:31.357+0000] {processor.py:840} INFO - DAG(s) 'nyc_taxi_ingest' retrieved from /opt/airflow/dags/nyc_taxi_ingest.py
[2026-08-15T22:19:31.415+0000] {logging_mixin.py:188} INFO - [2026-08-15T22:19:31.414+0000] {dag.py:3089} INFO - Sync 1 DAGs
[2026-08-15T22:19:31.469+0000] {logging_mixin.py:188} INFO - [2026-08-15T22:19:31.468+0000] {dag.py:3947} INFO - Setting next_dagrun for nyc_taxi_ingest to None, run_after=None
[2026-08-15T22:19:31.513+0000] {processor.py:183} INFO - Processing /opt/airflow/dags/nyc_taxi_ingest.py took 1.403 seconds
[2026-08-15T22:20:01.638+0000] {processor.py:161} INFO - Started process (PID=344) to work on /opt/airflow/dags/nyc_taxi_ingest.py
[2026-08-15T22:20:01.641+0000] {processor.py:830} INFO - Processing file /opt/airflow/dags/nyc_taxi_ingest.py for tasks to queue
[2026-08-15T22:20:01.644+0000] {logging_mixin.py:188} INFO - [2026-08-15T22:20:01.643+0000] {dagbag.py:545} INFO - Filling up the DagBag from /opt/airflow/dags/nyc_taxi_ingest.py
[2026-08-15T22:20:02.307+0000] {processor.py:840} INFO - DAG(s) 'nyc_taxi_ingest' retrieved from /opt/airflow/dags/nyc_taxi_ingest.py
[2026-08-15T22:20:02.343+0000] {logging_mixin.py:188} INFO - [2026-08-15T22:20:02.343+0000] {dag.py:3089} INFO - Sync 1 DAGs
[2026-08-15T22:20:02.363+0000] {logging_mixin.py:188} INFO - [2026-08-15T22:20:02.363+0000] {dag.py:3947} INFO - Setting next_dagrun for nyc_taxi_ingest to None, run_after=None
[2026-08-15T22:20:02.389+0000] {processor.py:183} INFO - Processing /opt/airflow/dags/nyc_taxi_ingest.py took 0.760 seconds
[2026-08-15T22:20:32.757+0000] {processor.py:161} INFO - Started process (PID=346) to work on /opt/airflow/dags/nyc_taxi_ingest.py
[2026-08-15T22:20:32.759+0000] {processor.py:830} INFO - Processing file /opt/airflow/dags/nyc_taxi_ingest.py for tasks to queue
[2026-08-15T22:20:32.762+0000] {logging_mixin.py:188} INFO - [2026-08-15T22:20:32.761+0000] {dagbag.py:545} INFO - Filling up the DagBag from /opt/airflow/dags/nyc_taxi_ingest.py
[2026-08-15T22:20:33.354+0000] {processor.py:840} INFO - DAG(s) 'nyc_taxi_ingest' retrieved from /opt/airflow/dags/nyc_taxi_ingest.py
[2026-08-15T22:20:33.413+0000] {logging_mixin.py:188} INFO - [2026-08-15T22:20:33.413+0000] {dag.py:3089} INFO - Sync 1 DAGs
[2026-08-15T22:20:33.435+0000] {logging_mixin.py:188} INFO - [2026-08-15T22:20:33.435+0000] {dag.py:3947} INFO - Setting next_dagrun for nyc_taxi_ingest to None, run_after=None
[2026-08-15T22:20:33.477+0000] {processor.py:183} INFO - Processing /opt/airflow/dags/nyc_taxi_ingest.py took 0.728 seconds
[2026-08-15T22:21:03.812+0000] {processor.py:161} INFO - Started process (PID=348) to work on /opt/airflow/dags/nyc_taxi_ingest.py
[2026-08-15T22:21:03.814+0000] {processor.py:830} INFO - Processing file /opt/airflow/dags/nyc_taxi_ingest.py for tasks to queue
[2026-08-15T22:21:03.817+0000] {logging_mixin.py:188} INFO - [2026-08-15T22:21:03.816+0000] {dagbag.py:545} INFO - Filling up the DagBag from /opt/airflow/dags/nyc_taxi_ingest.py
[2026-08-15T22:21:04.454+0000] {processor.py:840} INFO - DAG(s) 'nyc_taxi_ingest' retrieved from /opt/airflow/dags/nyc_taxi_ingest.py
[2026-08-15T22:21:04.484+0000] {logging_mixin.py:188} INFO - [2026-08-15T22:21:04.484+0000] {dag.py:3089} INFO - Sync 1 DAGs
[2026-08-15T22:21:04.510+0000] {logging_mixin.py:188} INFO - [2026-08-15T22:21:04.510+0000] {dag.py:3947} INFO - Setting next_dagrun for nyc_taxi_ingest to None, run_after=None
[2026-08-15T22:21:04.532+0000] {processor.py:183} INFO - Processing /opt/airflow/dags/nyc_taxi_ingest.py took 0.729 seconds
[2026-08-15T22:21:34.756+0000] {processor.py:161} INFO - Started process (PID=350) to work on /opt/airflow/dags/nyc_taxi_ingest.py
[2026-08-15T22:21:34.758+0000] {processor.py:830} INFO - Processing file /opt/airflow/dags/nyc_taxi_ingest.py for tasks to queue
[2026-08-15T22:21:34.761+0000] {logging_mixin.py:188} INFO - [2026-08-15T22:21:34.760+0000] {dagbag.py:545} INFO - Filling up the DagBag from /opt/airflow/dags/nyc_taxi_ingest.py
[2026-08-15T22:21:35.357+0000] {processor.py:840} INFO - DAG(s) 'nyc_taxi_ingest' retrieved from /opt/airflow/dags/nyc_taxi_ingest.py
[2026-08-15T22:21:35.386+0000] {logging_mixin.py:188} INFO - [2026-08-15T22:21:35.386+0000] {dag.py:3089} INFO - Sync 1 DAGs
[2026-08-15T22:21:35.411+0000] {logging_mixin.py:188} INFO - [2026-08-15T22:21:35.410+0000] {dag.py:3947} INFO - Setting next_dagrun for nyc_taxi_ingest to None, run_after=None
[2026-08-15T22:21:35.432+0000] {processor.py:183} INFO - Processing /opt/airflow/dags/nyc_taxi_ingest.py took 0.683 seconds
[2026-08-15T22:22:05.887+0000] {processor.py:161} INFO - Started process (PID=352) to work on /opt/airflow/dags/nyc_taxi_ingest.py
[2026-08-15T22:22:05.894+0000] {processor.py:830} INFO - Processing file /opt/airflow/dags/nyc_taxi_ingest.py for tasks to queue
[2026-08-15T22:22:05.900+0000] {logging_mixin.py:188} INFO - [2026-08-15T22:22:05.899+0000] {dagbag.py:545} INFO - Filling up the DagBag from /opt/airflow/dags/nyc_taxi_ingest.py
[2026-08-15T22:22:08.047+0000] {processor.py:840} INFO - DAG(s) 'nyc_taxi_ingest' retrieved from /opt/airflow/dags/nyc_taxi_ingest.py
[2026-08-15T22:22:08.168+0000] {logging_mixin.py:188} INFO - [2026-08-15T22:22:08.167+0000] {dag.py:3089} INFO - Sync 1 DAGs
[2026-08-15T22:22:08.274+0000] {logging_mixin.py:188} INFO - [2026-08-15T22:22:08.273+0000] {dag.py:3947} INFO - Setting next_dagrun for nyc_taxi_ingest to None, run_after=None
[2026-08-15T22:22:08.362+0000] {processor.py:183} INFO - Processing /opt/airflow/dags/nyc_taxi_ingest.py took 2.504 seconds
[2026-08-15T22:22:38.562+0000] {processor.py:161} INFO - Started process (PID=354) to work on /opt/airflow/dags/nyc_taxi_ingest.py
[2026-08-15T22:22:38.564+0000] {processor.py:830} INFO - Processing file /opt/airflow/dags/nyc_taxi_ingest.py for tasks to queue
[2026-08-15T22:22:38.566+0000] {logging_mixin.py:188} INFO - [2026-08-15T22:22:38.565+0000] {dagbag.py:545} INFO - Filling up the DagBag from /opt/airflow/dags/nyc_taxi_ingest.py
[2026-08-15T22:22:39.004+0000] {processor.py:840} INFO - DAG(s) 'nyc_taxi_ingest' retrieved from /opt/airflow/dags/nyc_taxi_ingest.py
[2026-08-15T22:22:39.028+0000] {logging_mixin.py:188} INFO - [2026-08-15T22:22:39.028+0000] {dag.py:3089} INFO - Sync 1 DAGs
[2026-08-15T22:22:39.044+0000] {logging_mixin.py:188} INFO - [2026-08-15T22:22:39.044+0000] {dag.py:3947} INFO - Setting next_dagrun for nyc_taxi_ingest to None, run_after=None
[2026-08-15T22:22:39.064+0000] {processor.py:183} INFO - Processing /opt/airflow/dags/nyc_taxi_ingest.py took 0.508 seconds
[2026-08-15T22:23:09.302+0000] {processor.py:161} INFO - Started process (PID=356) to work on /opt/airflow/dags/nyc_taxi_ingest.py
[2026-08-15T22:23:09.303+0000] {processor.py:830} INFO - Processing file /opt/airflow/dags/nyc_taxi_ingest.py for tasks to queue
[2026-08-15T22:23:09.307+0000] {logging_mixin.py:188} INFO - [2026-08-15T22:23:09.306+0000] {dagbag.py:545} INFO - Filling up the DagBag from /opt/airflow/dags/nyc_taxi_ingest.py
[2026-08-15T22:23:09.898+0000] {processor.py:840} INFO - DAG(s) 'nyc_taxi_ingest' retrieved from /opt/airflow/dags/nyc_taxi_ingest.py
[2026-08-15T22:23:09.932+0000] {logging_mixin.py:188} INFO - [2026-08-15T22:23:09.932+0000] {dag.py:3089} INFO - Sync 1 DAGs
[2026-08-15T22:23:09.953+0000] {logging_mixin.py:188} INFO - [2026-08-15T22:23:09.952+0000] {dag.py:3947} INFO - Setting next_dagrun for nyc_taxi_ingest to None, run_after=None
[2026-08-15T22:23:09.976+0000] {processor.py:183} INFO - Processing /opt/airflow/dags/nyc_taxi_ingest.py took 0.681 seconds
[2026-08-15T22:23:40.199+0000] {processor.py:161} INFO - Started process (PID=358) to work on /opt/airflow/dags/nyc_taxi_ingest.py
[2026-08-15T22:23:40.201+0000] {processor.py:830} INFO - Processing file /opt/airflow/dags/nyc_taxi_ingest.py for tasks to queue
[2026-08-15T22:23:40.204+0000] {logging_mixin.py:188} INFO - [2026-08-15T22:23:40.204+0000] {dagbag.py:545} INFO - Filling up the DagBag from /opt/airflow/dags/nyc_taxi_ingest.py
[2026-08-15T22:23:40.786+0000] {processor.py:840} INFO - DAG(s) 'nyc_taxi_ingest' retrieved from /opt/airflow/dags/nyc_taxi_ingest.py
[2026-08-15T22:23:40.816+0000] {logging_mixin.py:188} INFO - [2026-08-15T22:23:40.815+0000] {dag.py:3089} INFO - Sync 1 DAGs
[2026-08-15T22:23:40.840+0000] {logging_mixin.py:188} INFO - [2026-08-15T22:23:40.840+0000] {dag.py:3947} INFO - Setting next_dagrun for nyc_taxi_ingest to None, run_after=None
[2026-08-15T22:23:40.866+0000] {processor.py:183} INFO - Processing /opt/airflow/dags/nyc_taxi_ingest.py took 0.679 seconds
[2026-08-15T22:24:11.430+0000] {processor.py:161} INFO - Started process (PID=360) to work on /opt/airflow/dags/nyc_taxi_ingest.py
[2026-08-15T22:24:11.432+0000] {processor.py:830} INFO - Processing file /opt/airflow/dags/nyc_taxi_ingest.py for tasks to queue
[2026-08-15T22:24:11.437+0000] {logging_mixin.py:188} INFO - [2026-08-15T22:24:11.436+0000] {dagbag.py:545} INFO - Filling up the DagBag from /opt/airflow/dags/nyc_taxi_ingest.py
[2026-08-15T22:24:12.837+0000] {processor.py:840} INFO - DAG(s) 'nyc_taxi_ingest' retrieved from /opt/airflow/dags/nyc_taxi_ingest.py
[2026-08-15T22:24:12.892+0000] {logging_mixin.py:188} INFO - [2026-08-15T22:24:12.891+0000] {dag.py:3089} INFO - Sync 1 DAGs
[2026-08-15T22:24:12.927+0000] {logging_mixin.py:188} INFO - [2026-08-15T22:24:12.927+0000] {dag.py:3947} INFO - Setting next_dagrun for nyc_taxi_ingest to None, run_after=None
[2026-08-15T22:24:12.953+0000] {processor.py:183} INFO - Processing /opt/airflow/dags/nyc_taxi_ingest.py took 1.535 seconds
[2026-08-15T22:24:43.200+0000] {processor.py:161} INFO - Started process (PID=362) to work on /opt/airflow/dags/nyc_taxi_ingest.py
[2026-08-15T22:24:43.202+0000] {processor.py:830} INFO - Processing file /opt/airflow/dags/nyc_taxi_ingest.py for tasks to queue
[2026-08-15T22:24:43.205+0000] {logging_mixin.py:188} INFO - [2026-08-15T22:24:43.205+0000] {dagbag.py:545} INFO - Filling up the DagBag from /opt/airflow/dags/nyc_taxi_ingest.py
[2026-08-15T22:24:43.767+0000] {processor.py:840} INFO - DAG(s) 'nyc_taxi_ingest' retrieved from /opt/airflow/dags/nyc_taxi_ingest.py
[2026-08-15T22:24:43.796+0000] {logging_mixin.py:188} INFO - [2026-08-15T22:24:43.796+0000] {dag.py:3089} INFO - Sync 1 DAGs
[2026-08-15T22:24:43.815+0000] {logging_mixin.py:188} INFO - [2026-08-15T22:24:43.815+0000] {dag.py:3947} INFO - Setting next_dagrun for nyc_taxi_ingest to None, run_after=None
[2026-08-15T22:24:43.835+0000] {processor.py:183} INFO - Processing /opt/airflow/dags/nyc_taxi_ingest.py took 0.645 seconds
[2026-08-15T22:25:14.010+0000] {processor.py:161} INFO - Started process (PID=364) to work on /opt/airflow/dags/nyc_taxi_ingest.py
[2026-08-15T22:25:14.011+0000] {processor.py:830} INFO - Processing file /opt/airflow/dags/nyc_taxi_ingest.py for tasks to queue
[2026-08-15T22:25:14.013+0000] {logging_mixin.py:188} INFO - [2026-08-15T22:25:14.013+0000] {dagbag.py:545} INFO - Filling up the DagBag from /opt/airflow/dags/nyc_taxi_ingest.py
[2026-08-15T22:25:14.538+0000] {processor.py:840} INFO - DAG(s) 'nyc_taxi_ingest' retrieved from /opt/airflow/dags/nyc_taxi_ingest.py
[2026-08-15T22:25:14.568+0000] {logging_mixin.py:188} INFO - [2026-08-15T22:25:14.567+0000] {dag.py:3089} INFO - Sync 1 DAGs
[2026-08-15T22:25:14.588+0000] {logging_mixin.py:188} INFO - [2026-08-15T22:25:14.588+0000] {dag.py:3947} INFO - Setting next_dagrun for nyc_taxi_ingest to None, run_after=None
[2026-08-15T22:25:14.609+0000] {processor.py:183} INFO - Processing /opt/airflow/dags/nyc_taxi_ingest.py took 0.607 seconds
[2026-08-15T22:25:44.933+0000] {processor.py:161} INFO - Started process (PID=366) to work on /opt/airflow/dags/nyc_taxi_ingest.py
[2026-08-15T22:25:44.935+0000] {processor.py:830} INFO - Processing file /opt/airflow/dags/nyc_taxi_ingest.py for tasks to queue
[2026-08-15T22:25:44.938+0000] {logging_mixin.py:188} INFO - [2026-08-15T22:25:44.938+0000] {dagbag.py:545} INFO - Filling up the DagBag from /opt/airflow/dags/nyc_taxi_ingest.py
[2026-08-15T22:25:46.341+0000] {processor.py:840} INFO - DAG(s) 'nyc_taxi_ingest' retrieved from /opt/airflow/dags/nyc_taxi_ingest.py
[2026-08-15T22:25:46.384+0000] {logging_mixin.py:188} INFO - [2026-08-15T22:25:46.384+0000] {dag.py:3089} INFO - Sync 1 DAGs
[2026-08-15T22:25:46.423+0000] {logging_mixin.py:188} INFO - [2026-08-15T22:25:46.422+0000] {dag.py:3947} INFO - Setting next_dagrun for nyc_taxi_ingest to None, run_after=None
[2026-08-15T22:25:46.466+0000] {processor.py:183} INFO - Processing /opt/airflow/dags/nyc_taxi_ingest.py took 1.547 seconds
[2026-08-15T22:26:16.587+0000] {processor.py:161} INFO - Started process (PID=368) to work on /opt/airflow/dags/nyc_taxi_ingest.py
[2026-08-15T22:26:16.589+0000] {processor.py:830} INFO - Processing file /opt/airflow/dags/nyc_taxi_ingest.py for tasks to queue
[2026-08-15T22:26:16.592+0000] {logging_mixin.py:188} INFO - [2026-08-15T22:26:16.591+0000] {dagbag.py:545} INFO - Filling up the DagBag from /opt/airflow/dags/nyc_taxi_ingest.py
[2026-08-15T22:26:17.159+0000] {processor.py:840} INFO - DAG(s) 'nyc_taxi_ingest' retrieved from /opt/airflow/dags/nyc_taxi_ingest.py
[2026-08-15T22:26:17.187+0000] {logging_mixin.py:188} INFO - [2026-08-15T22:26:17.186+0000] {dag.py:3089} INFO - Sync 1 DAGs
[2026-08-15T22:26:17.207+0000] {logging_mixin.py:188} INFO - [2026-08-15T22:26:17.207+0000] {dag.py:3947} INFO - Setting next_dagrun for nyc_taxi_ingest to None, run_after=None
[2026-08-15T22:26:17.228+0000] {processor.py:183} INFO - Processing /opt/airflow/dags/nyc_taxi_ingest.py took 0.650 seconds
[2026-08-15T22:26:47.510+0000] {processor.py:161} INFO - Started process (PID=370) to work on /opt/airflow/dags/nyc_taxi_ingest.py
[2026-08-15T22:26:47.512+0000] {processor.py:830} INFO - Processing file /opt/airflow/dags/nyc_taxi_ingest.py for tasks to queue
[2026-08-15T22:26:47.515+0000] {logging_mixin.py:188} INFO - [2026-08-15T22:26:47.515+0000] {dagbag.py:545} INFO - Filling up the DagBag from /opt/airflow/dags/nyc_taxi_ingest.py
[2026-08-15T22:26:48.294+0000] {processor.py:840} INFO - DAG(s) 'nyc_taxi_ingest' retrieved from /opt/airflow/dags/nyc_taxi_ingest.py
[2026-08-15T22:26:48.346+0000] {logging_mixin.py:188} INFO - [2026-08-15T22:26:48.346+0000] {dag.py:3089} INFO - Sync 1 DAGs
[2026-08-15T22:26:48.372+0000] {logging_mixin.py:188} INFO - [2026-08-15T22:26:48.371+0000] {dag.py:3947} INFO - Setting next_dagrun for nyc_taxi_ingest to None, run_after=None
[2026-08-15T22:26:48.411+0000] {processor.py:183} INFO - Processing /opt/airflow/dags/nyc_taxi_ingest.py took 0.911 seconds
[2026-08-15T22:27:18.666+0000] {processor.py:161} INFO - Started process (PID=372) to work on /opt/airflow/dags/nyc_taxi_ingest.py
[2026-08-15T22:27:18.668+0000] {processor.py:830} INFO - Processing file /opt/airflow/dags/nyc_taxi_ingest.py for tasks to queue
[2026-08-15T22:27:18.671+0000] {logging_mixin.py:188} INFO - [2026-08-15T22:27:18.671+0000] {dagbag.py:545} INFO - Filling up the DagBag from /opt/airflow/dags/nyc_taxi_ingest.py
[2026-08-15T22:27:19.245+0000] {processor.py:840} INFO - DAG(s) 'nyc_taxi_ingest' retrieved from /opt/airflow/dags/nyc_taxi_ingest.py
[2026-08-15T22:27:19.278+0000] {logging_mixin.py:188} INFO - [2026-08-15T22:27:19.277+0000] {dag.py:3089} INFO - Sync 1 DAGs
[2026-08-15T22:27:19.305+0000] {logging_mixin.py:188} INFO - [2026-08-15T22:27:19.305+0000] {dag.py:3947} INFO - Setting next_dagrun for nyc_taxi_ingest to None, run_after=None
[2026-08-15T22:27:19.333+0000] {processor.py:183} INFO - Processing /opt/airflow/dags/nyc_taxi_ingest.py took 0.674 seconds
[2026-08-15T22:27:49.587+0000] {processor.py:161} INFO - Started process (PID=374) to work on /opt/airflow/dags/nyc_taxi_ingest.py
[2026-08-15T22:27:49.589+0000] {processor.py:830} INFO - Processing file /opt/airflow/dags/nyc_taxi_ingest.py for tasks to queue
[2026-08-15T22:27:49.593+0000] {logging_mixin.py:188} INFO - [2026-08-15T22:27:49.592+0000] {dagbag.py:545} INFO - Filling up the DagBag from /opt/airflow/dags/nyc_taxi_ingest.py
[2026-08-15T22:27:50.231+0000] {processor.py:840} INFO - DAG(s) 'nyc_taxi_ingest' retrieved from /opt/airflow/dags/nyc_taxi_ingest.py
[2026-08-15T22:27:50.268+0000] {logging_mixin.py:188} INFO - [2026-08-15T22:27:50.267+0000] {dag.py:3089} INFO - Sync 1 DAGs
[2026-08-15T22:27:50.308+0000] {logging_mixin.py:188} INFO - [2026-08-15T22:27:50.307+0000] {dag.py:3947} INFO - Setting next_dagrun for nyc_taxi_ingest to None, run_after=None
[2026-08-15T22:27:50.338+0000] {processor.py:183} INFO - Processing /opt/airflow/dags/nyc_taxi_ingest.py took 0.757 seconds
[2026-08-15T22:28:20.518+0000] {processor.py:161} INFO - Started process (PID=376) to work on /opt/airflow/dags/nyc_taxi_ingest.py
[2026-08-15T22:28:20.519+0000] {processor.py:830} INFO - Processing file /opt/airflow/dags/nyc_taxi_ingest.py for tasks to queue
[2026-08-15T22:28:20.522+0000] {logging_mixin.py:188} INFO - [2026-08-15T22:28:20.521+0000] {dagbag.py:545} INFO - Filling up the DagBag from /opt/airflow/dags/nyc_taxi_ingest.py
[2026-08-15T22:28:21.040+0000] {processor.py:840} INFO - DAG(s) 'nyc_taxi_ingest' retrieved from /opt/airflow/dags/nyc_taxi_ingest.py
[2026-08-15T22:28:21.078+0000] {logging_mixin.py:188} INFO - [2026-08-15T22:28:21.078+0000] {dag.py:3089} INFO - Sync 1 DAGs
[2026-08-15T22:28:21.111+0000] {logging_mixin.py:188} INFO - [2026-08-15T22:28:21.111+0000] {dag.py:3947} INFO - Setting next_dagrun for nyc_taxi_ingest to None, run_after=None
[2026-08-15T22:28:21.134+0000] {processor.py:183} INFO - Processing /opt/airflow/dags/nyc_taxi_ingest.py took 0.624 seconds
[2026-08-15T22:28:51.394+0000] {processor.py:161} INFO - Started process (PID=378) to work on /opt/airflow/dags/nyc_taxi_ingest.py
[2026-08-15T22:28:51.396+0000] {processor.py:830} INFO - Processing file /opt/airflow/dags/nyc_taxi_ingest.py for tasks to queue
[2026-08-15T22:28:51.398+0000] {logging_mixin.py:188} INFO - [2026-08-15T22:28:51.398+0000] {dagbag.py:545} INFO - Filling up the DagBag from /opt/airflow/dags/nyc_taxi_ingest.py
[2026-08-15T22:28:52.037+0000] {processor.py:840} INFO - DAG(s) 'nyc_taxi_ingest' retrieved from /opt/airflow/dags/nyc_taxi_ingest.py
[2026-08-15T22:28:52.065+0000] {logging_mixin.py:188} INFO - [2026-08-15T22:28:52.064+0000] {dag.py:3089} INFO - Sync 1 DAGs
[2026-08-15T22:28:52.084+0000] {logging_mixin.py:188} INFO - [2026-08-15T22:28:52.084+0000] {dag.py:3947} INFO - Setting next_dagrun for nyc_taxi_ingest to None, run_after=None
[2026-08-15T22:28:52.109+0000] {processor.py:183} INFO - Processing /opt/airflow/dags/nyc_taxi_ingest.py took 0.724 seconds
[2026-08-15T22:29:22.366+0000] {processor.py:161} INFO - Started process (PID=380) to work on /opt/airflow/dags/nyc_taxi_ingest.py
[2026-08-15T22:29:22.368+0000] {processor.py:830} INFO - Processing file /opt/airflow/dags/nyc_taxi_ingest.py for tasks to queue
[2026-08-15T22:29:22.371+0000] {logging_mixin.py:188} INFO - [2026-08-15T22:29:22.370+0000] {dagbag.py:545} INFO - Filling up the DagBag from /opt/airflow/dags/nyc_taxi_ingest.py
[2026-08-15T22:29:23.102+0000] {processor.py:840} INFO - DAG(s) 'nyc_taxi_ingest' retrieved from /opt/airflow/dags/nyc_taxi_ingest.py
[2026-08-15T22:29:23.133+0000] {logging_mixin.py:188} INFO - [2026-08-15T22:29:23.132+0000] {dag.py:3089} INFO - Sync 1 DAGs
[2026-08-15T22:29:23.168+0000] {logging_mixin.py:188} INFO - [2026-08-15T22:29:23.167+0000] {dag.py:3947} INFO - Setting next_dagrun for nyc_taxi_ingest to None, run_after=None
[2026-08-15T22:29:23.207+0000] {processor.py:183} INFO - Processing /opt/airflow/dags/nyc_taxi_ingest.py took 0.850 seconds
[2026-08-15T22:29:53.486+0000] {processor.py:161} INFO - Started process (PID=382) to work on /opt/airflow/dags/nyc_taxi_ingest.py
[2026-08-15T22:29:53.487+0000] {processor.py:830} INFO - Processing file /opt/airflow/dags/nyc_taxi_ingest.py for tasks to queue
[2026-08-15T22:29:53.491+0000] {logging_mixin.py:188} INFO - [2026-08-15T22:29:53.490+0000] {dagbag.py:545} INFO - Filling up the DagBag from /opt/airflow/dags/nyc_taxi_ingest.py
[2026-08-15T22:29:54.336+0000] {processor.py:840} INFO - DAG(s) 'nyc_taxi_ingest' retrieved from /opt/airflow/dags/nyc_taxi_ingest.py
[2026-08-15T22:29:54.371+0000] {logging_mixin.py:188} INFO - [2026-08-15T22:29:54.370+0000] {dag.py:3089} INFO - Sync 1 DAGs
[2026-08-15T22:29:54.396+0000] {logging_mixin.py:188} INFO - [2026-08-15T22:29:54.396+0000] {dag.py:3947} INFO - Setting next_dagrun for nyc_taxi_ingest to None, run_after=None
[2026-08-15T22:29:54.427+0000] {processor.py:183} INFO - Processing /opt/airflow/dags/nyc_taxi_ingest.py took 0.949 seconds
[2026-08-15T22:30:24.667+0000] {processor.py:161} INFO - Started process (PID=384) to work on /opt/airflow/dags/nyc_taxi_ingest.py
[2026-08-15T22:30:24.668+0000] {processor.py:830} INFO - Processing file /opt/airflow/dags/nyc_taxi_ingest.py for tasks to queue
[2026-08-15T22:30:24.670+0000] {logging_mixin.py:188} INFO - [2026-08-15T22:30:24.670+0000] {dagbag.py:545} INFO - Filling up the DagBag from /opt/airflow/dags/nyc_taxi_ingest.py
[2026-08-15T22:30:25.578+0000] {processor.py:840} INFO - DAG(s) 'nyc_taxi_ingest' retrieved from /opt/airflow/dags/nyc_taxi_ingest.py
[2026-08-15T22:30:25.642+0000] {logging_mixin.py:188} INFO - [2026-08-15T22:30:25.640+0000] {dag.py:3089} INFO - Sync 1 DAGs
[2026-08-15T22:30:25.694+0000] {logging_mixin.py:188} INFO - [2026-08-15T22:30:25.693+0000] {dag.py:3947} INFO - Setting next_dagrun for nyc_taxi_ingest to None, run_after=None
[2026-08-15T22:30:25.742+0000] {processor.py:183} INFO - Processing /opt/airflow/dags/nyc_taxi_ingest.py took 1.083 seconds
[2026-08-15T22:30:55.952+0000] {processor.py:161} INFO - Started process (PID=386) to work on /opt/airflow/dags/nyc_taxi_ingest.py
[2026-08-15T22:30:55.955+0000] {processor.py:830} INFO - Processing file /opt/airflow/dags/nyc_taxi_ingest.py for tasks to queue
[2026-08-15T22:30:55.959+0000] {logging_mixin.py:188} INFO - [2026-08-15T22:30:55.958+0000] {dagbag.py:545} INFO - Filling up the DagBag from /opt/airflow/dags/nyc_taxi_ingest.py
[2026-08-15T22:30:56.607+0000] {processor.py:840} INFO - DAG(s) 'nyc_taxi_ingest' retrieved from /opt/airflow/dags/nyc_taxi_ingest.py
[2026-08-15T22:30:56.646+0000] {logging_mixin.py:188} INFO - [2026-08-15T22:30:56.645+0000] {dag.py:3089} INFO - Sync 1 DAGs
[2026-08-15T22:30:56.671+0000] {logging_mixin.py:188} INFO - [2026-08-15T22:30:56.671+0000] {dag.py:3947} INFO - Setting next_dagrun for nyc_taxi_ingest to None, run_after=None
[2026-08-15T22:30:56.697+0000] {processor.py:183} INFO - Processing /opt/airflow/dags/nyc_taxi_ingest.py took 0.755 seconds
[2026-08-15T22:31:27.075+0000] {processor.py:161} INFO - Started process (PID=388) to work on /opt/airflow/dags/nyc_taxi_ingest.py
[2026-08-15T22:31:27.077+0000] {processor.py:830} INFO - Processing file /opt/airflow/dags/nyc_taxi_ingest.py for tasks to queue
[2026-08-15T22:31:27.079+0000] {logging_mixin.py:188} INFO - [2026-08-15T22:31:27.079+0000] {dagbag.py:545} INFO - Filling up the DagBag from /opt/airflow/dags/nyc_taxi_ingest.py
[2026-08-15T22:31:27.605+0000] {processor.py:840} INFO - DAG(s) 'nyc_taxi_ingest' retrieved from /opt/airflow/dags/nyc_taxi_ingest.py
[2026-08-15T22:31:27.631+0000] {logging_mixin.py:188} INFO - [2026-08-15T22:31:27.630+0000] {dag.py:3089} INFO - Sync 1 DAGs
[2026-08-15T22:31:27.648+0000] {logging_mixin.py:188} INFO - [2026-08-15T22:31:27.648+0000] {dag.py:3947} INFO - Setting next_dagrun for nyc_taxi_ingest to None, run_after=None
[2026-08-15T22:31:27.668+0000] {processor.py:183} INFO - Processing /opt/airflow/dags/nyc_taxi_ingest.py took 0.600 seconds
[2026-08-15T22:31:57.956+0000] {processor.py:161} INFO - Started process (PID=390) to work on /opt/airflow/dags/nyc_taxi_ingest.py
[2026-08-15T22:31:57.957+0000] {processor.py:830} INFO - Processing file /opt/airflow/dags/nyc_taxi_ingest.py for tasks to queue
[2026-08-15T22:31:57.960+0000] {logging_mixin.py:188} INFO - [2026-08-15T22:31:57.960+0000] {dagbag.py:545} INFO - Filling up the DagBag from /opt/airflow/dags/nyc_taxi_ingest.py
[2026-08-15T22:31:58.470+0000] {processor.py:840} INFO - DAG(s) 'nyc_taxi_ingest' retrieved from /opt/airflow/dags/nyc_taxi_ingest.py
[2026-08-15T22:31:58.502+0000] {logging_mixin.py:188} INFO - [2026-08-15T22:31:58.501+0000] {dag.py:3089} INFO - Sync 1 DAGs
[2026-08-15T22:31:58.528+0000] {logging_mixin.py:188} INFO - [2026-08-15T22:31:58.527+0000] {dag.py:3947} INFO - Setting next_dagrun for nyc_taxi_ingest to None, run_after=None
[2026-08-15T22:31:58.556+0000] {processor.py:183} INFO - Processing /opt/airflow/dags/nyc_taxi_ingest.py took 0.607 seconds
[2026-08-15T22:32:28.808+0000] {processor.py:161} INFO - Started process (PID=392) to work on /opt/airflow/dags/nyc_taxi_ingest.py
[2026-08-15T22:32:28.810+0000] {processor.py:830} INFO - Processing file /opt/airflow/dags/nyc_taxi_ingest.py for tasks to queue
[2026-08-15T22:32:28.813+0000] {logging_mixin.py:188} INFO - [2026-08-15T22:32:28.813+0000] {dagbag.py:545} INFO - Filling up the DagBag from /opt/airflow/dags/nyc_taxi_ingest.py
[2026-08-15T22:32:29.323+0000] {processor.py:840} INFO - DAG(s) 'nyc_taxi_ingest' retrieved from /opt/airflow/dags/nyc_taxi_ingest.py
[2026-08-15T22:32:29.355+0000] {logging_mixin.py:188} INFO - [2026-08-15T22:32:29.355+0000] {dag.py:3089} INFO - Sync 1 DAGs
[2026-08-15T22:32:29.380+0000] {logging_mixin.py:188} INFO - [2026-08-15T22:32:29.380+0000] {dag.py:3947} INFO - Setting next_dagrun for nyc_taxi_ingest to None, run_after=None
[2026-08-15T22:32:29.401+0000] {processor.py:183} INFO - Processing /opt/airflow/dags/nyc_taxi_ingest.py took 0.602 seconds
[2026-08-15T22:32:59.760+0000] {processor.py:161} INFO - Started process (PID=394) to work on /opt/airflow/dags/nyc_taxi_ingest.py
[2026-08-15T22:32:59.762+0000] {processor.py:830} INFO - Processing file /opt/airflow/dags/nyc_taxi_ingest.py for tasks to queue
[2026-08-15T22:32:59.765+0000] {logging_mixin.py:188} INFO - [2026-08-15T22:32:59.764+0000] {dagbag.py:545} INFO - Filling up the DagBag from /opt/airflow/dags/nyc_taxi_ingest.py
[2026-08-15T22:33:00.422+0000] {processor.py:840} INFO - DAG(s) 'nyc_taxi_ingest' retrieved from /opt/airflow/dags/nyc_taxi_ingest.py
[2026-08-15T22:33:00.453+0000] {logging_mixin.py:188} INFO - [2026-08-15T22:33:00.452+0000] {dag.py:3089} INFO - Sync 1 DAGs
[2026-08-15T22:33:00.472+0000] {logging_mixin.py:188} INFO - [2026-08-15T22:33:00.472+0000] {dag.py:3947} INFO - Setting next_dagrun for nyc_taxi_ingest to None, run_after=None
[2026-08-15T22:33:00.493+0000] {processor.py:183} INFO - Processing /opt/airflow/dags/nyc_taxi_ingest.py took 0.743 seconds
[2026-08-15T22:33:30.743+0000] {processor.py:161} INFO - Started process (PID=396) to work on /opt/airflow/dags/nyc_taxi_ingest.py
[2026-08-15T22:33:30.744+0000] {processor.py:830} INFO - Processing file /opt/airflow/dags/nyc_taxi_ingest.py for tasks to queue
[2026-08-15T22:33:30.747+0000] {logging_mixin.py:188} INFO - [2026-08-15T22:33:30.747+0000] {dagbag.py:545} INFO - Filling up the DagBag from /opt/airflow/dags/nyc_taxi_ingest.py
[2026-08-15T22:33:31.351+0000] {processor.py:840} INFO - DAG(s) 'nyc_taxi_ingest' retrieved from /opt/airflow/dags/nyc_taxi_ingest.py
[2026-08-15T22:33:31.378+0000] {logging_mixin.py:188} INFO - [2026-08-15T22:33:31.378+0000] {dag.py:3089} INFO - Sync 1 DAGs
[2026-08-15T22:33:31.398+0000] {logging_mixin.py:188} INFO - [2026-08-15T22:33:31.398+0000] {dag.py:3947} INFO - Setting next_dagrun for nyc_taxi_ingest to None, run_after=None
[2026-08-15T22:33:31.421+0000] {processor.py:183} INFO - Processing /opt/airflow/dags/nyc_taxi_ingest.py took 0.687 seconds
[2026-08-15T22:34:01.677+0000] {processor.py:161} INFO - Started process (PID=398) to work on /opt/airflow/dags/nyc_taxi_ingest.py
[2026-08-15T22:34:01.679+0000] {processor.py:830} INFO - Processing file /opt/airflow/dags/nyc_taxi_ingest.py for tasks to queue
[2026-08-15T22:34:01.682+0000] {logging_mixin.py:188} INFO - [2026-08-15T22:34:01.681+0000] {dagbag.py:545} INFO - Filling up the DagBag from /opt/airflow/dags/nyc_taxi_ingest.py
[2026-08-15T22:34:02.425+0000] {processor.py:840} INFO - DAG(s) 'nyc_taxi_ingest' retrieved from /opt/airflow/dags/nyc_taxi_ingest.py
[2026-08-15T22:34:02.473+0000] {logging_mixin.py:188} INFO - [2026-08-15T22:34:02.472+0000] {dag.py:3089} INFO - Sync 1 DAGs
[2026-08-15T22:34:02.504+0000] {logging_mixin.py:188} INFO - [2026-08-15T22:34:02.503+0000] {dag.py:3947} INFO - Setting next_dagrun for nyc_taxi_ingest to None, run_after=None
[2026-08-15T22:34:02.528+0000] {processor.py:183} INFO - Processing /opt/airflow/dags/nyc_taxi_ingest.py took 0.860 seconds
[2026-08-15T22:34:32.696+0000] {processor.py:161} INFO - Started process (PID=400) to work on /opt/airflow/dags/nyc_taxi_ingest.py
[2026-08-15T22:34:32.700+0000] {processor.py:830} INFO - Processing file /opt/airflow/dags/nyc_taxi_ingest.py for tasks to queue
[2026-08-15T22:34:32.704+0000] {logging_mixin.py:188} INFO - [2026-08-15T22:34:32.703+0000] {dagbag.py:545} INFO - Filling up the DagBag from /opt/airflow/dags/nyc_taxi_ingest.py
[2026-08-15T22:34:33.405+0000] {processor.py:840} INFO - DAG(s) 'nyc_taxi_ingest' retrieved from /opt/airflow/dags/nyc_taxi_ingest.py
[2026-08-15T22:34:33.431+0000] {logging_mixin.py:188} INFO - [2026-08-15T22:34:33.431+0000] {dag.py:3089} INFO - Sync 1 DAGs
[2026-08-15T22:34:33.452+0000] {logging_mixin.py:188} INFO - [2026-08-15T22:34:33.452+0000] {dag.py:3947} INFO - Setting next_dagrun for nyc_taxi_ingest to None, run_after=None
[2026-08-15T22:34:33.472+0000] {processor.py:183} INFO - Processing /opt/airflow/dags/nyc_taxi_ingest.py took 0.790 seconds
[2026-08-15T22:35:03.740+0000] {processor.py:161} INFO - Started process (PID=402) to work on /opt/airflow/dags/nyc_taxi_ingest.py
[2026-08-15T22:35:03.741+0000] {processor.py:830} INFO - Processing file /opt/airflow/dags/nyc_taxi_ingest.py for tasks to queue
[2026-08-15T22:35:03.744+0000] {logging_mixin.py:188} INFO - [2026-08-15T22:35:03.744+0000] {dagbag.py:545} INFO - Filling up the DagBag from /opt/airflow/dags/nyc_taxi_ingest.py
[2026-08-15T22:35:04.271+0000] {processor.py:840} INFO - DAG(s) 'nyc_taxi_ingest' retrieved from /opt/airflow/dags/nyc_taxi_ingest.py
[2026-08-15T22:35:04.298+0000] {logging_mixin.py:188} INFO - [2026-08-15T22:35:04.297+0000] {dag.py:3089} INFO - Sync 1 DAGs
[2026-08-15T22:35:04.318+0000] {logging_mixin.py:188} INFO - [2026-08-15T22:35:04.318+0000] {dag.py:3947} INFO - Setting next_dagrun for nyc_taxi_ingest to None, run_after=None
[2026-08-15T22:35:04.342+0000] {processor.py:183} INFO - Processing /opt/airflow/dags/nyc_taxi_ingest.py took 0.609 seconds
[2026-08-15T22:35:34.588+0000] {processor.py:161} INFO - Started process (PID=404) to work on /opt/airflow/dags/nyc_taxi_ingest.py
[2026-08-15T22:35:34.590+0000] {processor.py:830} INFO - Processing file /opt/airflow/dags/nyc_taxi_ingest.py for tasks to queue
[2026-08-15T22:35:34.592+0000] {logging_mixin.py:188} INFO - [2026-08-15T22:35:34.592+0000] {dagbag.py:545} INFO - Filling up the DagBag from /opt/airflow/dags/nyc_taxi_ingest.py
[2026-08-15T22:35:35.073+0000] {processor.py:840} INFO - DAG(s) 'nyc_taxi_ingest' retrieved from /opt/airflow/dags/nyc_taxi_ingest.py
[2026-08-15T22:35:35.102+0000] {logging_mixin.py:188} INFO - [2026-08-15T22:35:35.102+0000] {dag.py:3089} INFO - Sync 1 DAGs
[2026-08-15T22:35:35.121+0000] {logging_mixin.py:188} INFO - [2026-08-15T22:35:35.120+0000] {dag.py:3947} INFO - Setting next_dagrun for nyc_taxi_ingest to None, run_after=None
[2026-08-15T22:35:35.156+0000] {processor.py:183} INFO - Processing /opt/airflow/dags/nyc_taxi_ingest.py took 0.575 seconds
[2026-08-15T22:36:05.403+0000] {processor.py:161} INFO - Started process (PID=406) to work on /opt/airflow/dags/nyc_taxi_ingest.py
[2026-08-15T22:36:05.405+0000] {processor.py:830} INFO - Processing file /opt/airflow/dags/nyc_taxi_ingest.py for tasks to queue
[2026-08-15T22:36:05.408+0000] {logging_mixin.py:188} INFO - [2026-08-15T22:36:05.407+0000] {dagbag.py:545} INFO - Filling up the DagBag from /opt/airflow/dags/nyc_taxi_ingest.py
[2026-08-15T22:36:06.059+0000] {processor.py:840} INFO - DAG(s) 'nyc_taxi_ingest' retrieved from /opt/airflow/dags/nyc_taxi_ingest.py
[2026-08-15T22:36:06.089+0000] {logging_mixin.py:188} INFO - [2026-08-15T22:36:06.089+0000] {dag.py:3089} INFO - Sync 1 DAGs
[2026-08-15T22:36:06.109+0000] {logging_mixin.py:188} INFO - [2026-08-15T22:36:06.109+0000] {dag.py:3947} INFO - Setting next_dagrun for nyc_taxi_ingest to None, run_after=None
[2026-08-15T22:36:06.129+0000] {processor.py:183} INFO - Processing /opt/airflow/dags/nyc_taxi_ingest.py took 0.735 seconds
[2026-08-15T22:36:36.464+0000] {processor.py:161} INFO - Started process (PID=408) to work on /opt/airflow/dags/nyc_taxi_ingest.py
[2026-08-15T22:36:36.466+0000] {processor.py:830} INFO - Processing file /opt/airflow/dags/nyc_taxi_ingest.py for tasks to queue
[2026-08-15T22:36:36.469+0000] {logging_mixin.py:188} INFO - [2026-08-15T22:36:36.469+0000] {dagbag.py:545} INFO - Filling up the DagBag from /opt/airflow/dags/nyc_taxi_ingest.py
[2026-08-15T22:36:37.115+0000] {processor.py:840} INFO - DAG(s) 'nyc_taxi_ingest' retrieved from /opt/airflow/dags/nyc_taxi_ingest.py
[2026-08-15T22:36:37.148+0000] {logging_mixin.py:188} INFO - [2026-08-15T22:36:37.147+0000] {dag.py:3089} INFO - Sync 1 DAGs
[2026-08-15T22:36:37.174+0000] {logging_mixin.py:188} INFO - [2026-08-15T22:36:37.173+0000] {dag.py:3947} INFO - Setting next_dagrun for nyc_taxi_ingest to None, run_after=None
[2026-08-15T22:36:37.201+0000] {processor.py:183} INFO - Processing /opt/airflow/dags/nyc_taxi_ingest.py took 0.751 seconds
[2026-08-15T22:37:07.495+0000] {processor.py:161} INFO - Started process (PID=410) to work on /opt/airflow/dags/nyc_taxi_ingest.py
[2026-08-15T22:37:07.497+0000] {processor.py:830} INFO - Processing file /opt/airflow/dags/nyc_taxi_ingest.py for tasks to queue
[2026-08-15T22:37:07.501+0000] {logging_mixin.py:188} INFO - [2026-08-15T22:37:07.500+0000] {dagbag.py:545} INFO - Filling up the DagBag from /opt/airflow/dags/nyc_taxi_ingest.py
[2026-08-15T22:37:08.192+0000] {processor.py:840} INFO - DAG(s) 'nyc_taxi_ingest' retrieved from /opt/airflow/dags/nyc_taxi_ingest.py
[2026-08-15T22:37:08.219+0000] {logging_mixin.py:188} INFO - [2026-08-15T22:37:08.218+0000] {dag.py:3089} INFO - Sync 1 DAGs
[2026-08-15T22:37:08.238+0000] {logging_mixin.py:188} INFO - [2026-08-15T22:37:08.238+0000] {dag.py:3947} INFO - Setting next_dagrun for nyc_taxi_ingest to None, run_after=None
[2026-08-15T22:37:08.257+0000] {processor.py:183} INFO - Processing /opt/airflow/dags/nyc_taxi_ingest.py took 0.771 seconds
[2026-08-15T22:37:38.527+0000] {processor.py:161} INFO - Started process (PID=412) to work on /opt/airflow/dags/nyc_taxi_ingest.py
[2026-08-15T22:37:38.528+0000] {processor.py:830} INFO - Processing file /opt/airflow/dags/nyc_taxi_ingest.py for tasks to queue
[2026-08-15T22:37:38.531+0000] {logging_mixin.py:188} INFO - [2026-08-15T22:37:38.530+0000] {dagbag.py:545} INFO - Filling up the DagBag from /opt/airflow/dags/nyc_taxi_ingest.py
[2026-08-15T22:37:39.039+0000] {processor.py:840} INFO - DAG(s) 'nyc_taxi_ingest' retrieved from /opt/airflow/dags/nyc_taxi_ingest.py
[2026-08-15T22:37:39.067+0000] {logging_mixin.py:188} INFO - [2026-08-15T22:37:39.066+0000] {dag.py:3089} INFO - Sync 1 DAGs
[2026-08-15T22:37:39.085+0000] {logging_mixin.py:188} INFO - [2026-08-15T22:37:39.085+0000] {dag.py:3947} INFO - Setting next_dagrun for nyc_taxi_ingest to None, run_after=None
[2026-08-15T22:37:39.105+0000] {processor.py:183} INFO - Processing /opt/airflow/dags/nyc_taxi_ingest.py took 0.586 seconds
[2026-08-15T22:38:09.269+0000] {processor.py:161} INFO - Started process (PID=414) to work on /opt/airflow/dags/nyc_taxi_ingest.py
[2026-08-15T22:38:09.271+0000] {processor.py:830} INFO - Processing file /opt/airflow/dags/nyc_taxi_ingest.py for tasks to queue
[2026-08-15T22:38:09.274+0000] {logging_mixin.py:188} INFO - [2026-08-15T22:38:09.274+0000] {dagbag.py:545} INFO - Filling up the DagBag from /opt/airflow/dags/nyc_taxi_ingest.py
[2026-08-15T22:38:09.861+0000] {processor.py:840} INFO - DAG(s) 'nyc_taxi_ingest' retrieved from /opt/airflow/dags/nyc_taxi_ingest.py
[2026-08-15T22:38:09.887+0000] {logging_mixin.py:188} INFO - [2026-08-15T22:38:09.887+0000] {dag.py:3089} INFO - Sync 1 DAGs
[2026-08-15T22:38:09.905+0000] {logging_mixin.py:188} INFO - [2026-08-15T22:38:09.905+0000] {dag.py:3947} INFO - Setting next_dagrun for nyc_taxi_ingest to None, run_after=None
[2026-08-15T22:38:09.925+0000] {processor.py:183} INFO - Processing /opt/airflow/dags/nyc_taxi_ingest.py took 0.665 seconds
[2026-08-15T22:38:40.171+0000] {processor.py:161} INFO - Started process (PID=416) to work on /opt/airflow/dags/nyc_taxi_ingest.py
[2026-08-15T22:38:40.173+0000] {processor.py:830} INFO - Processing file /opt/airflow/dags/nyc_taxi_ingest.py for tasks to queue
[2026-08-15T22:38:40.177+0000] {logging_mixin.py:188} INFO - [2026-08-15T22:38:40.176+0000] {dagbag.py:545} INFO - Filling up the DagBag from /opt/airflow/dags/nyc_taxi_ingest.py
[2026-08-15T22:38:40.710+0000] {processor.py:840} INFO - DAG(s) 'nyc_taxi_ingest' retrieved from /opt/airflow/dags/nyc_taxi_ingest.py
[2026-08-15T22:38:40.736+0000] {logging_mixin.py:188} INFO - [2026-08-15T22:38:40.735+0000] {dag.py:3089} INFO - Sync 1 DAGs
[2026-08-15T22:38:40.754+0000] {logging_mixin.py:188} INFO - [2026-08-15T22:38:40.754+0000] {dag.py:3947} INFO - Setting next_dagrun for nyc_taxi_ingest to None, run_after=None
[2026-08-15T22:38:40.782+0000] {processor.py:183} INFO - Processing /opt/airflow/dags/nyc_taxi_ingest.py took 0.618 seconds
[2026-08-15T22:39:11.024+0000] {processor.py:161} INFO - Started process (PID=418) to work on /opt/airflow/dags/nyc_taxi_ingest.py
[2026-08-15T22:39:11.035+0000] {processor.py:830} INFO - Processing file /opt/airflow/dags/nyc_taxi_ingest.py for tasks to queue
[2026-08-15T22:39:11.042+0000] {logging_mixin.py:188} INFO - [2026-08-15T22:39:11.041+0000] {dagbag.py:545} INFO - Filling up the DagBag from /opt/airflow/dags/nyc_taxi_ingest.py
[2026-08-15T22:39:11.720+0000] {processor.py:840} INFO - DAG(s) 'nyc_taxi_ingest' retrieved from /opt/airflow/dags/nyc_taxi_ingest.py
[2026-08-15T22:39:11.751+0000] {logging_mixin.py:188} INFO - [2026-08-15T22:39:11.751+0000] {dag.py:3089} INFO - Sync 1 DAGs
[2026-08-15T22:39:11.772+0000] {logging_mixin.py:188} INFO - [2026-08-15T22:39:11.772+0000] {dag.py:3947} INFO - Setting next_dagrun for nyc_taxi_ingest to None, run_after=None
[2026-08-15T22:39:11.793+0000] {processor.py:183} INFO - Processing /opt/airflow/dags/nyc_taxi_ingest.py took 0.779 seconds
[2026-08-15T22:39:41.955+0000] {processor.py:161} INFO - Started process (PID=420) to work on /opt/airflow/dags/nyc_taxi_ingest.py
[2026-08-15T22:39:41.957+0000] {processor.py:830} INFO - Processing file /opt/airflow/dags/nyc_taxi_ingest.py for tasks to queue
[2026-08-15T22:39:41.960+0000] {logging_mixin.py:188} INFO - [2026-08-15T22:39:41.960+0000] {dagbag.py:545} INFO - Filling up the DagBag from /opt/airflow/dags/nyc_taxi_ingest.py
[2026-08-15T22:39:42.467+0000] {processor.py:840} INFO - DAG(s) 'nyc_taxi_ingest' retrieved from /opt/airflow/dags/nyc_taxi_ingest.py
[2026-08-15T22:39:42.494+0000] {logging_mixin.py:188} INFO - [2026-08-15T22:39:42.494+0000] {dag.py:3089} INFO - Sync 1 DAGs
[2026-08-15T22:39:42.513+0000] {logging_mixin.py:188} INFO - [2026-08-15T22:39:42.513+0000] {dag.py:3947} INFO - Setting next_dagrun for nyc_taxi_ingest to None, run_after=None
[2026-08-15T22:39:42.534+0000] {processor.py:183} INFO - Processing /opt/airflow/dags/nyc_taxi_ingest.py took 0.587 seconds
[2026-08-15T22:40:12.796+0000] {processor.py:161} INFO - Started process (PID=422) to work on /opt/airflow/dags/nyc_taxi_ingest.py
[2026-08-15T22:40:12.797+0000] {processor.py:830} INFO - Processing file /opt/airflow/dags/nyc_taxi_ingest.py for tasks to queue
[2026-08-15T22:40:12.800+0000] {logging_mixin.py:188} INFO - [2026-08-15T22:40:12.800+0000] {dagbag.py:545} INFO - Filling up the DagBag from /opt/airflow/dags/nyc_taxi_ingest.py
[2026-08-15T22:40:13.305+0000] {processor.py:840} INFO - DAG(s) 'nyc_taxi_ingest' retrieved from /opt/airflow/dags/nyc_taxi_ingest.py
[2026-08-15T22:40:13.329+0000] {logging_mixin.py:188} INFO - [2026-08-15T22:40:13.329+0000] {dag.py:3089} INFO - Sync 1 DAGs
[2026-08-15T22:40:13.348+0000] {logging_mixin.py:188} INFO - [2026-08-15T22:40:13.347+0000] {dag.py:3947} INFO - Setting next_dagrun for nyc_taxi_ingest to None, run_after=None
[2026-08-15T22:40:13.367+0000] {processor.py:183} INFO - Processing /opt/airflow/dags/nyc_taxi_ingest.py took 0.580 seconds
[2026-08-15T22:40:43.599+0000] {processor.py:161} INFO - Started process (PID=424) to work on /opt/airflow/dags/nyc_taxi_ingest.py
[2026-08-15T22:40:43.601+0000] {processor.py:830} INFO - Processing file /opt/airflow/dags/nyc_taxi_ingest.py for tasks to queue
[2026-08-15T22:40:43.604+0000] {logging_mixin.py:188} INFO - [2026-08-15T22:40:43.604+0000] {dagbag.py:545} INFO - Filling up the DagBag from /opt/airflow/dags/nyc_taxi_ingest.py
[2026-08-15T22:40:44.132+0000] {processor.py:840} INFO - DAG(s) 'nyc_taxi_ingest' retrieved from /opt/airflow/dags/nyc_taxi_ingest.py
[2026-08-15T22:40:44.159+0000] {logging_mixin.py:188} INFO - [2026-08-15T22:40:44.158+0000] {dag.py:3089} INFO - Sync 1 DAGs
[2026-08-15T22:40:44.177+0000] {logging_mixin.py:188} INFO - [2026-08-15T22:40:44.177+0000] {dag.py:3947} INFO - Setting next_dagrun for nyc_taxi_ingest to None, run_after=None
[2026-08-15T22:40:44.199+0000] {processor.py:183} INFO - Processing /opt/airflow/dags/nyc_taxi_ingest.py took 0.607 seconds
[2026-08-15T22:41:14.492+0000] {processor.py:161} INFO - Started process (PID=426) to work on /opt/airflow/dags/nyc_taxi_ingest.py
[2026-08-15T22:41:14.493+0000] {processor.py:830} INFO - Processing file /opt/airflow/dags/nyc_taxi_ingest.py for tasks to queue
[2026-08-15T22:41:14.496+0000] {logging_mixin.py:188} INFO - [2026-08-15T22:41:14.496+0000] {dagbag.py:545} INFO - Filling up the DagBag from /opt/airflow/dags/nyc_taxi_ingest.py
[2026-08-15T22:41:14.996+0000] {processor.py:840} INFO - DAG(s) 'nyc_taxi_ingest' retrieved from /opt/airflow/dags/nyc_taxi_ingest.py
[2026-08-15T22:41:15.024+0000] {logging_mixin.py:188} INFO - [2026-08-15T22:41:15.024+0000] {dag.py:3089} INFO - Sync 1 DAGs
[2026-08-15T22:41:15.045+0000] {logging_mixin.py:188} INFO - [2026-08-15T22:41:15.045+0000] {dag.py:3947} INFO - Setting next_dagrun for nyc_taxi_ingest to None, run_after=None
[2026-08-15T22:41:15.067+0000] {processor.py:183} INFO - Processing /opt/airflow/dags/nyc_taxi_ingest.py took 0.584 seconds
[2026-08-15T22:41:45.302+0000] {processor.py:161} INFO - Started process (PID=428) to work on /opt/airflow/dags/nyc_taxi_ingest.py
[2026-08-15T22:41:45.304+0000] {processor.py:830} INFO - Processing file /opt/airflow/dags/nyc_taxi_ingest.py for tasks to queue
[2026-08-15T22:41:45.307+0000] {logging_mixin.py:188} INFO - [2026-08-15T22:41:45.306+0000] {dagbag.py:545} INFO - Filling up the DagBag from /opt/airflow/dags/nyc_taxi_ingest.py
[2026-08-15T22:41:45.796+0000] {processor.py:840} INFO - DAG(s) 'nyc_taxi_ingest' retrieved from /opt/airflow/dags/nyc_taxi_ingest.py
[2026-08-15T22:41:45.830+0000] {logging_mixin.py:188} INFO - [2026-08-15T22:41:45.829+0000] {dag.py:3089} INFO - Sync 1 DAGs
[2026-08-15T22:41:45.851+0000] {logging_mixin.py:188} INFO - [2026-08-15T22:41:45.851+0000] {dag.py:3947} INFO - Setting next_dagrun for nyc_taxi_ingest to None, run_after=None
[2026-08-15T22:41:45.873+0000] {processor.py:183} INFO - Processing /opt/airflow/dags/nyc_taxi_ingest.py took 0.580 seconds
[2026-08-15T22:42:16.129+0000] {processor.py:161} INFO - Started process (PID=430) to work on /opt/airflow/dags/nyc_taxi_ingest.py
[2026-08-15T22:42:16.130+0000] {processor.py:830} INFO - Processing file /opt/airflow/dags/nyc_taxi_ingest.py for tasks to queue
[2026-08-15T22:42:16.133+0000] {logging_mixin.py:188} INFO - [2026-08-15T22:42:16.132+0000] {dagbag.py:545} INFO - Filling up the DagBag from /opt/airflow/dags/nyc_taxi_ingest.py
[2026-08-15T22:42:16.632+0000] {processor.py:840} INFO - DAG(s) 'nyc_taxi_ingest' retrieved from /opt/airflow/dags/nyc_taxi_ingest.py
[2026-08-15T22:42:16.659+0000] {logging_mixin.py:188} INFO - [2026-08-15T22:42:16.658+0000] {dag.py:3089} INFO - Sync 1 DAGs
[2026-08-15T22:42:16.679+0000] {logging_mixin.py:188} INFO - [2026-08-15T22:42:16.679+0000] {dag.py:3947} INFO - Setting next_dagrun for nyc_taxi_ingest to None, run_after=None
[2026-08-15T22:42:16.700+0000] {processor.py:183} INFO - Processing /opt/airflow/dags/nyc_taxi_ingest.py took 0.579 seconds
[2026-08-15T22:42:46.970+0000] {processor.py:161} INFO - Started process (PID=432) to work on /opt/airflow/dags/nyc_taxi_ingest.py
[2026-08-15T22:42:46.971+0000] {processor.py:830} INFO - Processing file /opt/airflow/dags/nyc_taxi_ingest.py for tasks to queue
[2026-08-15T22:42:46.974+0000] {logging_mixin.py:188} INFO - [2026-08-15T22:42:46.974+0000] {dagbag.py:545} INFO - Filling up the DagBag from /opt/airflow/dags/nyc_taxi_ingest.py
[2026-08-15T22:42:47.502+0000] {processor.py:840} INFO - DAG(s) 'nyc_taxi_ingest' retrieved from /opt/airflow/dags/nyc_taxi_ingest.py
[2026-08-15T22:42:47.528+0000] {logging_mixin.py:188} INFO - [2026-08-15T22:42:47.528+0000] {dag.py:3089} INFO - Sync 1 DAGs
[2026-08-15T22:42:47.548+0000] {logging_mixin.py:188} INFO - [2026-08-15T22:42:47.548+0000] {dag.py:3947} INFO - Setting next_dagrun for nyc_taxi_ingest to None, run_after=None
[2026-08-15T22:42:47.569+0000] {processor.py:183} INFO - Processing /opt/airflow/dags/nyc_taxi_ingest.py took 0.608 seconds
[2026-08-15T22:43:17.813+0000] {processor.py:161} INFO - Started process (PID=434) to work on /opt/airflow/dags/nyc_taxi_ingest.py
[2026-08-15T22:43:17.814+0000] {processor.py:830} INFO - Processing file /opt/airflow/dags/nyc_taxi_ingest.py for tasks to queue
[2026-08-15T22:43:17.816+0000] {logging_mixin.py:188} INFO - [2026-08-15T22:43:17.816+0000] {dagbag.py:545} INFO - Filling up the DagBag from /opt/airflow/dags/nyc_taxi_ingest.py
[2026-08-15T22:43:18.319+0000] {processor.py:840} INFO - DAG(s) 'nyc_taxi_ingest' retrieved from /opt/airflow/dags/nyc_taxi_ingest.py
[2026-08-15T22:43:18.345+0000] {logging_mixin.py:188} INFO - [2026-08-15T22:43:18.345+0000] {dag.py:3089} INFO - Sync 1 DAGs
[2026-08-15T22:43:18.367+0000] {logging_mixin.py:188} INFO - [2026-08-15T22:43:18.367+0000] {dag.py:3947} INFO - Setting next_dagrun for nyc_taxi_ingest to None, run_after=None
[2026-08-15T22:43:18.389+0000] {processor.py:183} INFO - Processing /opt/airflow/dags/nyc_taxi_ingest.py took 0.583 seconds
[2026-08-15T22:43:48.622+0000] {processor.py:161} INFO - Started process (PID=436) to work on /opt/airflow/dags/nyc_taxi_ingest.py
[2026-08-15T22:43:48.623+0000] {processor.py:830} INFO - Processing file /opt/airflow/dags/nyc_taxi_ingest.py for tasks to queue
[2026-08-15T22:43:48.626+0000] {logging_mixin.py:188} INFO - [2026-08-15T22:43:48.625+0000] {dagbag.py:545} INFO - Filling up the DagBag from /opt/airflow/dags/nyc_taxi_ingest.py
[2026-08-15T22:43:49.140+0000] {processor.py:840} INFO - DAG(s) 'nyc_taxi_ingest' retrieved from /opt/airflow/dags/nyc_taxi_ingest.py
[2026-08-15T22:43:49.172+0000] {logging_mixin.py:188} INFO - [2026-08-15T22:43:49.171+0000] {dag.py:3089} INFO - Sync 1 DAGs
[2026-08-15T22:43:49.191+0000] {logging_mixin.py:188} INFO - [2026-08-15T22:43:49.191+0000] {dag.py:3947} INFO - Setting next_dagrun for nyc_taxi_ingest to None, run_after=None
[2026-08-15T22:43:49.211+0000] {processor.py:183} INFO - Processing /opt/airflow/dags/nyc_taxi_ingest.py took 0.596 seconds
[2026-08-15T22:44:19.482+0000] {processor.py:161} INFO - Started process (PID=438) to work on /opt/airflow/dags/nyc_taxi_ingest.py
[2026-08-15T22:44:19.484+0000] {processor.py:830} INFO - Processing file /opt/airflow/dags/nyc_taxi_ingest.py for tasks to queue
[2026-08-15T22:44:19.487+0000] {logging_mixin.py:188} INFO - [2026-08-15T22:44:19.486+0000] {dagbag.py:545} INFO - Filling up the DagBag from /opt/airflow/dags/nyc_taxi_ingest.py
[2026-08-15T22:44:20.034+0000] {processor.py:840} INFO - DAG(s) 'nyc_taxi_ingest' retrieved from /opt/airflow/dags/nyc_taxi_ingest.py
[2026-08-15T22:44:20.061+0000] {logging_mixin.py:188} INFO - [2026-08-15T22:44:20.060+0000] {dag.py:3089} INFO - Sync 1 DAGs
[2026-08-15T22:44:20.083+0000] {logging_mixin.py:188} INFO - [2026-08-15T22:44:20.083+0000] {dag.py:3947} INFO - Setting next_dagrun for nyc_taxi_ingest to None, run_after=None
[2026-08-15T22:44:20.106+0000] {processor.py:183} INFO - Processing /opt/airflow/dags/nyc_taxi_ingest.py took 0.633 seconds
[2026-08-15T22:44:50.365+0000] {processor.py:161} INFO - Started process (PID=440) to work on /opt/airflow/dags/nyc_taxi_ingest.py
[2026-08-15T22:44:50.366+0000] {processor.py:830} INFO - Processing file /opt/airflow/dags/nyc_taxi_ingest.py for tasks to queue
[2026-08-15T22:44:50.370+0000] {logging_mixin.py:188} INFO - [2026-08-15T22:44:50.369+0000] {dagbag.py:545} INFO - Filling up the DagBag from /opt/airflow/dags/nyc_taxi_ingest.py
[2026-08-15T22:44:50.880+0000] {processor.py:840} INFO - DAG(s) 'nyc_taxi_ingest' retrieved from /opt/airflow/dags/nyc_taxi_ingest.py
[2026-08-15T22:44:50.910+0000] {logging_mixin.py:188} INFO - [2026-08-15T22:44:50.909+0000] {dag.py:3089} INFO - Sync 1 DAGs
[2026-08-15T22:44:50.929+0000] {logging_mixin.py:188} INFO - [2026-08-15T22:44:50.928+0000] {dag.py:3947} INFO - Setting next_dagrun for nyc_taxi_ingest to None, run_after=None
[2026-08-15T22:44:50.949+0000] {processor.py:183} INFO - Processing /opt/airflow/dags/nyc_taxi_ingest.py took 0.592 seconds
[2026-08-15T22:45:21.217+0000] {processor.py:161} INFO - Started process (PID=442) to work on /opt/airflow/dags/nyc_taxi_ingest.py
[2026-08-15T22:45:21.219+0000] {processor.py:830} INFO - Processing file /opt/airflow/dags/nyc_taxi_ingest.py for tasks to queue
[2026-08-15T22:45:21.221+0000] {logging_mixin.py:188} INFO - [2026-08-15T22:45:21.221+0000] {dagbag.py:545} INFO - Filling up the DagBag from /opt/airflow/dags/nyc_taxi_ingest.py
[2026-08-15T22:45:21.779+0000] {processor.py:840} INFO - DAG(s) 'nyc_taxi_ingest' retrieved from /opt/airflow/dags/nyc_taxi_ingest.py
[2026-08-15T22:45:21.804+0000] {logging_mixin.py:188} INFO - [2026-08-15T22:45:21.804+0000] {dag.py:3089} INFO - Sync 1 DAGs
[2026-08-15T22:45:21.826+0000] {logging_mixin.py:188} INFO - [2026-08-15T22:45:21.825+0000] {dag.py:3947} INFO - Setting next_dagrun for nyc_taxi_ingest to None, run_after=None
[2026-08-15T22:45:21.847+0000] {processor.py:183} INFO - Processing /opt/airflow/dags/nyc_taxi_ingest.py took 0.639 seconds
[2026-08-15T22:45:52.095+0000] {processor.py:161} INFO - Started process (PID=444) to work on /opt/airflow/dags/nyc_taxi_ingest.py
[2026-08-15T22:45:52.097+0000] {processor.py:830} INFO - Processing file /opt/airflow/dags/nyc_taxi_ingest.py for tasks to queue
[2026-08-15T22:45:52.099+0000] {logging_mixin.py:188} INFO - [2026-08-15T22:45:52.099+0000] {dagbag.py:545} INFO - Filling up the DagBag from /opt/airflow/dags/nyc_taxi_ingest.py
[2026-08-15T22:45:52.928+0000] {processor.py:840} INFO - DAG(s) 'nyc_taxi_ingest' retrieved from /opt/airflow/dags/nyc_taxi_ingest.py
[2026-08-15T22:45:52.955+0000] {logging_mixin.py:188} INFO - [2026-08-15T22:45:52.955+0000] {dag.py:3089} INFO - Sync 1 DAGs
[2026-08-15T22:45:52.973+0000] {logging_mixin.py:188} INFO - [2026-08-15T22:45:52.973+0000] {dag.py:3947} INFO - Setting next_dagrun for nyc_taxi_ingest to None, run_after=None
[2026-08-15T22:45:52.992+0000] {processor.py:183} INFO - Processing /opt/airflow/dags/nyc_taxi_ingest.py took 0.906 seconds
[2026-08-15T22:46:23.218+0000] {processor.py:161} INFO - Started process (PID=446) to work on /opt/airflow/dags/nyc_taxi_ingest.py
[2026-08-15T22:46:23.220+0000] {processor.py:830} INFO - Processing file /opt/airflow/dags/nyc_taxi_ingest.py for tasks to queue
[2026-08-15T22:46:23.222+0000] {logging_mixin.py:188} INFO - [2026-08-15T22:46:23.222+0000] {dagbag.py:545} INFO - Filling up the DagBag from /opt/airflow/dags/nyc_taxi_ingest.py
[2026-08-15T22:46:23.731+0000] {processor.py:840} INFO - DAG(s) 'nyc_taxi_ingest' retrieved from /opt/airflow/dags/nyc_taxi_ingest.py
[2026-08-15T22:46:23.757+0000] {logging_mixin.py:188} INFO - [2026-08-15T22:46:23.756+0000] {dag.py:3089} INFO - Sync 1 DAGs
[2026-08-15T22:46:23.776+0000] {logging_mixin.py:188} INFO - [2026-08-15T22:46:23.775+0000] {dag.py:3947} INFO - Setting next_dagrun for nyc_taxi_ingest to None, run_after=None
[2026-08-15T22:46:23.798+0000] {processor.py:183} INFO - Processing /opt/airflow/dags/nyc_taxi_ingest.py took 0.587 seconds
[2026-08-15T22:46:54.083+0000] {processor.py:161} INFO - Started process (PID=448) to work on /opt/airflow/dags/nyc_taxi_ingest.py
[2026-08-15T22:46:54.085+0000] {processor.py:830} INFO - Processing file /opt/airflow/dags/nyc_taxi_ingest.py for tasks to queue
[2026-08-15T22:46:54.088+0000] {logging_mixin.py:188} INFO - [2026-08-15T22:46:54.087+0000] {dagbag.py:545} INFO - Filling up the DagBag from /opt/airflow/dags/nyc_taxi_ingest.py
[2026-08-15T22:46:54.604+0000] {processor.py:840} INFO - DAG(s) 'nyc_taxi_ingest' retrieved from /opt/airflow/dags/nyc_taxi_ingest.py
[2026-08-15T22:46:54.633+0000] {logging_mixin.py:188} INFO - [2026-08-15T22:46:54.632+0000] {dag.py:3089} INFO - Sync 1 DAGs
[2026-08-15T22:46:54.656+0000] {logging_mixin.py:188} INFO - [2026-08-15T22:46:54.656+0000] {dag.py:3947} INFO - Setting next_dagrun for nyc_taxi_ingest to None, run_after=None
[2026-08-15T22:46:54.676+0000] {processor.py:183} INFO - Processing /opt/airflow/dags/nyc_taxi_ingest.py took 0.602 seconds
[2026-08-15T22:47:24.899+0000] {processor.py:161} INFO - Started process (PID=450) to work on /opt/airflow/dags/nyc_taxi_ingest.py
[2026-08-15T22:47:24.900+0000] {processor.py:830} INFO - Processing file /opt/airflow/dags/nyc_taxi_ingest.py for tasks to queue
[2026-08-15T22:47:24.902+0000] {logging_mixin.py:188} INFO - [2026-08-15T22:47:24.902+0000] {dagbag.py:545} INFO - Filling up the DagBag from /opt/airflow/dags/nyc_taxi_ingest.py
[2026-08-15T22:47:25.464+0000] {processor.py:840} INFO - DAG(s) 'nyc_taxi_ingest' retrieved from /opt/airflow/dags/nyc_taxi_ingest.py
[2026-08-15T22:47:25.500+0000] {logging_mixin.py:188} INFO - [2026-08-15T22:47:25.499+0000] {dag.py:3089} INFO - Sync 1 DAGs
[2026-08-15T22:47:25.522+0000] {logging_mixin.py:188} INFO - [2026-08-15T22:47:25.521+0000] {dag.py:3947} INFO - Setting next_dagrun for nyc_taxi_ingest to None, run_after=None
[2026-08-15T22:47:25.546+0000] {processor.py:183} INFO - Processing /opt/airflow/dags/nyc_taxi_ingest.py took 0.654 seconds
[2026-08-15T22:47:55.818+0000] {processor.py:161} INFO - Started process (PID=452) to work on /opt/airflow/dags/nyc_taxi_ingest.py
[2026-08-15T22:47:55.820+0000] {processor.py:830} INFO - Processing file /opt/airflow/dags/nyc_taxi_ingest.py for tasks to queue
[2026-08-15T22:47:55.823+0000] {logging_mixin.py:188} INFO - [2026-08-15T22:47:55.822+0000] {dagbag.py:545} INFO - Filling up the DagBag from /opt/airflow/dags/nyc_taxi_ingest.py
[2026-08-15T22:47:56.409+0000] {processor.py:840} INFO - DAG(s) 'nyc_taxi_ingest' retrieved from /opt/airflow/dags/nyc_taxi_ingest.py
[2026-08-15T22:47:56.444+0000] {logging_mixin.py:188} INFO - [2026-08-15T22:47:56.443+0000] {dag.py:3089} INFO - Sync 1 DAGs
[2026-08-15T22:47:56.487+0000] {logging_mixin.py:188} INFO - [2026-08-15T22:47:56.486+0000] {dag.py:3947} INFO - Setting next_dagrun for nyc_taxi_ingest to None, run_after=None
[2026-08-15T22:47:56.528+0000] {processor.py:183} INFO - Processing /opt/airflow/dags/nyc_taxi_ingest.py took 0.718 seconds
[2026-08-15T22:48:26.794+0000] {processor.py:161} INFO - Started process (PID=454) to work on /opt/airflow/dags/nyc_taxi_ingest.py
[2026-08-15T22:48:26.796+0000] {processor.py:830} INFO - Processing file /opt/airflow/dags/nyc_taxi_ingest.py for tasks to queue
[2026-08-15T22:48:26.798+0000] {logging_mixin.py:188} INFO - [2026-08-15T22:48:26.798+0000] {dagbag.py:545} INFO - Filling up the DagBag from /opt/airflow/dags/nyc_taxi_ingest.py
[2026-08-15T22:48:27.550+0000] {processor.py:840} INFO - DAG(s) 'nyc_taxi_ingest' retrieved from /opt/airflow/dags/nyc_taxi_ingest.py
[2026-08-15T22:48:27.588+0000] {logging_mixin.py:188} INFO - [2026-08-15T22:48:27.588+0000] {dag.py:3089} INFO - Sync 1 DAGs
[2026-08-15T22:48:27.614+0000] {logging_mixin.py:188} INFO - [2026-08-15T22:48:27.613+0000] {dag.py:3947} INFO - Setting next_dagrun for nyc_taxi_ingest to None, run_after=None
[2026-08-15T22:48:27.640+0000] {processor.py:183} INFO - Processing /opt/airflow/dags/nyc_taxi_ingest.py took 0.854 seconds
[2026-08-15T22:48:57.923+0000] {processor.py:161} INFO - Started process (PID=456) to work on /opt/airflow/dags/nyc_taxi_ingest.py
[2026-08-15T22:48:57.925+0000] {processor.py:830} INFO - Processing file /opt/airflow/dags/nyc_taxi_ingest.py for tasks to queue
[2026-08-15T22:48:57.927+0000] {logging_mixin.py:188} INFO - [2026-08-15T22:48:57.927+0000] {dagbag.py:545} INFO - Filling up the DagBag from /opt/airflow/dags/nyc_taxi_ingest.py
[2026-08-15T22:48:58.501+0000] {processor.py:840} INFO - DAG(s) 'nyc_taxi_ingest' retrieved from /opt/airflow/dags/nyc_taxi_ingest.py
[2026-08-15T22:48:58.529+0000] {logging_mixin.py:188} INFO - [2026-08-15T22:48:58.529+0000] {dag.py:3089} INFO - Sync 1 DAGs
[2026-08-15T22:48:58.552+0000] {logging_mixin.py:188} INFO - [2026-08-15T22:48:58.552+0000] {dag.py:3947} INFO - Setting next_dagrun for nyc_taxi_ingest to None, run_after=None
[2026-08-15T22:48:58.576+0000] {processor.py:183} INFO - Processing /opt/airflow/dags/nyc_taxi_ingest.py took 0.661 seconds
[2026-08-15T22:49:28.691+0000] {processor.py:161} INFO - Started process (PID=458) to work on /opt/airflow/dags/nyc_taxi_ingest.py
[2026-08-15T22:49:28.693+0000] {processor.py:830} INFO - Processing file /opt/airflow/dags/nyc_taxi_ingest.py for tasks to queue
[2026-08-15T22:49:28.695+0000] {logging_mixin.py:188} INFO - [2026-08-15T22:49:28.694+0000] {dagbag.py:545} INFO - Filling up the DagBag from /opt/airflow/dags/nyc_taxi_ingest.py
[2026-08-15T22:49:29.236+0000] {processor.py:840} INFO - DAG(s) 'nyc_taxi_ingest' retrieved from /opt/airflow/dags/nyc_taxi_ingest.py
[2026-08-15T22:49:29.269+0000] {logging_mixin.py:188} INFO - [2026-08-15T22:49:29.268+0000] {dag.py:3089} INFO - Sync 1 DAGs
[2026-08-15T22:49:29.288+0000] {logging_mixin.py:188} INFO - [2026-08-15T22:49:29.288+0000] {dag.py:3947} INFO - Setting next_dagrun for nyc_taxi_ingest to None, run_after=None
[2026-08-15T22:49:29.310+0000] {processor.py:183} INFO - Processing /opt/airflow/dags/nyc_taxi_ingest.py took 0.625 seconds
[2026-08-15T22:49:59.564+0000] {processor.py:161} INFO - Started process (PID=460) to work on /opt/airflow/dags/nyc_taxi_ingest.py
[2026-08-15T22:49:59.565+0000] {processor.py:830} INFO - Processing file /opt/airflow/dags/nyc_taxi_ingest.py for tasks to queue
[2026-08-15T22:49:59.567+0000] {logging_mixin.py:188} INFO - [2026-08-15T22:49:59.567+0000] {dagbag.py:545} INFO - Filling up the DagBag from /opt/airflow/dags/nyc_taxi_ingest.py
[2026-08-15T22:50:00.121+0000] {processor.py:840} INFO - DAG(s) 'nyc_taxi_ingest' retrieved from /opt/airflow/dags/nyc_taxi_ingest.py
[2026-08-15T22:50:00.190+0000] {logging_mixin.py:188} INFO - [2026-08-15T22:50:00.189+0000] {dag.py:3089} INFO - Sync 1 DAGs
[2026-08-15T22:50:00.219+0000] {logging_mixin.py:188} INFO - [2026-08-15T22:50:00.219+0000] {dag.py:3947} INFO - Setting next_dagrun for nyc_taxi_ingest to None, run_after=None
[2026-08-15T22:50:00.242+0000] {processor.py:183} INFO - Processing /opt/airflow/dags/nyc_taxi_ingest.py took 0.686 seconds
[2026-08-15T22:50:30.518+0000] {processor.py:161} INFO - Started process (PID=462) to work on /opt/airflow/dags/nyc_taxi_ingest.py
[2026-08-15T22:50:30.520+0000] {processor.py:830} INFO - Processing file /opt/airflow/dags/nyc_taxi_ingest.py for tasks to queue
[2026-08-15T22:50:30.525+0000] {logging_mixin.py:188} INFO - [2026-08-15T22:50:30.524+0000] {dagbag.py:545} INFO - Filling up the DagBag from /opt/airflow/dags/nyc_taxi_ingest.py
[2026-08-15T22:50:31.268+0000] {processor.py:840} INFO - DAG(s) 'nyc_taxi_ingest' retrieved from /opt/airflow/dags/nyc_taxi_ingest.py
[2026-08-15T22:50:31.313+0000] {logging_mixin.py:188} INFO - [2026-08-15T22:50:31.312+0000] {dag.py:3089} INFO - Sync 1 DAGs
[2026-08-15T22:50:31.337+0000] {logging_mixin.py:188} INFO - [2026-08-15T22:50:31.336+0000] {dag.py:3947} INFO - Setting next_dagrun for nyc_taxi_ingest to None, run_after=None
[2026-08-15T22:50:31.363+0000] {processor.py:183} INFO - Processing /opt/airflow/dags/nyc_taxi_ingest.py took 0.856 seconds
[2026-08-15T22:51:01.623+0000] {processor.py:161} INFO - Started process (PID=464) to work on /opt/airflow/dags/nyc_taxi_ingest.py
[2026-08-15T22:51:01.625+0000] {processor.py:830} INFO - Processing file /opt/airflow/dags/nyc_taxi_ingest.py for tasks to queue
[2026-08-15T22:51:01.628+0000] {logging_mixin.py:188} INFO - [2026-08-15T22:51:01.627+0000] {dagbag.py:545} INFO - Filling up the DagBag from /opt/airflow/dags/nyc_taxi_ingest.py
[2026-08-15T22:51:02.219+0000] {processor.py:840} INFO - DAG(s) 'nyc_taxi_ingest' retrieved from /opt/airflow/dags/nyc_taxi_ingest.py
[2026-08-15T22:51:02.245+0000] {logging_mixin.py:188} INFO - [2026-08-15T22:51:02.245+0000] {dag.py:3089} INFO - Sync 1 DAGs
[2026-08-15T22:51:02.266+0000] {logging_mixin.py:188} INFO - [2026-08-15T22:51:02.265+0000] {dag.py:3947} INFO - Setting next_dagrun for nyc_taxi_ingest to None, run_after=None
[2026-08-15T22:51:02.287+0000] {processor.py:183} INFO - Processing /opt/airflow/dags/nyc_taxi_ingest.py took 0.680 seconds
[2026-08-15T22:51:32.600+0000] {processor.py:161} INFO - Started process (PID=466) to work on /opt/airflow/dags/nyc_taxi_ingest.py
[2026-08-15T22:51:32.601+0000] {processor.py:830} INFO - Processing file /opt/airflow/dags/nyc_taxi_ingest.py for tasks to queue
[2026-08-15T22:51:32.604+0000] {logging_mixin.py:188} INFO - [2026-08-15T22:51:32.603+0000] {dagbag.py:545} INFO - Filling up the DagBag from /opt/airflow/dags/nyc_taxi_ingest.py
[2026-08-15T22:51:33.161+0000] {processor.py:840} INFO - DAG(s) 'nyc_taxi_ingest' retrieved from /opt/airflow/dags/nyc_taxi_ingest.py
[2026-08-15T22:51:33.192+0000] {logging_mixin.py:188} INFO - [2026-08-15T22:51:33.192+0000] {dag.py:3089} INFO - Sync 1 DAGs
[2026-08-15T22:51:33.212+0000] {logging_mixin.py:188} INFO - [2026-08-15T22:51:33.211+0000] {dag.py:3947} INFO - Setting next_dagrun for nyc_taxi_ingest to None, run_after=None
[2026-08-15T22:51:33.233+0000] {processor.py:183} INFO - Processing /opt/airflow/dags/nyc_taxi_ingest.py took 0.644 seconds
[2026-08-15T22:52:03.498+0000] {processor.py:161} INFO - Started process (PID=468) to work on /opt/airflow/dags/nyc_taxi_ingest.py
[2026-08-15T22:52:03.499+0000] {processor.py:830} INFO - Processing file /opt/airflow/dags/nyc_taxi_ingest.py for tasks to queue
[2026-08-15T22:52:03.501+0000] {logging_mixin.py:188} INFO - [2026-08-15T22:52:03.501+0000] {dagbag.py:545} INFO - Filling up the DagBag from /opt/airflow/dags/nyc_taxi_ingest.py
[2026-08-15T22:52:04.103+0000] {processor.py:840} INFO - DAG(s) 'nyc_taxi_ingest' retrieved from /opt/airflow/dags/nyc_taxi_ingest.py
[2026-08-15T22:52:04.137+0000] {logging_mixin.py:188} INFO - [2026-08-15T22:52:04.137+0000] {dag.py:3089} INFO - Sync 1 DAGs
[2026-08-15T22:52:04.172+0000] {logging_mixin.py:188} INFO - [2026-08-15T22:52:04.171+0000] {dag.py:3947} INFO - Setting next_dagrun for nyc_taxi_ingest to None, run_after=None
[2026-08-15T22:52:04.205+0000] {processor.py:183} INFO - Processing /opt/airflow/dags/nyc_taxi_ingest.py took 0.715 seconds
[2026-08-15T22:52:34.633+0000] {processor.py:161} INFO - Started process (PID=470) to work on /opt/airflow/dags/nyc_taxi_ingest.py
[2026-08-15T22:52:34.640+0000] {processor.py:830} INFO - Processing file /opt/airflow/dags/nyc_taxi_ingest.py for tasks to queue
[2026-08-15T22:52:34.652+0000] {logging_mixin.py:188} INFO - [2026-08-15T22:52:34.649+0000] {dagbag.py:545} INFO - Filling up the DagBag from /opt/airflow/dags/nyc_taxi_ingest.py
[2026-08-15T22:52:36.961+0000] {processor.py:840} INFO - DAG(s) 'nyc_taxi_ingest' retrieved from /opt/airflow/dags/nyc_taxi_ingest.py
[2026-08-15T22:52:37.065+0000] {logging_mixin.py:188} INFO - [2026-08-15T22:52:37.063+0000] {dag.py:3089} INFO - Sync 1 DAGs
[2026-08-15T22:52:37.143+0000] {logging_mixin.py:188} INFO - [2026-08-15T22:52:37.142+0000] {dag.py:3947} INFO - Setting next_dagrun for nyc_taxi_ingest to None, run_after=None
[2026-08-15T22:52:37.190+0000] {processor.py:183} INFO - Processing /opt/airflow/dags/nyc_taxi_ingest.py took 2.597 seconds
[2026-08-15T22:53:07.453+0000] {processor.py:161} INFO - Started process (PID=472) to work on /opt/airflow/dags/nyc_taxi_ingest.py
[2026-08-15T22:53:07.454+0000] {processor.py:830} INFO - Processing file /opt/airflow/dags/nyc_taxi_ingest.py for tasks to queue
[2026-08-15T22:53:07.457+0000] {logging_mixin.py:188} INFO - [2026-08-15T22:53:07.456+0000] {dagbag.py:545} INFO - Filling up the DagBag from /opt/airflow/dags/nyc_taxi_ingest.py
[2026-08-15T22:53:07.980+0000] {processor.py:840} INFO - DAG(s) 'nyc_taxi_ingest' retrieved from /opt/airflow/dags/nyc_taxi_ingest.py
[2026-08-15T22:53:08.012+0000] {logging_mixin.py:188} INFO - [2026-08-15T22:53:08.012+0000] {dag.py:3089} INFO - Sync 1 DAGs
[2026-08-15T22:53:08.034+0000] {logging_mixin.py:188} INFO - [2026-08-15T22:53:08.034+0000] {dag.py:3947} INFO - Setting next_dagrun for nyc_taxi_ingest to None, run_after=None
[2026-08-15T22:53:08.059+0000] {processor.py:183} INFO - Processing /opt/airflow/dags/nyc_taxi_ingest.py took 0.616 seconds
[2026-08-15T22:53:38.305+0000] {processor.py:161} INFO - Started process (PID=474) to work on /opt/airflow/dags/nyc_taxi_ingest.py
[2026-08-15T22:53:38.307+0000] {processor.py:830} INFO - Processing file /opt/airflow/dags/nyc_taxi_ingest.py for tasks to queue
[2026-08-15T22:53:38.310+0000] {logging_mixin.py:188} INFO - [2026-08-15T22:53:38.310+0000] {dagbag.py:545} INFO - Filling up the DagBag from /opt/airflow/dags/nyc_taxi_ingest.py
[2026-08-15T22:53:38.926+0000] {processor.py:840} INFO - DAG(s) 'nyc_taxi_ingest' retrieved from /opt/airflow/dags/nyc_taxi_ingest.py
[2026-08-15T22:53:38.961+0000] {logging_mixin.py:188} INFO - [2026-08-15T22:53:38.960+0000] {dag.py:3089} INFO - Sync 1 DAGs
[2026-08-15T22:53:38.982+0000] {logging_mixin.py:188} INFO - [2026-08-15T22:53:38.982+0000] {dag.py:3947} INFO - Setting next_dagrun for nyc_taxi_ingest to None, run_after=None
[2026-08-15T22:53:39.008+0000] {processor.py:183} INFO - Processing /opt/airflow/dags/nyc_taxi_ingest.py took 0.712 seconds
[2026-08-15T22:54:09.322+0000] {processor.py:161} INFO - Started process (PID=476) to work on /opt/airflow/dags/nyc_taxi_ingest.py
[2026-08-15T22:54:09.325+0000] {processor.py:830} INFO - Processing file /opt/airflow/dags/nyc_taxi_ingest.py for tasks to queue
[2026-08-15T22:54:09.329+0000] {logging_mixin.py:188} INFO - [2026-08-15T22:54:09.328+0000] {dagbag.py:545} INFO - Filling up the DagBag from /opt/airflow/dags/nyc_taxi_ingest.py
[2026-08-15T22:54:10.211+0000] {processor.py:840} INFO - DAG(s) 'nyc_taxi_ingest' retrieved from /opt/airflow/dags/nyc_taxi_ingest.py
[2026-08-15T22:54:10.242+0000] {logging_mixin.py:188} INFO - [2026-08-15T22:54:10.241+0000] {dag.py:3089} INFO - Sync 1 DAGs
[2026-08-15T22:54:10.267+0000] {logging_mixin.py:188} INFO - [2026-08-15T22:54:10.267+0000] {dag.py:3947} INFO - Setting next_dagrun for nyc_taxi_ingest to None, run_after=None
[2026-08-15T22:54:10.287+0000] {processor.py:183} INFO - Processing /opt/airflow/dags/nyc_taxi_ingest.py took 0.977 seconds
[2026-08-15T22:54:40.522+0000] {processor.py:161} INFO - Started process (PID=478) to work on /opt/airflow/dags/nyc_taxi_ingest.py
[2026-08-15T22:54:40.523+0000] {processor.py:830} INFO - Processing file /opt/airflow/dags/nyc_taxi_ingest.py for tasks to queue
[2026-08-15T22:54:40.526+0000] {logging_mixin.py:188} INFO - [2026-08-15T22:54:40.526+0000] {dagbag.py:545} INFO - Filling up the DagBag from /opt/airflow/dags/nyc_taxi_ingest.py
[2026-08-15T22:54:41.141+0000] {processor.py:840} INFO - DAG(s) 'nyc_taxi_ingest' retrieved from /opt/airflow/dags/nyc_taxi_ingest.py
[2026-08-15T22:54:41.253+0000] {logging_mixin.py:188} INFO - [2026-08-15T22:54:41.252+0000] {dag.py:3089} INFO - Sync 1 DAGs
[2026-08-15T22:54:41.303+0000] {logging_mixin.py:188} INFO - [2026-08-15T22:54:41.302+0000] {dag.py:3947} INFO - Setting next_dagrun for nyc_taxi_ingest to None, run_after=None
[2026-08-15T22:54:41.325+0000] {processor.py:183} INFO - Processing /opt/airflow/dags/nyc_taxi_ingest.py took 0.812 seconds
[2026-08-15T22:55:11.673+0000] {processor.py:161} INFO - Started process (PID=480) to work on /opt/airflow/dags/nyc_taxi_ingest.py
[2026-08-15T22:55:11.675+0000] {processor.py:830} INFO - Processing file /opt/airflow/dags/nyc_taxi_ingest.py for tasks to queue
[2026-08-15T22:55:11.677+0000] {logging_mixin.py:188} INFO - [2026-08-15T22:55:11.677+0000] {dagbag.py:545} INFO - Filling up the DagBag from /opt/airflow/dags/nyc_taxi_ingest.py
[2026-08-15T22:55:12.276+0000] {processor.py:840} INFO - DAG(s) 'nyc_taxi_ingest' retrieved from /opt/airflow/dags/nyc_taxi_ingest.py
[2026-08-15T22:55:12.309+0000] {logging_mixin.py:188} INFO - [2026-08-15T22:55:12.308+0000] {dag.py:3089} INFO - Sync 1 DAGs
[2026-08-15T22:55:12.333+0000] {logging_mixin.py:188} INFO - [2026-08-15T22:55:12.333+0000] {dag.py:3947} INFO - Setting next_dagrun for nyc_taxi_ingest to None, run_after=None
[2026-08-15T22:55:12.361+0000] {processor.py:183} INFO - Processing /opt/airflow/dags/nyc_taxi_ingest.py took 0.701 seconds
[2026-08-15T22:55:42.630+0000] {processor.py:161} INFO - Started process (PID=482) to work on /opt/airflow/dags/nyc_taxi_ingest.py
[2026-08-15T22:55:42.631+0000] {processor.py:830} INFO - Processing file /opt/airflow/dags/nyc_taxi_ingest.py for tasks to queue
[2026-08-15T22:55:42.636+0000] {logging_mixin.py:188} INFO - [2026-08-15T22:55:42.635+0000] {dagbag.py:545} INFO - Filling up the DagBag from /opt/airflow/dags/nyc_taxi_ingest.py
[2026-08-15T22:55:43.231+0000] {processor.py:840} INFO - DAG(s) 'nyc_taxi_ingest' retrieved from /opt/airflow/dags/nyc_taxi_ingest.py
[2026-08-15T22:55:43.263+0000] {logging_mixin.py:188} INFO - [2026-08-15T22:55:43.263+0000] {dag.py:3089} INFO - Sync 1 DAGs
[2026-08-15T22:55:43.286+0000] {logging_mixin.py:188} INFO - [2026-08-15T22:55:43.286+0000] {dag.py:3947} INFO - Setting next_dagrun for nyc_taxi_ingest to None, run_after=None
[2026-08-15T22:55:43.308+0000] {processor.py:183} INFO - Processing /opt/airflow/dags/nyc_taxi_ingest.py took 0.689 seconds
[2026-08-15T22:56:13.673+0000] {processor.py:161} INFO - Started process (PID=484) to work on /opt/airflow/dags/nyc_taxi_ingest.py
[2026-08-15T22:56:13.674+0000] {processor.py:830} INFO - Processing file /opt/airflow/dags/nyc_taxi_ingest.py for tasks to queue
[2026-08-15T22:56:13.676+0000] {logging_mixin.py:188} INFO - [2026-08-15T22:56:13.676+0000] {dagbag.py:545} INFO - Filling up the DagBag from /opt/airflow/dags/nyc_taxi_ingest.py
[2026-08-15T22:56:14.166+0000] {processor.py:840} INFO - DAG(s) 'nyc_taxi_ingest' retrieved from /opt/airflow/dags/nyc_taxi_ingest.py
[2026-08-15T22:56:14.190+0000] {logging_mixin.py:188} INFO - [2026-08-15T22:56:14.190+0000] {dag.py:3089} INFO - Sync 1 DAGs
[2026-08-15T22:56:14.209+0000] {logging_mixin.py:188} INFO - [2026-08-15T22:56:14.209+0000] {dag.py:3947} INFO - Setting next_dagrun for nyc_taxi_ingest to None, run_after=None
[2026-08-15T22:56:14.235+0000] {processor.py:183} INFO - Processing /opt/airflow/dags/nyc_taxi_ingest.py took 0.569 seconds
[2026-08-15T22:56:44.400+0000] {processor.py:161} INFO - Started process (PID=486) to work on /opt/airflow/dags/nyc_taxi_ingest.py
[2026-08-15T22:56:44.401+0000] {processor.py:830} INFO - Processing file /opt/airflow/dags/nyc_taxi_ingest.py for tasks to queue
[2026-08-15T22:56:44.404+0000] {logging_mixin.py:188} INFO - [2026-08-15T22:56:44.403+0000] {dagbag.py:545} INFO - Filling up the DagBag from /opt/airflow/dags/nyc_taxi_ingest.py
[2026-08-15T22:56:44.922+0000] {processor.py:840} INFO - DAG(s) 'nyc_taxi_ingest' retrieved from /opt/airflow/dags/nyc_taxi_ingest.py
[2026-08-15T22:56:44.952+0000] {logging_mixin.py:188} INFO - [2026-08-15T22:56:44.951+0000] {dag.py:3089} INFO - Sync 1 DAGs
[2026-08-15T22:56:44.970+0000] {logging_mixin.py:188} INFO - [2026-08-15T22:56:44.970+0000] {dag.py:3947} INFO - Setting next_dagrun for nyc_taxi_ingest to None, run_after=None
[2026-08-15T22:56:44.989+0000] {processor.py:183} INFO - Processing /opt/airflow/dags/nyc_taxi_ingest.py took 0.595 seconds
[2026-08-15T22:57:15.313+0000] {processor.py:161} INFO - Started process (PID=488) to work on /opt/airflow/dags/nyc_taxi_ingest.py
[2026-08-15T22:57:15.314+0000] {processor.py:830} INFO - Processing file /opt/airflow/dags/nyc_taxi_ingest.py for tasks to queue
[2026-08-15T22:57:15.320+0000] {logging_mixin.py:188} INFO - [2026-08-15T22:57:15.319+0000] {dagbag.py:545} INFO - Filling up the DagBag from /opt/airflow/dags/nyc_taxi_ingest.py
[2026-08-15T22:57:15.840+0000] {processor.py:840} INFO - DAG(s) 'nyc_taxi_ingest' retrieved from /opt/airflow/dags/nyc_taxi_ingest.py
[2026-08-15T22:57:15.882+0000] {logging_mixin.py:188} INFO - [2026-08-15T22:57:15.881+0000] {dag.py:3089} INFO - Sync 1 DAGs
[2026-08-15T22:57:15.916+0000] {logging_mixin.py:188} INFO - [2026-08-15T22:57:15.916+0000] {dag.py:3947} INFO - Setting next_dagrun for nyc_taxi_ingest to None, run_after=None
[2026-08-15T22:57:15.942+0000] {processor.py:183} INFO - Processing /opt/airflow/dags/nyc_taxi_ingest.py took 0.641 seconds
[2026-08-15T22:57:46.223+0000] {processor.py:161} INFO - Started process (PID=490) to work on /opt/airflow/dags/nyc_taxi_ingest.py
[2026-08-15T22:57:46.224+0000] {processor.py:830} INFO - Processing file /opt/airflow/dags/nyc_taxi_ingest.py for tasks to queue
[2026-08-15T22:57:46.226+0000] {logging_mixin.py:188} INFO - [2026-08-15T22:57:46.226+0000] {dagbag.py:545} INFO - Filling up the DagBag from /opt/airflow/dags/nyc_taxi_ingest.py
[2026-08-15T22:57:46.799+0000] {processor.py:840} INFO - DAG(s) 'nyc_taxi_ingest' retrieved from /opt/airflow/dags/nyc_taxi_ingest.py
[2026-08-15T22:57:46.823+0000] {logging_mixin.py:188} INFO - [2026-08-15T22:57:46.823+0000] {dag.py:3089} INFO - Sync 1 DAGs
[2026-08-15T22:57:46.842+0000] {logging_mixin.py:188} INFO - [2026-08-15T22:57:46.842+0000] {dag.py:3947} INFO - Setting next_dagrun for nyc_taxi_ingest to None, run_after=None
[2026-08-15T22:57:46.862+0000] {processor.py:183} INFO - Processing /opt/airflow/dags/nyc_taxi_ingest.py took 0.647 seconds
[2026-08-15T22:58:17.144+0000] {processor.py:161} INFO - Started process (PID=492) to work on /opt/airflow/dags/nyc_taxi_ingest.py
[2026-08-15T22:58:17.145+0000] {processor.py:830} INFO - Processing file /opt/airflow/dags/nyc_taxi_ingest.py for tasks to queue
[2026-08-15T22:58:17.148+0000] {logging_mixin.py:188} INFO - [2026-08-15T22:58:17.147+0000] {dagbag.py:545} INFO - Filling up the DagBag from /opt/airflow/dags/nyc_taxi_ingest.py
[2026-08-15T22:58:17.830+0000] {processor.py:840} INFO - DAG(s) 'nyc_taxi_ingest' retrieved from /opt/airflow/dags/nyc_taxi_ingest.py
[2026-08-15T22:58:17.867+0000] {logging_mixin.py:188} INFO - [2026-08-15T22:58:17.866+0000] {dag.py:3089} INFO - Sync 1 DAGs
[2026-08-15T22:58:17.894+0000] {logging_mixin.py:188} INFO - [2026-08-15T22:58:17.894+0000] {dag.py:3947} INFO - Setting next_dagrun for nyc_taxi_ingest to None, run_after=None
[2026-08-15T22:58:17.920+0000] {processor.py:183} INFO - Processing /opt/airflow/dags/nyc_taxi_ingest.py took 0.783 seconds
[2026-08-15T22:58:48.294+0000] {processor.py:161} INFO - Started process (PID=494) to work on /opt/airflow/dags/nyc_taxi_ingest.py
[2026-08-15T22:58:48.297+0000] {processor.py:830} INFO - Processing file /opt/airflow/dags/nyc_taxi_ingest.py for tasks to queue
[2026-08-15T22:58:48.301+0000] {logging_mixin.py:188} INFO - [2026-08-15T22:58:48.301+0000] {dagbag.py:545} INFO - Filling up the DagBag from /opt/airflow/dags/nyc_taxi_ingest.py
[2026-08-15T22:58:49.216+0000] {processor.py:840} INFO - DAG(s) 'nyc_taxi_ingest' retrieved from /opt/airflow/dags/nyc_taxi_ingest.py
[2026-08-15T22:58:49.276+0000] {logging_mixin.py:188} INFO - [2026-08-15T22:58:49.276+0000] {dag.py:3089} INFO - Sync 1 DAGs
[2026-08-15T22:58:49.323+0000] {logging_mixin.py:188} INFO - [2026-08-15T22:58:49.322+0000] {dag.py:3947} INFO - Setting next_dagrun for nyc_taxi_ingest to None, run_after=None
[2026-08-15T22:58:49.386+0000] {processor.py:183} INFO - Processing /opt/airflow/dags/nyc_taxi_ingest.py took 1.101 seconds
[2026-08-15T22:59:19.720+0000] {processor.py:161} INFO - Started process (PID=496) to work on /opt/airflow/dags/nyc_taxi_ingest.py
[2026-08-15T22:59:19.726+0000] {processor.py:830} INFO - Processing file /opt/airflow/dags/nyc_taxi_ingest.py for tasks to queue
[2026-08-15T22:59:19.735+0000] {logging_mixin.py:188} INFO - [2026-08-15T22:59:19.734+0000] {dagbag.py:545} INFO - Filling up the DagBag from /opt/airflow/dags/nyc_taxi_ingest.py
[2026-08-15T22:59:21.410+0000] {processor.py:840} INFO - DAG(s) 'nyc_taxi_ingest' retrieved from /opt/airflow/dags/nyc_taxi_ingest.py
[2026-08-15T22:59:21.487+0000] {logging_mixin.py:188} INFO - [2026-08-15T22:59:21.486+0000] {dag.py:3089} INFO - Sync 1 DAGs
[2026-08-15T22:59:21.538+0000] {logging_mixin.py:188} INFO - [2026-08-15T22:59:21.538+0000] {dag.py:3947} INFO - Setting next_dagrun for nyc_taxi_ingest to None, run_after=None
[2026-08-15T22:59:21.585+0000] {processor.py:183} INFO - Processing /opt/airflow/dags/nyc_taxi_ingest.py took 1.886 seconds
[2026-08-15T22:59:51.963+0000] {processor.py:161} INFO - Started process (PID=498) to work on /opt/airflow/dags/nyc_taxi_ingest.py
[2026-08-15T22:59:51.966+0000] {processor.py:830} INFO - Processing file /opt/airflow/dags/nyc_taxi_ingest.py for tasks to queue
[2026-08-15T22:59:51.972+0000] {logging_mixin.py:188} INFO - [2026-08-15T22:59:51.971+0000] {dagbag.py:545} INFO - Filling up the DagBag from /opt/airflow/dags/nyc_taxi_ingest.py
[2026-08-15T22:59:53.206+0000] {processor.py:840} INFO - DAG(s) 'nyc_taxi_ingest' retrieved from /opt/airflow/dags/nyc_taxi_ingest.py
[2026-08-15T22:59:53.253+0000] {logging_mixin.py:188} INFO - [2026-08-15T22:59:53.252+0000] {dag.py:3089} INFO - Sync 1 DAGs
[2026-08-15T22:59:53.289+0000] {logging_mixin.py:188} INFO - [2026-08-15T22:59:53.289+0000] {dag.py:3947} INFO - Setting next_dagrun for nyc_taxi_ingest to None, run_after=None
[2026-08-15T22:59:53.322+0000] {processor.py:183} INFO - Processing /opt/airflow/dags/nyc_taxi_ingest.py took 1.376 seconds
[2026-08-15T23:00:23.746+0000] {processor.py:161} INFO - Started process (PID=500) to work on /opt/airflow/dags/nyc_taxi_ingest.py
[2026-08-15T23:00:23.748+0000] {processor.py:830} INFO - Processing file /opt/airflow/dags/nyc_taxi_ingest.py for tasks to queue
[2026-08-15T23:00:23.752+0000] {logging_mixin.py:188} INFO - [2026-08-15T23:00:23.752+0000] {dagbag.py:545} INFO - Filling up the DagBag from /opt/airflow/dags/nyc_taxi_ingest.py
[2026-08-15T23:00:24.876+0000] {processor.py:840} INFO - DAG(s) 'nyc_taxi_ingest' retrieved from /opt/airflow/dags/nyc_taxi_ingest.py
[2026-08-15T23:00:24.968+0000] {logging_mixin.py:188} INFO - [2026-08-15T23:00:24.968+0000] {dag.py:3089} INFO - Sync 1 DAGs
[2026-08-15T23:00:25.018+0000] {logging_mixin.py:188} INFO - [2026-08-15T23:00:25.017+0000] {dag.py:3947} INFO - Setting next_dagrun for nyc_taxi_ingest to None, run_after=None
[2026-08-15T23:00:25.114+0000] {processor.py:183} INFO - Processing /opt/airflow/dags/nyc_taxi_ingest.py took 1.385 seconds
[2026-08-15T23:00:55.442+0000] {processor.py:161} INFO - Started process (PID=502) to work on /opt/airflow/dags/nyc_taxi_ingest.py
[2026-08-15T23:00:55.444+0000] {processor.py:830} INFO - Processing file /opt/airflow/dags/nyc_taxi_ingest.py for tasks to queue
[2026-08-15T23:00:55.449+0000] {logging_mixin.py:188} INFO - [2026-08-15T23:00:55.448+0000] {dagbag.py:545} INFO - Filling up the DagBag from /opt/airflow/dags/nyc_taxi_ingest.py
[2026-08-15T23:00:56.277+0000] {processor.py:840} INFO - DAG(s) 'nyc_taxi_ingest' retrieved from /opt/airflow/dags/nyc_taxi_ingest.py
[2026-08-15T23:00:56.332+0000] {logging_mixin.py:188} INFO - [2026-08-15T23:00:56.331+0000] {dag.py:3089} INFO - Sync 1 DAGs
[2026-08-15T23:00:56.366+0000] {logging_mixin.py:188} INFO - [2026-08-15T23:00:56.366+0000] {dag.py:3947} INFO - Setting next_dagrun for nyc_taxi_ingest to None, run_after=None
[2026-08-15T23:00:56.405+0000] {processor.py:183} INFO - Processing /opt/airflow/dags/nyc_taxi_ingest.py took 0.975 seconds
[2026-08-15T23:01:26.682+0000] {processor.py:161} INFO - Started process (PID=504) to work on /opt/airflow/dags/nyc_taxi_ingest.py
[2026-08-15T23:01:26.684+0000] {processor.py:830} INFO - Processing file /opt/airflow/dags/nyc_taxi_ingest.py for tasks to queue
[2026-08-15T23:01:26.688+0000] {logging_mixin.py:188} INFO - [2026-08-15T23:01:26.687+0000] {dagbag.py:545} INFO - Filling up the DagBag from /opt/airflow/dags/nyc_taxi_ingest.py
[2026-08-15T23:01:27.508+0000] {processor.py:840} INFO - DAG(s) 'nyc_taxi_ingest' retrieved from /opt/airflow/dags/nyc_taxi_ingest.py
[2026-08-15T23:01:27.544+0000] {logging_mixin.py:188} INFO - [2026-08-15T23:01:27.543+0000] {dag.py:3089} INFO - Sync 1 DAGs
[2026-08-15T23:01:27.569+0000] {logging_mixin.py:188} INFO - [2026-08-15T23:01:27.569+0000] {dag.py:3947} INFO - Setting next_dagrun for nyc_taxi_ingest to None, run_after=None
[2026-08-15T23:01:27.598+0000] {processor.py:183} INFO - Processing /opt/airflow/dags/nyc_taxi_ingest.py took 0.927 seconds
[2026-08-15T23:01:57.894+0000] {processor.py:161} INFO - Started process (PID=506) to work on /opt/airflow/dags/nyc_taxi_ingest.py
[2026-08-15T23:01:57.896+0000] {processor.py:830} INFO - Processing file /opt/airflow/dags/nyc_taxi_ingest.py for tasks to queue
[2026-08-15T23:01:57.901+0000] {logging_mixin.py:188} INFO - [2026-08-15T23:01:57.901+0000] {dagbag.py:545} INFO - Filling up the DagBag from /opt/airflow/dags/nyc_taxi_ingest.py
[2026-08-15T23:01:58.712+0000] {processor.py:840} INFO - DAG(s) 'nyc_taxi_ingest' retrieved from /opt/airflow/dags/nyc_taxi_ingest.py
[2026-08-15T23:01:58.754+0000] {logging_mixin.py:188} INFO - [2026-08-15T23:01:58.753+0000] {dag.py:3089} INFO - Sync 1 DAGs
[2026-08-15T23:01:58.783+0000] {logging_mixin.py:188} INFO - [2026-08-15T23:01:58.783+0000] {dag.py:3947} INFO - Setting next_dagrun for nyc_taxi_ingest to None, run_after=None
[2026-08-15T23:01:58.821+0000] {processor.py:183} INFO - Processing /opt/airflow/dags/nyc_taxi_ingest.py took 0.940 seconds
[2026-08-15T23:02:29.185+0000] {processor.py:161} INFO - Started process (PID=508) to work on /opt/airflow/dags/nyc_taxi_ingest.py
[2026-08-15T23:02:29.186+0000] {processor.py:830} INFO - Processing file /opt/airflow/dags/nyc_taxi_ingest.py for tasks to queue
[2026-08-15T23:02:29.191+0000] {logging_mixin.py:188} INFO - [2026-08-15T23:02:29.190+0000] {dagbag.py:545} INFO - Filling up the DagBag from /opt/airflow/dags/nyc_taxi_ingest.py
[2026-08-15T23:02:29.859+0000] {processor.py:840} INFO - DAG(s) 'nyc_taxi_ingest' retrieved from /opt/airflow/dags/nyc_taxi_ingest.py
[2026-08-15T23:02:29.908+0000] {logging_mixin.py:188} INFO - [2026-08-15T23:02:29.908+0000] {dag.py:3089} INFO - Sync 1 DAGs
[2026-08-15T23:02:29.930+0000] {logging_mixin.py:188} INFO - [2026-08-15T23:02:29.930+0000] {dag.py:3947} INFO - Setting next_dagrun for nyc_taxi_ingest to None, run_after=None
[2026-08-15T23:02:29.966+0000] {processor.py:183} INFO - Processing /opt/airflow/dags/nyc_taxi_ingest.py took 0.793 seconds
[2026-08-15T23:03:00.897+0000] {processor.py:161} INFO - Started process (PID=510) to work on /opt/airflow/dags/nyc_taxi_ingest.py
[2026-08-15T23:03:00.899+0000] {processor.py:830} INFO - Processing file /opt/airflow/dags/nyc_taxi_ingest.py for tasks to queue
[2026-08-15T23:03:00.904+0000] {logging_mixin.py:188} INFO - [2026-08-15T23:03:00.903+0000] {dagbag.py:545} INFO - Filling up the DagBag from /opt/airflow/dags/nyc_taxi_ingest.py
[2026-08-15T23:03:01.932+0000] {processor.py:840} INFO - DAG(s) 'nyc_taxi_ingest' retrieved from /opt/airflow/dags/nyc_taxi_ingest.py
[2026-08-15T23:03:01.971+0000] {logging_mixin.py:188} INFO - [2026-08-15T23:03:01.970+0000] {dag.py:3089} INFO - Sync 1 DAGs
[2026-08-15T23:03:02.002+0000] {logging_mixin.py:188} INFO - [2026-08-15T23:03:02.001+0000] {dag.py:3947} INFO - Setting next_dagrun for nyc_taxi_ingest to None, run_after=None
[2026-08-15T23:03:02.032+0000] {processor.py:183} INFO - Processing /opt/airflow/dags/nyc_taxi_ingest.py took 1.150 seconds
[2026-08-15T23:03:32.261+0000] {processor.py:161} INFO - Started process (PID=512) to work on /opt/airflow/dags/nyc_taxi_ingest.py
[2026-08-15T23:03:32.263+0000] {processor.py:830} INFO - Processing file /opt/airflow/dags/nyc_taxi_ingest.py for tasks to queue
[2026-08-15T23:03:32.266+0000] {logging_mixin.py:188} INFO - [2026-08-15T23:03:32.265+0000] {dagbag.py:545} INFO - Filling up the DagBag from /opt/airflow/dags/nyc_taxi_ingest.py
[2026-08-15T23:03:32.971+0000] {processor.py:840} INFO - DAG(s) 'nyc_taxi_ingest' retrieved from /opt/airflow/dags/nyc_taxi_ingest.py
[2026-08-15T23:03:33.021+0000] {logging_mixin.py:188} INFO - [2026-08-15T23:03:33.020+0000] {dag.py:3089} INFO - Sync 1 DAGs
[2026-08-15T23:03:33.060+0000] {logging_mixin.py:188} INFO - [2026-08-15T23:03:33.060+0000] {dag.py:3947} INFO - Setting next_dagrun for nyc_taxi_ingest to None, run_after=None
[2026-08-15T23:03:33.163+0000] {processor.py:183} INFO - Processing /opt/airflow/dags/nyc_taxi_ingest.py took 0.908 seconds
[2026-08-15T23:04:03.297+0000] {processor.py:161} INFO - Started process (PID=514) to work on /opt/airflow/dags/nyc_taxi_ingest.py
[2026-08-15T23:04:03.299+0000] {processor.py:830} INFO - Processing file /opt/airflow/dags/nyc_taxi_ingest.py for tasks to queue
[2026-08-15T23:04:03.301+0000] {logging_mixin.py:188} INFO - [2026-08-15T23:04:03.301+0000] {dagbag.py:545} INFO - Filling up the DagBag from /opt/airflow/dags/nyc_taxi_ingest.py
[2026-08-15T23:04:03.963+0000] {processor.py:840} INFO - DAG(s) 'nyc_taxi_ingest' retrieved from /opt/airflow/dags/nyc_taxi_ingest.py
[2026-08-15T23:04:04.004+0000] {logging_mixin.py:188} INFO - [2026-08-15T23:04:04.003+0000] {dag.py:3089} INFO - Sync 1 DAGs
[2026-08-15T23:04:04.030+0000] {logging_mixin.py:188} INFO - [2026-08-15T23:04:04.030+0000] {dag.py:3947} INFO - Setting next_dagrun for nyc_taxi_ingest to None, run_after=None
[2026-08-15T23:04:04.059+0000] {processor.py:183} INFO - Processing /opt/airflow/dags/nyc_taxi_ingest.py took 0.770 seconds
[2026-08-15T23:04:34.368+0000] {processor.py:161} INFO - Started process (PID=516) to work on /opt/airflow/dags/nyc_taxi_ingest.py
[2026-08-15T23:04:34.369+0000] {processor.py:830} INFO - Processing file /opt/airflow/dags/nyc_taxi_ingest.py for tasks to queue
[2026-08-15T23:04:34.373+0000] {logging_mixin.py:188} INFO - [2026-08-15T23:04:34.372+0000] {dagbag.py:545} INFO - Filling up the DagBag from /opt/airflow/dags/nyc_taxi_ingest.py
[2026-08-15T23:04:35.218+0000] {processor.py:840} INFO - DAG(s) 'nyc_taxi_ingest' retrieved from /opt/airflow/dags/nyc_taxi_ingest.py
[2026-08-15T23:04:35.247+0000] {logging_mixin.py:188} INFO - [2026-08-15T23:04:35.246+0000] {dag.py:3089} INFO - Sync 1 DAGs
[2026-08-15T23:04:35.274+0000] {logging_mixin.py:188} INFO - [2026-08-15T23:04:35.274+0000] {dag.py:3947} INFO - Setting next_dagrun for nyc_taxi_ingest to None, run_after=None
[2026-08-15T23:04:35.321+0000] {processor.py:183} INFO - Processing /opt/airflow/dags/nyc_taxi_ingest.py took 0.963 seconds
[2026-08-15T23:05:05.578+0000] {processor.py:161} INFO - Started process (PID=518) to work on /opt/airflow/dags/nyc_taxi_ingest.py
[2026-08-15T23:05:05.580+0000] {processor.py:830} INFO - Processing file /opt/airflow/dags/nyc_taxi_ingest.py for tasks to queue
[2026-08-15T23:05:05.584+0000] {logging_mixin.py:188} INFO - [2026-08-15T23:05:05.584+0000] {dagbag.py:545} INFO - Filling up the DagBag from /opt/airflow/dags/nyc_taxi_ingest.py
[2026-08-15T23:05:06.242+0000] {processor.py:840} INFO - DAG(s) 'nyc_taxi_ingest' retrieved from /opt/airflow/dags/nyc_taxi_ingest.py
[2026-08-15T23:05:06.276+0000] {logging_mixin.py:188} INFO - [2026-08-15T23:05:06.276+0000] {dag.py:3089} INFO - Sync 1 DAGs
[2026-08-15T23:05:06.297+0000] {logging_mixin.py:188} INFO - [2026-08-15T23:05:06.297+0000] {dag.py:3947} INFO - Setting next_dagrun for nyc_taxi_ingest to None, run_after=None
[2026-08-15T23:05:06.328+0000] {processor.py:183} INFO - Processing /opt/airflow/dags/nyc_taxi_ingest.py took 0.759 seconds
[2026-08-15T23:05:36.606+0000] {processor.py:161} INFO - Started process (PID=520) to work on /opt/airflow/dags/nyc_taxi_ingest.py
[2026-08-15T23:05:36.608+0000] {processor.py:830} INFO - Processing file /opt/airflow/dags/nyc_taxi_ingest.py for tasks to queue
[2026-08-15T23:05:36.613+0000] {logging_mixin.py:188} INFO - [2026-08-15T23:05:36.612+0000] {dagbag.py:545} INFO - Filling up the DagBag from /opt/airflow/dags/nyc_taxi_ingest.py
[2026-08-15T23:05:37.287+0000] {processor.py:840} INFO - DAG(s) 'nyc_taxi_ingest' retrieved from /opt/airflow/dags/nyc_taxi_ingest.py
[2026-08-15T23:05:37.356+0000] {logging_mixin.py:188} INFO - [2026-08-15T23:05:37.355+0000] {dag.py:3089} INFO - Sync 1 DAGs
[2026-08-15T23:05:37.380+0000] {logging_mixin.py:188} INFO - [2026-08-15T23:05:37.379+0000] {dag.py:3947} INFO - Setting next_dagrun for nyc_taxi_ingest to None, run_after=None
[2026-08-15T23:05:37.410+0000] {processor.py:183} INFO - Processing /opt/airflow/dags/nyc_taxi_ingest.py took 0.816 seconds
[2026-08-15T23:06:07.658+0000] {processor.py:161} INFO - Started process (PID=522) to work on /opt/airflow/dags/nyc_taxi_ingest.py
[2026-08-15T23:06:07.660+0000] {processor.py:830} INFO - Processing file /opt/airflow/dags/nyc_taxi_ingest.py for tasks to queue
[2026-08-15T23:06:07.662+0000] {logging_mixin.py:188} INFO - [2026-08-15T23:06:07.662+0000] {dagbag.py:545} INFO - Filling up the DagBag from /opt/airflow/dags/nyc_taxi_ingest.py
[2026-08-15T23:06:08.187+0000] {processor.py:840} INFO - DAG(s) 'nyc_taxi_ingest' retrieved from /opt/airflow/dags/nyc_taxi_ingest.py
[2026-08-15T23:06:08.214+0000] {logging_mixin.py:188} INFO - [2026-08-15T23:06:08.213+0000] {dag.py:3089} INFO - Sync 1 DAGs
[2026-08-15T23:06:08.235+0000] {logging_mixin.py:188} INFO - [2026-08-15T23:06:08.235+0000] {dag.py:3947} INFO - Setting next_dagrun for nyc_taxi_ingest to None, run_after=None
[2026-08-15T23:06:08.261+0000] {processor.py:183} INFO - Processing /opt/airflow/dags/nyc_taxi_ingest.py took 0.610 seconds
[2026-08-15T23:06:39.038+0000] {processor.py:161} INFO - Started process (PID=524) to work on /opt/airflow/dags/nyc_taxi_ingest.py
[2026-08-15T23:06:39.048+0000] {processor.py:830} INFO - Processing file /opt/airflow/dags/nyc_taxi_ingest.py for tasks to queue
[2026-08-15T23:06:39.058+0000] {logging_mixin.py:188} INFO - [2026-08-15T23:06:39.057+0000] {dagbag.py:545} INFO - Filling up the DagBag from /opt/airflow/dags/nyc_taxi_ingest.py
[2026-08-15T23:06:44.064+0000] {processor.py:840} INFO - DAG(s) 'nyc_taxi_ingest' retrieved from /opt/airflow/dags/nyc_taxi_ingest.py
[2026-08-15T23:06:44.198+0000] {logging_mixin.py:188} INFO - [2026-08-15T23:06:44.197+0000] {dag.py:3089} INFO - Sync 1 DAGs
[2026-08-15T23:06:44.323+0000] {logging_mixin.py:188} INFO - [2026-08-15T23:06:44.323+0000] {dag.py:3947} INFO - Setting next_dagrun for nyc_taxi_ingest to None, run_after=None
[2026-08-15T23:06:44.440+0000] {processor.py:183} INFO - Processing /opt/airflow/dags/nyc_taxi_ingest.py took 5.460 seconds
[2026-08-15T23:07:15.059+0000] {processor.py:161} INFO - Started process (PID=526) to work on /opt/airflow/dags/nyc_taxi_ingest.py
[2026-08-15T23:07:15.062+0000] {processor.py:830} INFO - Processing file /opt/airflow/dags/nyc_taxi_ingest.py for tasks to queue
[2026-08-15T23:07:15.067+0000] {logging_mixin.py:188} INFO - [2026-08-15T23:07:15.066+0000] {dagbag.py:545} INFO - Filling up the DagBag from /opt/airflow/dags/nyc_taxi_ingest.py
[2026-08-15T23:07:16.345+0000] {processor.py:840} INFO - DAG(s) 'nyc_taxi_ingest' retrieved from /opt/airflow/dags/nyc_taxi_ingest.py
[2026-08-15T23:07:16.402+0000] {logging_mixin.py:188} INFO - [2026-08-15T23:07:16.401+0000] {dag.py:3089} INFO - Sync 1 DAGs
[2026-08-15T23:07:16.459+0000] {logging_mixin.py:188} INFO - [2026-08-15T23:07:16.459+0000] {dag.py:3947} INFO - Setting next_dagrun for nyc_taxi_ingest to None, run_after=None
[2026-08-15T23:07:16.499+0000] {processor.py:183} INFO - Processing /opt/airflow/dags/nyc_taxi_ingest.py took 1.463 seconds
[2026-08-15T23:07:46.603+0000] {processor.py:161} INFO - Started process (PID=528) to work on /opt/airflow/dags/nyc_taxi_ingest.py
[2026-08-15T23:07:46.605+0000] {processor.py:830} INFO - Processing file /opt/airflow/dags/nyc_taxi_ingest.py for tasks to queue
[2026-08-15T23:07:46.609+0000] {logging_mixin.py:188} INFO - [2026-08-15T23:07:46.608+0000] {dagbag.py:545} INFO - Filling up the DagBag from /opt/airflow/dags/nyc_taxi_ingest.py
[2026-08-15T23:07:47.261+0000] {processor.py:840} INFO - DAG(s) 'nyc_taxi_ingest' retrieved from /opt/airflow/dags/nyc_taxi_ingest.py
[2026-08-15T23:07:47.296+0000] {logging_mixin.py:188} INFO - [2026-08-15T23:07:47.296+0000] {dag.py:3089} INFO - Sync 1 DAGs
[2026-08-15T23:07:47.320+0000] {logging_mixin.py:188} INFO - [2026-08-15T23:07:47.320+0000] {dag.py:3947} INFO - Setting next_dagrun for nyc_taxi_ingest to None, run_after=None
[2026-08-15T23:07:47.347+0000] {processor.py:183} INFO - Processing /opt/airflow/dags/nyc_taxi_ingest.py took 0.755 seconds
[2026-08-15T23:08:17.652+0000] {processor.py:161} INFO - Started process (PID=530) to work on /opt/airflow/dags/nyc_taxi_ingest.py
[2026-08-15T23:08:17.654+0000] {processor.py:830} INFO - Processing file /opt/airflow/dags/nyc_taxi_ingest.py for tasks to queue
[2026-08-15T23:08:17.657+0000] {logging_mixin.py:188} INFO - [2026-08-15T23:08:17.657+0000] {dagbag.py:545} INFO - Filling up the DagBag from /opt/airflow/dags/nyc_taxi_ingest.py
[2026-08-15T23:08:18.394+0000] {processor.py:840} INFO - DAG(s) 'nyc_taxi_ingest' retrieved from /opt/airflow/dags/nyc_taxi_ingest.py
[2026-08-15T23:08:18.432+0000] {logging_mixin.py:188} INFO - [2026-08-15T23:08:18.431+0000] {dag.py:3089} INFO - Sync 1 DAGs
[2026-08-15T23:08:18.478+0000] {logging_mixin.py:188} INFO - [2026-08-15T23:08:18.477+0000] {dag.py:3947} INFO - Setting next_dagrun for nyc_taxi_ingest to None, run_after=None
[2026-08-15T23:08:18.519+0000] {processor.py:183} INFO - Processing /opt/airflow/dags/nyc_taxi_ingest.py took 0.880 seconds
[2026-08-15T23:08:48.770+0000] {processor.py:161} INFO - Started process (PID=532) to work on /opt/airflow/dags/nyc_taxi_ingest.py
[2026-08-15T23:08:48.772+0000] {processor.py:830} INFO - Processing file /opt/airflow/dags/nyc_taxi_ingest.py for tasks to queue
[2026-08-15T23:08:48.775+0000] {logging_mixin.py:188} INFO - [2026-08-15T23:08:48.775+0000] {dagbag.py:545} INFO - Filling up the DagBag from /opt/airflow/dags/nyc_taxi_ingest.py
[2026-08-15T23:08:49.389+0000] {processor.py:840} INFO - DAG(s) 'nyc_taxi_ingest' retrieved from /opt/airflow/dags/nyc_taxi_ingest.py
[2026-08-15T23:08:49.417+0000] {logging_mixin.py:188} INFO - [2026-08-15T23:08:49.416+0000] {dag.py:3089} INFO - Sync 1 DAGs
[2026-08-15T23:08:49.439+0000] {logging_mixin.py:188} INFO - [2026-08-15T23:08:49.439+0000] {dag.py:3947} INFO - Setting next_dagrun for nyc_taxi_ingest to None, run_after=None
[2026-08-15T23:08:49.464+0000] {processor.py:183} INFO - Processing /opt/airflow/dags/nyc_taxi_ingest.py took 0.702 seconds
[2026-08-15T23:09:19.737+0000] {processor.py:161} INFO - Started process (PID=534) to work on /opt/airflow/dags/nyc_taxi_ingest.py
[2026-08-15T23:09:19.746+0000] {processor.py:830} INFO - Processing file /opt/airflow/dags/nyc_taxi_ingest.py for tasks to queue
[2026-08-15T23:09:19.757+0000] {logging_mixin.py:188} INFO - [2026-08-15T23:09:19.756+0000] {dagbag.py:545} INFO - Filling up the DagBag from /opt/airflow/dags/nyc_taxi_ingest.py
[2026-08-15T23:09:20.837+0000] {processor.py:840} INFO - DAG(s) 'nyc_taxi_ingest' retrieved from /opt/airflow/dags/nyc_taxi_ingest.py
[2026-08-15T23:09:20.883+0000] {logging_mixin.py:188} INFO - [2026-08-15T23:09:20.882+0000] {dag.py:3089} INFO - Sync 1 DAGs
[2026-08-15T23:09:20.916+0000] {logging_mixin.py:188} INFO - [2026-08-15T23:09:20.916+0000] {dag.py:3947} INFO - Setting next_dagrun for nyc_taxi_ingest to None, run_after=None
[2026-08-15T23:09:20.947+0000] {processor.py:183} INFO - Processing /opt/airflow/dags/nyc_taxi_ingest.py took 1.268 seconds
[2026-08-15T23:09:51.221+0000] {processor.py:161} INFO - Started process (PID=536) to work on /opt/airflow/dags/nyc_taxi_ingest.py
[2026-08-15T23:09:51.225+0000] {processor.py:830} INFO - Processing file /opt/airflow/dags/nyc_taxi_ingest.py for tasks to queue
[2026-08-15T23:09:51.233+0000] {logging_mixin.py:188} INFO - [2026-08-15T23:09:51.232+0000] {dagbag.py:545} INFO - Filling up the DagBag from /opt/airflow/dags/nyc_taxi_ingest.py
[2026-08-15T23:09:52.062+0000] {processor.py:840} INFO - DAG(s) 'nyc_taxi_ingest' retrieved from /opt/airflow/dags/nyc_taxi_ingest.py
[2026-08-15T23:09:52.130+0000] {logging_mixin.py:188} INFO - [2026-08-15T23:09:52.128+0000] {dag.py:3089} INFO - Sync 1 DAGs
[2026-08-15T23:09:52.182+0000] {logging_mixin.py:188} INFO - [2026-08-15T23:09:52.182+0000] {dag.py:3947} INFO - Setting next_dagrun for nyc_taxi_ingest to None, run_after=None
[2026-08-15T23:09:52.235+0000] {processor.py:183} INFO - Processing /opt/airflow/dags/nyc_taxi_ingest.py took 1.034 seconds
[2026-08-15T23:10:22.705+0000] {processor.py:161} INFO - Started process (PID=538) to work on /opt/airflow/dags/nyc_taxi_ingest.py
[2026-08-15T23:10:22.709+0000] {processor.py:830} INFO - Processing file /opt/airflow/dags/nyc_taxi_ingest.py for tasks to queue
[2026-08-15T23:10:22.717+0000] {logging_mixin.py:188} INFO - [2026-08-15T23:10:22.716+0000] {dagbag.py:545} INFO - Filling up the DagBag from /opt/airflow/dags/nyc_taxi_ingest.py
[2026-08-15T23:10:24.278+0000] {processor.py:840} INFO - DAG(s) 'nyc_taxi_ingest' retrieved from /opt/airflow/dags/nyc_taxi_ingest.py
[2026-08-15T23:10:24.363+0000] {logging_mixin.py:188} INFO - [2026-08-15T23:10:24.361+0000] {dag.py:3089} INFO - Sync 1 DAGs
[2026-08-15T23:10:24.446+0000] {logging_mixin.py:188} INFO - [2026-08-15T23:10:24.445+0000] {dag.py:3947} INFO - Setting next_dagrun for nyc_taxi_ingest to None, run_after=None
[2026-08-15T23:10:24.502+0000] {processor.py:183} INFO - Processing /opt/airflow/dags/nyc_taxi_ingest.py took 1.818 seconds
[2026-08-15T23:10:55.069+0000] {processor.py:161} INFO - Started process (PID=540) to work on /opt/airflow/dags/nyc_taxi_ingest.py
[2026-08-15T23:10:55.072+0000] {processor.py:830} INFO - Processing file /opt/airflow/dags/nyc_taxi_ingest.py for tasks to queue
[2026-08-15T23:10:55.080+0000] {logging_mixin.py:188} INFO - [2026-08-15T23:10:55.079+0000] {dagbag.py:545} INFO - Filling up the DagBag from /opt/airflow/dags/nyc_taxi_ingest.py
[2026-08-15T23:10:56.490+0000] {processor.py:840} INFO - DAG(s) 'nyc_taxi_ingest' retrieved from /opt/airflow/dags/nyc_taxi_ingest.py
[2026-08-15T23:10:56.564+0000] {logging_mixin.py:188} INFO - [2026-08-15T23:10:56.563+0000] {dag.py:3089} INFO - Sync 1 DAGs
[2026-08-15T23:10:56.645+0000] {logging_mixin.py:188} INFO - [2026-08-15T23:10:56.645+0000] {dag.py:3947} INFO - Setting next_dagrun for nyc_taxi_ingest to None, run_after=None
[2026-08-15T23:10:56.722+0000] {processor.py:183} INFO - Processing /opt/airflow/dags/nyc_taxi_ingest.py took 1.668 seconds
[2026-08-15T23:11:27.288+0000] {processor.py:161} INFO - Started process (PID=542) to work on /opt/airflow/dags/nyc_taxi_ingest.py
[2026-08-15T23:11:27.292+0000] {processor.py:830} INFO - Processing file /opt/airflow/dags/nyc_taxi_ingest.py for tasks to queue
[2026-08-15T23:11:27.298+0000] {logging_mixin.py:188} INFO - [2026-08-15T23:11:27.298+0000] {dagbag.py:545} INFO - Filling up the DagBag from /opt/airflow/dags/nyc_taxi_ingest.py
[2026-08-15T23:11:28.882+0000] {processor.py:840} INFO - DAG(s) 'nyc_taxi_ingest' retrieved from /opt/airflow/dags/nyc_taxi_ingest.py
[2026-08-15T23:11:28.968+0000] {logging_mixin.py:188} INFO - [2026-08-15T23:11:28.966+0000] {dag.py:3089} INFO - Sync 1 DAGs
[2026-08-15T23:11:29.057+0000] {logging_mixin.py:188} INFO - [2026-08-15T23:11:29.056+0000] {dag.py:3947} INFO - Setting next_dagrun for nyc_taxi_ingest to None, run_after=None
[2026-08-15T23:11:29.177+0000] {processor.py:183} INFO - Processing /opt/airflow/dags/nyc_taxi_ingest.py took 1.907 seconds
[2026-08-15T23:11:59.727+0000] {processor.py:161} INFO - Started process (PID=544) to work on /opt/airflow/dags/nyc_taxi_ingest.py
[2026-08-15T23:11:59.729+0000] {processor.py:830} INFO - Processing file /opt/airflow/dags/nyc_taxi_ingest.py for tasks to queue
[2026-08-15T23:11:59.733+0000] {logging_mixin.py:188} INFO - [2026-08-15T23:11:59.733+0000] {dagbag.py:545} INFO - Filling up the DagBag from /opt/airflow/dags/nyc_taxi_ingest.py
[2026-08-15T23:12:00.883+0000] {processor.py:840} INFO - DAG(s) 'nyc_taxi_ingest' retrieved from /opt/airflow/dags/nyc_taxi_ingest.py
[2026-08-15T23:12:00.940+0000] {logging_mixin.py:188} INFO - [2026-08-15T23:12:00.940+0000] {dag.py:3089} INFO - Sync 1 DAGs
[2026-08-15T23:12:00.968+0000] {logging_mixin.py:188} INFO - [2026-08-15T23:12:00.968+0000] {dag.py:3947} INFO - Setting next_dagrun for nyc_taxi_ingest to None, run_after=None
[2026-08-15T23:12:00.999+0000] {processor.py:183} INFO - Processing /opt/airflow/dags/nyc_taxi_ingest.py took 1.285 seconds
[2026-08-15T23:12:31.475+0000] {processor.py:161} INFO - Started process (PID=546) to work on /opt/airflow/dags/nyc_taxi_ingest.py
[2026-08-15T23:12:31.477+0000] {processor.py:830} INFO - Processing file /opt/airflow/dags/nyc_taxi_ingest.py for tasks to queue
[2026-08-15T23:12:31.480+0000] {logging_mixin.py:188} INFO - [2026-08-15T23:12:31.479+0000] {dagbag.py:545} INFO - Filling up the DagBag from /opt/airflow/dags/nyc_taxi_ingest.py
[2026-08-15T23:12:32.182+0000] {processor.py:840} INFO - DAG(s) 'nyc_taxi_ingest' retrieved from /opt/airflow/dags/nyc_taxi_ingest.py
[2026-08-15T23:12:32.216+0000] {logging_mixin.py:188} INFO - [2026-08-15T23:12:32.216+0000] {dag.py:3089} INFO - Sync 1 DAGs
[2026-08-15T23:12:32.248+0000] {logging_mixin.py:188} INFO - [2026-08-15T23:12:32.247+0000] {dag.py:3947} INFO - Setting next_dagrun for nyc_taxi_ingest to None, run_after=None
[2026-08-15T23:12:32.282+0000] {processor.py:183} INFO - Processing /opt/airflow/dags/nyc_taxi_ingest.py took 0.815 seconds
[2026-08-15T23:13:02.656+0000] {processor.py:161} INFO - Started process (PID=548) to work on /opt/airflow/dags/nyc_taxi_ingest.py
[2026-08-15T23:13:02.658+0000] {processor.py:830} INFO - Processing file /opt/airflow/dags/nyc_taxi_ingest.py for tasks to queue
[2026-08-15T23:13:02.664+0000] {logging_mixin.py:188} INFO - [2026-08-15T23:13:02.663+0000] {dagbag.py:545} INFO - Filling up the DagBag from /opt/airflow/dags/nyc_taxi_ingest.py
[2026-08-15T23:13:03.476+0000] {processor.py:840} INFO - DAG(s) 'nyc_taxi_ingest' retrieved from /opt/airflow/dags/nyc_taxi_ingest.py
[2026-08-15T23:13:03.525+0000] {logging_mixin.py:188} INFO - [2026-08-15T23:13:03.525+0000] {dag.py:3089} INFO - Sync 1 DAGs
[2026-08-15T23:13:03.547+0000] {logging_mixin.py:188} INFO - [2026-08-15T23:13:03.546+0000] {dag.py:3947} INFO - Setting next_dagrun for nyc_taxi_ingest to None, run_after=None
[2026-08-15T23:13:03.596+0000] {processor.py:183} INFO - Processing /opt/airflow/dags/nyc_taxi_ingest.py took 0.952 seconds
[2026-08-15T23:13:33.898+0000] {processor.py:161} INFO - Started process (PID=550) to work on /opt/airflow/dags/nyc_taxi_ingest.py
[2026-08-15T23:13:33.900+0000] {processor.py:830} INFO - Processing file /opt/airflow/dags/nyc_taxi_ingest.py for tasks to queue
[2026-08-15T23:13:33.905+0000] {logging_mixin.py:188} INFO - [2026-08-15T23:13:33.904+0000] {dagbag.py:545} INFO - Filling up the DagBag from /opt/airflow/dags/nyc_taxi_ingest.py
[2026-08-15T23:13:34.816+0000] {processor.py:840} INFO - DAG(s) 'nyc_taxi_ingest' retrieved from /opt/airflow/dags/nyc_taxi_ingest.py
[2026-08-15T23:13:34.856+0000] {logging_mixin.py:188} INFO - [2026-08-15T23:13:34.855+0000] {dag.py:3089} INFO - Sync 1 DAGs
[2026-08-15T23:13:34.887+0000] {logging_mixin.py:188} INFO - [2026-08-15T23:13:34.887+0000] {dag.py:3947} INFO - Setting next_dagrun for nyc_taxi_ingest to None, run_after=None
[2026-08-15T23:13:34.917+0000] {processor.py:183} INFO - Processing /opt/airflow/dags/nyc_taxi_ingest.py took 1.034 seconds
[2026-08-15T23:14:05.128+0000] {processor.py:161} INFO - Started process (PID=552) to work on /opt/airflow/dags/nyc_taxi_ingest.py
[2026-08-15T23:14:05.129+0000] {processor.py:830} INFO - Processing file /opt/airflow/dags/nyc_taxi_ingest.py for tasks to queue
[2026-08-15T23:14:05.133+0000] {logging_mixin.py:188} INFO - [2026-08-15T23:14:05.132+0000] {dagbag.py:545} INFO - Filling up the DagBag from /opt/airflow/dags/nyc_taxi_ingest.py
[2026-08-15T23:14:05.884+0000] {processor.py:840} INFO - DAG(s) 'nyc_taxi_ingest' retrieved from /opt/airflow/dags/nyc_taxi_ingest.py
[2026-08-15T23:14:05.924+0000] {logging_mixin.py:188} INFO - [2026-08-15T23:14:05.924+0000] {dag.py:3089} INFO - Sync 1 DAGs
[2026-08-15T23:14:05.957+0000] {logging_mixin.py:188} INFO - [2026-08-15T23:14:05.956+0000] {dag.py:3947} INFO - Setting next_dagrun for nyc_taxi_ingest to None, run_after=None
[2026-08-15T23:14:05.987+0000] {processor.py:183} INFO - Processing /opt/airflow/dags/nyc_taxi_ingest.py took 0.869 seconds
[2026-08-15T23:14:36.293+0000] {processor.py:161} INFO - Started process (PID=554) to work on /opt/airflow/dags/nyc_taxi_ingest.py
[2026-08-15T23:14:36.295+0000] {processor.py:830} INFO - Processing file /opt/airflow/dags/nyc_taxi_ingest.py for tasks to queue
[2026-08-15T23:14:36.298+0000] {logging_mixin.py:188} INFO - [2026-08-15T23:14:36.298+0000] {dagbag.py:545} INFO - Filling up the DagBag from /opt/airflow/dags/nyc_taxi_ingest.py
[2026-08-15T23:14:37.091+0000] {processor.py:840} INFO - DAG(s) 'nyc_taxi_ingest' retrieved from /opt/airflow/dags/nyc_taxi_ingest.py
[2026-08-15T23:14:37.125+0000] {logging_mixin.py:188} INFO - [2026-08-15T23:14:37.125+0000] {dag.py:3089} INFO - Sync 1 DAGs
[2026-08-15T23:14:37.151+0000] {logging_mixin.py:188} INFO - [2026-08-15T23:14:37.151+0000] {dag.py:3947} INFO - Setting next_dagrun for nyc_taxi_ingest to None, run_after=None
[2026-08-15T23:14:37.184+0000] {processor.py:183} INFO - Processing /opt/airflow/dags/nyc_taxi_ingest.py took 0.900 seconds
[2026-08-15T23:15:07.512+0000] {processor.py:161} INFO - Started process (PID=556) to work on /opt/airflow/dags/nyc_taxi_ingest.py
[2026-08-15T23:15:07.514+0000] {processor.py:830} INFO - Processing file /opt/airflow/dags/nyc_taxi_ingest.py for tasks to queue
[2026-08-15T23:15:07.517+0000] {logging_mixin.py:188} INFO - [2026-08-15T23:15:07.517+0000] {dagbag.py:545} INFO - Filling up the DagBag from /opt/airflow/dags/nyc_taxi_ingest.py
[2026-08-15T23:15:08.237+0000] {processor.py:840} INFO - DAG(s) 'nyc_taxi_ingest' retrieved from /opt/airflow/dags/nyc_taxi_ingest.py
[2026-08-15T23:15:08.269+0000] {logging_mixin.py:188} INFO - [2026-08-15T23:15:08.269+0000] {dag.py:3089} INFO - Sync 1 DAGs
[2026-08-15T23:15:08.293+0000] {logging_mixin.py:188} INFO - [2026-08-15T23:15:08.293+0000] {dag.py:3947} INFO - Setting next_dagrun for nyc_taxi_ingest to None, run_after=None
[2026-08-15T23:15:08.330+0000] {processor.py:183} INFO - Processing /opt/airflow/dags/nyc_taxi_ingest.py took 0.833 seconds
[2026-08-15T23:15:38.637+0000] {processor.py:161} INFO - Started process (PID=558) to work on /opt/airflow/dags/nyc_taxi_ingest.py
[2026-08-15T23:15:38.638+0000] {processor.py:830} INFO - Processing file /opt/airflow/dags/nyc_taxi_ingest.py for tasks to queue
[2026-08-15T23:15:38.642+0000] {logging_mixin.py:188} INFO - [2026-08-15T23:15:38.642+0000] {dagbag.py:545} INFO - Filling up the DagBag from /opt/airflow/dags/nyc_taxi_ingest.py
[2026-08-15T23:15:39.493+0000] {processor.py:840} INFO - DAG(s) 'nyc_taxi_ingest' retrieved from /opt/airflow/dags/nyc_taxi_ingest.py
[2026-08-15T23:15:39.526+0000] {logging_mixin.py:188} INFO - [2026-08-15T23:15:39.526+0000] {dag.py:3089} INFO - Sync 1 DAGs
[2026-08-15T23:15:39.554+0000] {logging_mixin.py:188} INFO - [2026-08-15T23:15:39.554+0000] {dag.py:3947} INFO - Setting next_dagrun for nyc_taxi_ingest to None, run_after=None
[2026-08-15T23:15:39.582+0000] {processor.py:183} INFO - Processing /opt/airflow/dags/nyc_taxi_ingest.py took 0.958 seconds
[2026-08-15T23:16:09.995+0000] {processor.py:161} INFO - Started process (PID=560) to work on /opt/airflow/dags/nyc_taxi_ingest.py
[2026-08-15T23:16:09.997+0000] {processor.py:830} INFO - Processing file /opt/airflow/dags/nyc_taxi_ingest.py for tasks to queue
[2026-08-15T23:16:10.001+0000] {logging_mixin.py:188} INFO - [2026-08-15T23:16:10.000+0000] {dagbag.py:545} INFO - Filling up the DagBag from /opt/airflow/dags/nyc_taxi_ingest.py
[2026-08-15T23:16:10.999+0000] {processor.py:840} INFO - DAG(s) 'nyc_taxi_ingest' retrieved from /opt/airflow/dags/nyc_taxi_ingest.py
[2026-08-15T23:16:11.061+0000] {logging_mixin.py:188} INFO - [2026-08-15T23:16:11.060+0000] {dag.py:3089} INFO - Sync 1 DAGs
[2026-08-15T23:16:11.102+0000] {logging_mixin.py:188} INFO - [2026-08-15T23:16:11.102+0000] {dag.py:3947} INFO - Setting next_dagrun for nyc_taxi_ingest to None, run_after=None
[2026-08-15T23:16:11.138+0000] {processor.py:183} INFO - Processing /opt/airflow/dags/nyc_taxi_ingest.py took 1.154 seconds
[2026-08-15T23:16:41.270+0000] {processor.py:161} INFO - Started process (PID=562) to work on /opt/airflow/dags/nyc_taxi_ingest.py
[2026-08-15T23:16:41.273+0000] {processor.py:830} INFO - Processing file /opt/airflow/dags/nyc_taxi_ingest.py for tasks to queue
[2026-08-15T23:16:41.277+0000] {logging_mixin.py:188} INFO - [2026-08-15T23:16:41.276+0000] {dagbag.py:545} INFO - Filling up the DagBag from /opt/airflow/dags/nyc_taxi_ingest.py
[2026-08-15T23:16:42.160+0000] {processor.py:840} INFO - DAG(s) 'nyc_taxi_ingest' retrieved from /opt/airflow/dags/nyc_taxi_ingest.py
[2026-08-15T23:16:42.198+0000] {logging_mixin.py:188} INFO - [2026-08-15T23:16:42.197+0000] {dag.py:3089} INFO - Sync 1 DAGs
[2026-08-15T23:16:42.228+0000] {logging_mixin.py:188} INFO - [2026-08-15T23:16:42.228+0000] {dag.py:3947} INFO - Setting next_dagrun for nyc_taxi_ingest to None, run_after=None
[2026-08-15T23:16:42.260+0000] {processor.py:183} INFO - Processing /opt/airflow/dags/nyc_taxi_ingest.py took 1.004 seconds
[2026-08-15T23:17:12.529+0000] {processor.py:161} INFO - Started process (PID=564) to work on /opt/airflow/dags/nyc_taxi_ingest.py
[2026-08-15T23:17:12.530+0000] {processor.py:830} INFO - Processing file /opt/airflow/dags/nyc_taxi_ingest.py for tasks to queue
[2026-08-15T23:17:12.534+0000] {logging_mixin.py:188} INFO - [2026-08-15T23:17:12.533+0000] {dagbag.py:545} INFO - Filling up the DagBag from /opt/airflow/dags/nyc_taxi_ingest.py
[2026-08-15T23:17:13.213+0000] {processor.py:840} INFO - DAG(s) 'nyc_taxi_ingest' retrieved from /opt/airflow/dags/nyc_taxi_ingest.py
[2026-08-15T23:17:13.247+0000] {logging_mixin.py:188} INFO - [2026-08-15T23:17:13.247+0000] {dag.py:3089} INFO - Sync 1 DAGs
[2026-08-15T23:17:13.278+0000] {logging_mixin.py:188} INFO - [2026-08-15T23:17:13.278+0000] {dag.py:3947} INFO - Setting next_dagrun for nyc_taxi_ingest to None, run_after=None
[2026-08-15T23:17:13.312+0000] {processor.py:183} INFO - Processing /opt/airflow/dags/nyc_taxi_ingest.py took 0.792 seconds
[2026-08-15T23:17:43.647+0000] {processor.py:161} INFO - Started process (PID=566) to work on /opt/airflow/dags/nyc_taxi_ingest.py
[2026-08-15T23:17:43.650+0000] {processor.py:830} INFO - Processing file /opt/airflow/dags/nyc_taxi_ingest.py for tasks to queue
[2026-08-15T23:17:43.655+0000] {logging_mixin.py:188} INFO - [2026-08-15T23:17:43.654+0000] {dagbag.py:545} INFO - Filling up the DagBag from /opt/airflow/dags/nyc_taxi_ingest.py
[2026-08-15T23:17:44.852+0000] {processor.py:840} INFO - DAG(s) 'nyc_taxi_ingest' retrieved from /opt/airflow/dags/nyc_taxi_ingest.py
[2026-08-15T23:17:44.919+0000] {logging_mixin.py:188} INFO - [2026-08-15T23:17:44.918+0000] {dag.py:3089} INFO - Sync 1 DAGs
[2026-08-15T23:17:44.967+0000] {logging_mixin.py:188} INFO - [2026-08-15T23:17:44.966+0000] {dag.py:3947} INFO - Setting next_dagrun for nyc_taxi_ingest to None, run_after=None
[2026-08-15T23:17:45.012+0000] {processor.py:183} INFO - Processing /opt/airflow/dags/nyc_taxi_ingest.py took 1.379 seconds
[2026-08-15T23:18:15.283+0000] {processor.py:161} INFO - Started process (PID=568) to work on /opt/airflow/dags/nyc_taxi_ingest.py
[2026-08-15T23:18:15.286+0000] {processor.py:830} INFO - Processing file /opt/airflow/dags/nyc_taxi_ingest.py for tasks to queue
[2026-08-15T23:18:15.289+0000] {logging_mixin.py:188} INFO - [2026-08-15T23:18:15.289+0000] {dagbag.py:545} INFO - Filling up the DagBag from /opt/airflow/dags/nyc_taxi_ingest.py
[2026-08-15T23:18:16.035+0000] {processor.py:840} INFO - DAG(s) 'nyc_taxi_ingest' retrieved from /opt/airflow/dags/nyc_taxi_ingest.py
[2026-08-15T23:18:16.077+0000] {logging_mixin.py:188} INFO - [2026-08-15T23:18:16.076+0000] {dag.py:3089} INFO - Sync 1 DAGs
[2026-08-15T23:18:16.108+0000] {logging_mixin.py:188} INFO - [2026-08-15T23:18:16.107+0000] {dag.py:3947} INFO - Setting next_dagrun for nyc_taxi_ingest to None, run_after=None
[2026-08-15T23:18:16.138+0000] {processor.py:183} INFO - Processing /opt/airflow/dags/nyc_taxi_ingest.py took 0.863 seconds
[2026-08-15T23:18:46.429+0000] {processor.py:161} INFO - Started process (PID=570) to work on /opt/airflow/dags/nyc_taxi_ingest.py
[2026-08-15T23:18:46.432+0000] {processor.py:830} INFO - Processing file /opt/airflow/dags/nyc_taxi_ingest.py for tasks to queue
[2026-08-15T23:18:46.435+0000] {logging_mixin.py:188} INFO - [2026-08-15T23:18:46.434+0000] {dagbag.py:545} INFO - Filling up the DagBag from /opt/airflow/dags/nyc_taxi_ingest.py
[2026-08-15T23:18:47.212+0000] {processor.py:840} INFO - DAG(s) 'nyc_taxi_ingest' retrieved from /opt/airflow/dags/nyc_taxi_ingest.py
[2026-08-15T23:18:47.244+0000] {logging_mixin.py:188} INFO - [2026-08-15T23:18:47.243+0000] {dag.py:3089} INFO - Sync 1 DAGs
[2026-08-15T23:18:47.266+0000] {logging_mixin.py:188} INFO - [2026-08-15T23:18:47.266+0000] {dag.py:3947} INFO - Setting next_dagrun for nyc_taxi_ingest to None, run_after=None
[2026-08-15T23:18:47.302+0000] {processor.py:183} INFO - Processing /opt/airflow/dags/nyc_taxi_ingest.py took 0.887 seconds
[2026-08-15T23:19:17.520+0000] {processor.py:161} INFO - Started process (PID=572) to work on /opt/airflow/dags/nyc_taxi_ingest.py
[2026-08-15T23:19:17.524+0000] {processor.py:830} INFO - Processing file /opt/airflow/dags/nyc_taxi_ingest.py for tasks to queue
[2026-08-15T23:19:17.532+0000] {logging_mixin.py:188} INFO - [2026-08-15T23:19:17.530+0000] {dagbag.py:545} INFO - Filling up the DagBag from /opt/airflow/dags/nyc_taxi_ingest.py
[2026-08-15T23:19:19.329+0000] {processor.py:840} INFO - DAG(s) 'nyc_taxi_ingest' retrieved from /opt/airflow/dags/nyc_taxi_ingest.py
[2026-08-15T23:19:19.399+0000] {logging_mixin.py:188} INFO - [2026-08-15T23:19:19.397+0000] {dag.py:3089} INFO - Sync 1 DAGs
[2026-08-15T23:19:19.479+0000] {logging_mixin.py:188} INFO - [2026-08-15T23:19:19.478+0000] {dag.py:3947} INFO - Setting next_dagrun for nyc_taxi_ingest to None, run_after=None
[2026-08-15T23:19:19.541+0000] {processor.py:183} INFO - Processing /opt/airflow/dags/nyc_taxi_ingest.py took 2.041 seconds
[2026-08-15T23:19:50.268+0000] {processor.py:161} INFO - Started process (PID=574) to work on /opt/airflow/dags/nyc_taxi_ingest.py
[2026-08-15T23:19:50.271+0000] {processor.py:830} INFO - Processing file /opt/airflow/dags/nyc_taxi_ingest.py for tasks to queue
[2026-08-15T23:19:50.275+0000] {logging_mixin.py:188} INFO - [2026-08-15T23:19:50.274+0000] {dagbag.py:545} INFO - Filling up the DagBag from /opt/airflow/dags/nyc_taxi_ingest.py
[2026-08-15T23:19:51.337+0000] {processor.py:840} INFO - DAG(s) 'nyc_taxi_ingest' retrieved from /opt/airflow/dags/nyc_taxi_ingest.py
[2026-08-15T23:19:51.364+0000] {logging_mixin.py:188} INFO - [2026-08-15T23:19:51.363+0000] {dag.py:3089} INFO - Sync 1 DAGs
[2026-08-15T23:19:51.412+0000] {logging_mixin.py:188} INFO - [2026-08-15T23:19:51.411+0000] {dag.py:3947} INFO - Setting next_dagrun for nyc_taxi_ingest to None, run_after=None
[2026-08-15T23:19:51.455+0000] {processor.py:183} INFO - Processing /opt/airflow/dags/nyc_taxi_ingest.py took 1.203 seconds
[2026-08-15T23:20:21.706+0000] {processor.py:161} INFO - Started process (PID=576) to work on /opt/airflow/dags/nyc_taxi_ingest.py
[2026-08-15T23:20:21.710+0000] {processor.py:830} INFO - Processing file /opt/airflow/dags/nyc_taxi_ingest.py for tasks to queue
[2026-08-15T23:20:21.719+0000] {logging_mixin.py:188} INFO - [2026-08-15T23:20:21.717+0000] {dagbag.py:545} INFO - Filling up the DagBag from /opt/airflow/dags/nyc_taxi_ingest.py
[2026-08-15T23:20:22.830+0000] {processor.py:840} INFO - DAG(s) 'nyc_taxi_ingest' retrieved from /opt/airflow/dags/nyc_taxi_ingest.py
[2026-08-15T23:20:22.875+0000] {logging_mixin.py:188} INFO - [2026-08-15T23:20:22.875+0000] {dag.py:3089} INFO - Sync 1 DAGs
[2026-08-15T23:20:22.928+0000] {logging_mixin.py:188} INFO - [2026-08-15T23:20:22.928+0000] {dag.py:3947} INFO - Setting next_dagrun for nyc_taxi_ingest to None, run_after=None
[2026-08-15T23:20:22.974+0000] {processor.py:183} INFO - Processing /opt/airflow/dags/nyc_taxi_ingest.py took 1.303 seconds
[2026-08-15T23:20:53.207+0000] {processor.py:161} INFO - Started process (PID=578) to work on /opt/airflow/dags/nyc_taxi_ingest.py
[2026-08-15T23:20:53.212+0000] {processor.py:830} INFO - Processing file /opt/airflow/dags/nyc_taxi_ingest.py for tasks to queue
[2026-08-15T23:20:53.222+0000] {logging_mixin.py:188} INFO - [2026-08-15T23:20:53.220+0000] {dagbag.py:545} INFO - Filling up the DagBag from /opt/airflow/dags/nyc_taxi_ingest.py
[2026-08-15T23:20:54.395+0000] {processor.py:840} INFO - DAG(s) 'nyc_taxi_ingest' retrieved from /opt/airflow/dags/nyc_taxi_ingest.py
[2026-08-15T23:20:54.458+0000] {logging_mixin.py:188} INFO - [2026-08-15T23:20:54.457+0000] {dag.py:3089} INFO - Sync 1 DAGs
[2026-08-15T23:20:54.507+0000] {logging_mixin.py:188} INFO - [2026-08-15T23:20:54.507+0000] {dag.py:3947} INFO - Setting next_dagrun for nyc_taxi_ingest to None, run_after=None
[2026-08-15T23:20:54.563+0000] {processor.py:183} INFO - Processing /opt/airflow/dags/nyc_taxi_ingest.py took 1.373 seconds
[2026-08-15T23:21:24.725+0000] {processor.py:161} INFO - Started process (PID=580) to work on /opt/airflow/dags/nyc_taxi_ingest.py
[2026-08-15T23:21:24.727+0000] {processor.py:830} INFO - Processing file /opt/airflow/dags/nyc_taxi_ingest.py for tasks to queue
[2026-08-15T23:21:24.732+0000] {logging_mixin.py:188} INFO - [2026-08-15T23:21:24.731+0000] {dagbag.py:545} INFO - Filling up the DagBag from /opt/airflow/dags/nyc_taxi_ingest.py
[2026-08-15T23:21:26.121+0000] {processor.py:840} INFO - DAG(s) 'nyc_taxi_ingest' retrieved from /opt/airflow/dags/nyc_taxi_ingest.py
[2026-08-15T23:21:26.189+0000] {logging_mixin.py:188} INFO - [2026-08-15T23:21:26.187+0000] {dag.py:3089} INFO - Sync 1 DAGs
[2026-08-15T23:21:26.243+0000] {logging_mixin.py:188} INFO - [2026-08-15T23:21:26.243+0000] {dag.py:3947} INFO - Setting next_dagrun for nyc_taxi_ingest to None, run_after=None
[2026-08-15T23:21:26.289+0000] {processor.py:183} INFO - Processing /opt/airflow/dags/nyc_taxi_ingest.py took 1.580 seconds
[2026-08-15T23:21:56.629+0000] {processor.py:161} INFO - Started process (PID=582) to work on /opt/airflow/dags/nyc_taxi_ingest.py
[2026-08-15T23:21:56.631+0000] {processor.py:830} INFO - Processing file /opt/airflow/dags/nyc_taxi_ingest.py for tasks to queue
[2026-08-15T23:21:56.634+0000] {logging_mixin.py:188} INFO - [2026-08-15T23:21:56.633+0000] {dagbag.py:545} INFO - Filling up the DagBag from /opt/airflow/dags/nyc_taxi_ingest.py
[2026-08-15T23:21:57.556+0000] {processor.py:840} INFO - DAG(s) 'nyc_taxi_ingest' retrieved from /opt/airflow/dags/nyc_taxi_ingest.py
[2026-08-15T23:21:57.603+0000] {logging_mixin.py:188} INFO - [2026-08-15T23:21:57.602+0000] {dag.py:3089} INFO - Sync 1 DAGs
[2026-08-15T23:21:57.637+0000] {logging_mixin.py:188} INFO - [2026-08-15T23:21:57.637+0000] {dag.py:3947} INFO - Setting next_dagrun for nyc_taxi_ingest to None, run_after=None
[2026-08-15T23:21:57.679+0000] {processor.py:183} INFO - Processing /opt/airflow/dags/nyc_taxi_ingest.py took 1.059 seconds
[2026-08-15T23:22:27.921+0000] {processor.py:161} INFO - Started process (PID=584) to work on /opt/airflow/dags/nyc_taxi_ingest.py
[2026-08-15T23:22:27.923+0000] {processor.py:830} INFO - Processing file /opt/airflow/dags/nyc_taxi_ingest.py for tasks to queue
[2026-08-15T23:22:27.926+0000] {logging_mixin.py:188} INFO - [2026-08-15T23:22:27.926+0000] {dagbag.py:545} INFO - Filling up the DagBag from /opt/airflow/dags/nyc_taxi_ingest.py
[2026-08-15T23:22:28.556+0000] {processor.py:840} INFO - DAG(s) 'nyc_taxi_ingest' retrieved from /opt/airflow/dags/nyc_taxi_ingest.py
[2026-08-15T23:22:28.590+0000] {logging_mixin.py:188} INFO - [2026-08-15T23:22:28.589+0000] {dag.py:3089} INFO - Sync 1 DAGs
[2026-08-15T23:22:28.612+0000] {logging_mixin.py:188} INFO - [2026-08-15T23:22:28.612+0000] {dag.py:3947} INFO - Setting next_dagrun for nyc_taxi_ingest to None, run_after=None
[2026-08-15T23:22:28.637+0000] {processor.py:183} INFO - Processing /opt/airflow/dags/nyc_taxi_ingest.py took 0.725 seconds
[2026-08-15T23:22:59.006+0000] {processor.py:161} INFO - Started process (PID=586) to work on /opt/airflow/dags/nyc_taxi_ingest.py
[2026-08-15T23:22:59.009+0000] {processor.py:830} INFO - Processing file /opt/airflow/dags/nyc_taxi_ingest.py for tasks to queue
[2026-08-15T23:22:59.013+0000] {logging_mixin.py:188} INFO - [2026-08-15T23:22:59.012+0000] {dagbag.py:545} INFO - Filling up the DagBag from /opt/airflow/dags/nyc_taxi_ingest.py
[2026-08-15T23:23:00.112+0000] {processor.py:840} INFO - DAG(s) 'nyc_taxi_ingest' retrieved from /opt/airflow/dags/nyc_taxi_ingest.py
[2026-08-15T23:23:00.183+0000] {logging_mixin.py:188} INFO - [2026-08-15T23:23:00.182+0000] {dag.py:3089} INFO - Sync 1 DAGs
[2026-08-15T23:23:00.220+0000] {logging_mixin.py:188} INFO - [2026-08-15T23:23:00.220+0000] {dag.py:3947} INFO - Setting next_dagrun for nyc_taxi_ingest to None, run_after=None
[2026-08-15T23:23:00.266+0000] {processor.py:183} INFO - Processing /opt/airflow/dags/nyc_taxi_ingest.py took 1.271 seconds
[2026-08-15T23:23:30.522+0000] {processor.py:161} INFO - Started process (PID=588) to work on /opt/airflow/dags/nyc_taxi_ingest.py
[2026-08-15T23:23:30.524+0000] {processor.py:830} INFO - Processing file /opt/airflow/dags/nyc_taxi_ingest.py for tasks to queue
[2026-08-15T23:23:30.538+0000] {logging_mixin.py:188} INFO - [2026-08-15T23:23:30.536+0000] {dagbag.py:545} INFO - Filling up the DagBag from /opt/airflow/dags/nyc_taxi_ingest.py
[2026-08-15T23:23:31.666+0000] {processor.py:840} INFO - DAG(s) 'nyc_taxi_ingest' retrieved from /opt/airflow/dags/nyc_taxi_ingest.py
[2026-08-15T23:23:31.724+0000] {logging_mixin.py:188} INFO - [2026-08-15T23:23:31.723+0000] {dag.py:3089} INFO - Sync 1 DAGs
[2026-08-15T23:23:31.769+0000] {logging_mixin.py:188} INFO - [2026-08-15T23:23:31.768+0000] {dag.py:3947} INFO - Setting next_dagrun for nyc_taxi_ingest to None, run_after=None
[2026-08-15T23:23:31.813+0000] {processor.py:183} INFO - Processing /opt/airflow/dags/nyc_taxi_ingest.py took 1.302 seconds
[2026-08-15T23:24:02.131+0000] {processor.py:161} INFO - Started process (PID=590) to work on /opt/airflow/dags/nyc_taxi_ingest.py
[2026-08-15T23:24:02.132+0000] {processor.py:830} INFO - Processing file /opt/airflow/dags/nyc_taxi_ingest.py for tasks to queue
[2026-08-15T23:24:02.135+0000] {logging_mixin.py:188} INFO - [2026-08-15T23:24:02.135+0000] {dagbag.py:545} INFO - Filling up the DagBag from /opt/airflow/dags/nyc_taxi_ingest.py
[2026-08-15T23:24:03.037+0000] {processor.py:840} INFO - DAG(s) 'nyc_taxi_ingest' retrieved from /opt/airflow/dags/nyc_taxi_ingest.py
[2026-08-15T23:24:03.072+0000] {logging_mixin.py:188} INFO - [2026-08-15T23:24:03.071+0000] {dag.py:3089} INFO - Sync 1 DAGs
[2026-08-15T23:24:03.095+0000] {logging_mixin.py:188} INFO - [2026-08-15T23:24:03.094+0000] {dag.py:3947} INFO - Setting next_dagrun for nyc_taxi_ingest to None, run_after=None
[2026-08-15T23:24:03.124+0000] {processor.py:183} INFO - Processing /opt/airflow/dags/nyc_taxi_ingest.py took 1.003 seconds
[2026-08-15T23:24:33.512+0000] {processor.py:161} INFO - Started process (PID=592) to work on /opt/airflow/dags/nyc_taxi_ingest.py
[2026-08-15T23:24:33.514+0000] {processor.py:830} INFO - Processing file /opt/airflow/dags/nyc_taxi_ingest.py for tasks to queue
[2026-08-15T23:24:33.518+0000] {logging_mixin.py:188} INFO - [2026-08-15T23:24:33.518+0000] {dagbag.py:545} INFO - Filling up the DagBag from /opt/airflow/dags/nyc_taxi_ingest.py
[2026-08-15T23:24:34.628+0000] {processor.py:840} INFO - DAG(s) 'nyc_taxi_ingest' retrieved from /opt/airflow/dags/nyc_taxi_ingest.py
[2026-08-15T23:24:34.670+0000] {logging_mixin.py:188} INFO - [2026-08-15T23:24:34.669+0000] {dag.py:3089} INFO - Sync 1 DAGs
[2026-08-15T23:24:34.718+0000] {logging_mixin.py:188} INFO - [2026-08-15T23:24:34.718+0000] {dag.py:3947} INFO - Setting next_dagrun for nyc_taxi_ingest to None, run_after=None
[2026-08-15T23:24:34.767+0000] {processor.py:183} INFO - Processing /opt/airflow/dags/nyc_taxi_ingest.py took 1.264 seconds
[2026-08-15T23:25:05.096+0000] {processor.py:161} INFO - Started process (PID=594) to work on /opt/airflow/dags/nyc_taxi_ingest.py
[2026-08-15T23:25:05.099+0000] {processor.py:830} INFO - Processing file /opt/airflow/dags/nyc_taxi_ingest.py for tasks to queue
[2026-08-15T23:25:05.105+0000] {logging_mixin.py:188} INFO - [2026-08-15T23:25:05.103+0000] {dagbag.py:545} INFO - Filling up the DagBag from /opt/airflow/dags/nyc_taxi_ingest.py
[2026-08-15T23:25:06.253+0000] {processor.py:840} INFO - DAG(s) 'nyc_taxi_ingest' retrieved from /opt/airflow/dags/nyc_taxi_ingest.py
[2026-08-15T23:25:06.303+0000] {logging_mixin.py:188} INFO - [2026-08-15T23:25:06.302+0000] {dag.py:3089} INFO - Sync 1 DAGs
[2026-08-15T23:25:06.344+0000] {logging_mixin.py:188} INFO - [2026-08-15T23:25:06.343+0000] {dag.py:3947} INFO - Setting next_dagrun for nyc_taxi_ingest to None, run_after=None
[2026-08-15T23:25:06.389+0000] {processor.py:183} INFO - Processing /opt/airflow/dags/nyc_taxi_ingest.py took 1.308 seconds
[2026-08-15T23:25:36.771+0000] {processor.py:161} INFO - Started process (PID=596) to work on /opt/airflow/dags/nyc_taxi_ingest.py
[2026-08-15T23:25:36.773+0000] {processor.py:830} INFO - Processing file /opt/airflow/dags/nyc_taxi_ingest.py for tasks to queue
[2026-08-15T23:25:36.777+0000] {logging_mixin.py:188} INFO - [2026-08-15T23:25:36.776+0000] {dagbag.py:545} INFO - Filling up the DagBag from /opt/airflow/dags/nyc_taxi_ingest.py
[2026-08-15T23:25:37.818+0000] {processor.py:840} INFO - DAG(s) 'nyc_taxi_ingest' retrieved from /opt/airflow/dags/nyc_taxi_ingest.py
[2026-08-15T23:25:37.887+0000] {logging_mixin.py:188} INFO - [2026-08-15T23:25:37.886+0000] {dag.py:3089} INFO - Sync 1 DAGs
[2026-08-15T23:25:37.938+0000] {logging_mixin.py:188} INFO - [2026-08-15T23:25:37.938+0000] {dag.py:3947} INFO - Setting next_dagrun for nyc_taxi_ingest to None, run_after=None
[2026-08-15T23:25:37.986+0000] {processor.py:183} INFO - Processing /opt/airflow/dags/nyc_taxi_ingest.py took 1.225 seconds
[2026-08-15T23:26:08.448+0000] {processor.py:161} INFO - Started process (PID=598) to work on /opt/airflow/dags/nyc_taxi_ingest.py
[2026-08-15T23:26:08.458+0000] {processor.py:830} INFO - Processing file /opt/airflow/dags/nyc_taxi_ingest.py for tasks to queue
[2026-08-15T23:26:08.471+0000] {logging_mixin.py:188} INFO - [2026-08-15T23:26:08.470+0000] {dagbag.py:545} INFO - Filling up the DagBag from /opt/airflow/dags/nyc_taxi_ingest.py
[2026-08-15T23:26:11.874+0000] {processor.py:840} INFO - DAG(s) 'nyc_taxi_ingest' retrieved from /opt/airflow/dags/nyc_taxi_ingest.py
[2026-08-15T23:26:11.983+0000] {logging_mixin.py:188} INFO - [2026-08-15T23:26:11.982+0000] {dag.py:3089} INFO - Sync 1 DAGs
[2026-08-15T23:26:12.063+0000] {logging_mixin.py:188} INFO - [2026-08-15T23:26:12.062+0000] {dag.py:3947} INFO - Setting next_dagrun for nyc_taxi_ingest to None, run_after=None
[2026-08-15T23:26:12.112+0000] {processor.py:183} INFO - Processing /opt/airflow/dags/nyc_taxi_ingest.py took 3.703 seconds
[2026-08-15T23:26:42.773+0000] {processor.py:161} INFO - Started process (PID=600) to work on /opt/airflow/dags/nyc_taxi_ingest.py
[2026-08-15T23:26:42.777+0000] {processor.py:830} INFO - Processing file /opt/airflow/dags/nyc_taxi_ingest.py for tasks to queue
[2026-08-15T23:26:42.782+0000] {logging_mixin.py:188} INFO - [2026-08-15T23:26:42.781+0000] {dagbag.py:545} INFO - Filling up the DagBag from /opt/airflow/dags/nyc_taxi_ingest.py
[2026-08-15T23:26:44.158+0000] {processor.py:840} INFO - DAG(s) 'nyc_taxi_ingest' retrieved from /opt/airflow/dags/nyc_taxi_ingest.py
[2026-08-15T23:26:44.231+0000] {logging_mixin.py:188} INFO - [2026-08-15T23:26:44.231+0000] {dag.py:3089} INFO - Sync 1 DAGs
[2026-08-15T23:26:44.271+0000] {logging_mixin.py:188} INFO - [2026-08-15T23:26:44.271+0000] {dag.py:3947} INFO - Setting next_dagrun for nyc_taxi_ingest to None, run_after=None
[2026-08-15T23:26:44.312+0000] {processor.py:183} INFO - Processing /opt/airflow/dags/nyc_taxi_ingest.py took 1.565 seconds
[2026-08-15T23:27:14.721+0000] {processor.py:161} INFO - Started process (PID=602) to work on /opt/airflow/dags/nyc_taxi_ingest.py
[2026-08-15T23:27:14.724+0000] {processor.py:830} INFO - Processing file /opt/airflow/dags/nyc_taxi_ingest.py for tasks to queue
[2026-08-15T23:27:14.731+0000] {logging_mixin.py:188} INFO - [2026-08-15T23:27:14.730+0000] {dagbag.py:545} INFO - Filling up the DagBag from /opt/airflow/dags/nyc_taxi_ingest.py
[2026-08-15T23:27:16.810+0000] {processor.py:840} INFO - DAG(s) 'nyc_taxi_ingest' retrieved from /opt/airflow/dags/nyc_taxi_ingest.py
[2026-08-15T23:27:16.872+0000] {logging_mixin.py:188} INFO - [2026-08-15T23:27:16.871+0000] {dag.py:3089} INFO - Sync 1 DAGs
[2026-08-15T23:27:16.918+0000] {logging_mixin.py:188} INFO - [2026-08-15T23:27:16.918+0000] {dag.py:3947} INFO - Setting next_dagrun for nyc_taxi_ingest to None, run_after=None
[2026-08-15T23:27:16.959+0000] {processor.py:183} INFO - Processing /opt/airflow/dags/nyc_taxi_ingest.py took 2.259 seconds
[2026-08-15T23:27:47.070+0000] {processor.py:161} INFO - Started process (PID=604) to work on /opt/airflow/dags/nyc_taxi_ingest.py
[2026-08-15T23:27:47.072+0000] {processor.py:830} INFO - Processing file /opt/airflow/dags/nyc_taxi_ingest.py for tasks to queue
[2026-08-15T23:27:47.075+0000] {logging_mixin.py:188} INFO - [2026-08-15T23:27:47.074+0000] {dagbag.py:545} INFO - Filling up the DagBag from /opt/airflow/dags/nyc_taxi_ingest.py
[2026-08-15T23:27:47.854+0000] {processor.py:840} INFO - DAG(s) 'nyc_taxi_ingest' retrieved from /opt/airflow/dags/nyc_taxi_ingest.py
[2026-08-15T23:27:47.900+0000] {logging_mixin.py:188} INFO - [2026-08-15T23:27:47.899+0000] {dag.py:3089} INFO - Sync 1 DAGs
[2026-08-15T23:27:47.957+0000] {logging_mixin.py:188} INFO - [2026-08-15T23:27:47.956+0000] {dag.py:3947} INFO - Setting next_dagrun for nyc_taxi_ingest to None, run_after=None
[2026-08-15T23:27:47.999+0000] {processor.py:183} INFO - Processing /opt/airflow/dags/nyc_taxi_ingest.py took 0.939 seconds
[2026-08-15T23:28:18.446+0000] {processor.py:161} INFO - Started process (PID=606) to work on /opt/airflow/dags/nyc_taxi_ingest.py
[2026-08-15T23:28:18.449+0000] {processor.py:830} INFO - Processing file /opt/airflow/dags/nyc_taxi_ingest.py for tasks to queue
[2026-08-15T23:28:18.454+0000] {logging_mixin.py:188} INFO - [2026-08-15T23:28:18.453+0000] {dagbag.py:545} INFO - Filling up the DagBag from /opt/airflow/dags/nyc_taxi_ingest.py
[2026-08-15T23:28:19.649+0000] {processor.py:840} INFO - DAG(s) 'nyc_taxi_ingest' retrieved from /opt/airflow/dags/nyc_taxi_ingest.py
[2026-08-15T23:28:19.681+0000] {logging_mixin.py:188} INFO - [2026-08-15T23:28:19.680+0000] {dag.py:3089} INFO - Sync 1 DAGs
[2026-08-15T23:28:19.732+0000] {logging_mixin.py:188} INFO - [2026-08-15T23:28:19.731+0000] {dag.py:3947} INFO - Setting next_dagrun for nyc_taxi_ingest to None, run_after=None
[2026-08-15T23:28:19.778+0000] {processor.py:183} INFO - Processing /opt/airflow/dags/nyc_taxi_ingest.py took 1.350 seconds
[2026-08-15T23:28:49.884+0000] {processor.py:161} INFO - Started process (PID=608) to work on /opt/airflow/dags/nyc_taxi_ingest.py
[2026-08-15T23:28:49.886+0000] {processor.py:830} INFO - Processing file /opt/airflow/dags/nyc_taxi_ingest.py for tasks to queue
[2026-08-15T23:28:49.890+0000] {logging_mixin.py:188} INFO - [2026-08-15T23:28:49.889+0000] {dagbag.py:545} INFO - Filling up the DagBag from /opt/airflow/dags/nyc_taxi_ingest.py
[2026-08-15T23:28:50.548+0000] {processor.py:840} INFO - DAG(s) 'nyc_taxi_ingest' retrieved from /opt/airflow/dags/nyc_taxi_ingest.py
[2026-08-15T23:28:50.594+0000] {logging_mixin.py:188} INFO - [2026-08-15T23:28:50.593+0000] {dag.py:3089} INFO - Sync 1 DAGs
[2026-08-15T23:28:50.631+0000] {logging_mixin.py:188} INFO - [2026-08-15T23:28:50.630+0000] {dag.py:3947} INFO - Setting next_dagrun for nyc_taxi_ingest to None, run_after=None
[2026-08-15T23:28:50.669+0000] {processor.py:183} INFO - Processing /opt/airflow/dags/nyc_taxi_ingest.py took 0.793 seconds
[2026-08-15T23:29:21.037+0000] {processor.py:161} INFO - Started process (PID=610) to work on /opt/airflow/dags/nyc_taxi_ingest.py
[2026-08-15T23:29:21.040+0000] {processor.py:830} INFO - Processing file /opt/airflow/dags/nyc_taxi_ingest.py for tasks to queue
[2026-08-15T23:29:21.045+0000] {logging_mixin.py:188} INFO - [2026-08-15T23:29:21.044+0000] {dagbag.py:545} INFO - Filling up the DagBag from /opt/airflow/dags/nyc_taxi_ingest.py
[2026-08-15T23:29:22.101+0000] {processor.py:840} INFO - DAG(s) 'nyc_taxi_ingest' retrieved from /opt/airflow/dags/nyc_taxi_ingest.py
[2026-08-15T23:29:22.163+0000] {logging_mixin.py:188} INFO - [2026-08-15T23:29:22.161+0000] {dag.py:3089} INFO - Sync 1 DAGs
[2026-08-15T23:29:22.214+0000] {logging_mixin.py:188} INFO - [2026-08-15T23:29:22.214+0000] {dag.py:3947} INFO - Setting next_dagrun for nyc_taxi_ingest to None, run_after=None
[2026-08-15T23:29:22.262+0000] {processor.py:183} INFO - Processing /opt/airflow/dags/nyc_taxi_ingest.py took 1.240 seconds
[2026-08-15T23:29:52.583+0000] {processor.py:161} INFO - Started process (PID=612) to work on /opt/airflow/dags/nyc_taxi_ingest.py
[2026-08-15T23:29:52.586+0000] {processor.py:830} INFO - Processing file /opt/airflow/dags/nyc_taxi_ingest.py for tasks to queue
[2026-08-15T23:29:52.590+0000] {logging_mixin.py:188} INFO - [2026-08-15T23:29:52.590+0000] {dagbag.py:545} INFO - Filling up the DagBag from /opt/airflow/dags/nyc_taxi_ingest.py
[2026-08-15T23:29:53.851+0000] {processor.py:840} INFO - DAG(s) 'nyc_taxi_ingest' retrieved from /opt/airflow/dags/nyc_taxi_ingest.py
[2026-08-15T23:29:53.893+0000] {logging_mixin.py:188} INFO - [2026-08-15T23:29:53.892+0000] {dag.py:3089} INFO - Sync 1 DAGs
[2026-08-15T23:29:53.931+0000] {logging_mixin.py:188} INFO - [2026-08-15T23:29:53.931+0000] {dag.py:3947} INFO - Setting next_dagrun for nyc_taxi_ingest to None, run_after=None
[2026-08-15T23:29:53.966+0000] {processor.py:183} INFO - Processing /opt/airflow/dags/nyc_taxi_ingest.py took 1.395 seconds
[2026-08-15T23:30:24.291+0000] {processor.py:161} INFO - Started process (PID=614) to work on /opt/airflow/dags/nyc_taxi_ingest.py
[2026-08-15T23:30:24.293+0000] {processor.py:830} INFO - Processing file /opt/airflow/dags/nyc_taxi_ingest.py for tasks to queue
[2026-08-15T23:30:24.296+0000] {logging_mixin.py:188} INFO - [2026-08-15T23:30:24.295+0000] {dagbag.py:545} INFO - Filling up the DagBag from /opt/airflow/dags/nyc_taxi_ingest.py
[2026-08-15T23:30:25.178+0000] {processor.py:840} INFO - DAG(s) 'nyc_taxi_ingest' retrieved from /opt/airflow/dags/nyc_taxi_ingest.py
[2026-08-15T23:30:25.226+0000] {logging_mixin.py:188} INFO - [2026-08-15T23:30:25.225+0000] {dag.py:3089} INFO - Sync 1 DAGs
[2026-08-15T23:30:25.262+0000] {logging_mixin.py:188} INFO - [2026-08-15T23:30:25.262+0000] {dag.py:3947} INFO - Setting next_dagrun for nyc_taxi_ingest to None, run_after=None
[2026-08-15T23:30:25.291+0000] {processor.py:183} INFO - Processing /opt/airflow/dags/nyc_taxi_ingest.py took 1.008 seconds
[2026-08-15T23:30:55.594+0000] {processor.py:161} INFO - Started process (PID=616) to work on /opt/airflow/dags/nyc_taxi_ingest.py
[2026-08-15T23:30:55.596+0000] {processor.py:830} INFO - Processing file /opt/airflow/dags/nyc_taxi_ingest.py for tasks to queue
[2026-08-15T23:30:55.598+0000] {logging_mixin.py:188} INFO - [2026-08-15T23:30:55.598+0000] {dagbag.py:545} INFO - Filling up the DagBag from /opt/airflow/dags/nyc_taxi_ingest.py
[2026-08-15T23:30:56.376+0000] {processor.py:840} INFO - DAG(s) 'nyc_taxi_ingest' retrieved from /opt/airflow/dags/nyc_taxi_ingest.py
[2026-08-15T23:30:56.408+0000] {logging_mixin.py:188} INFO - [2026-08-15T23:30:56.408+0000] {dag.py:3089} INFO - Sync 1 DAGs
[2026-08-15T23:30:56.432+0000] {logging_mixin.py:188} INFO - [2026-08-15T23:30:56.431+0000] {dag.py:3947} INFO - Setting next_dagrun for nyc_taxi_ingest to None, run_after=None
[2026-08-15T23:30:56.466+0000] {processor.py:183} INFO - Processing /opt/airflow/dags/nyc_taxi_ingest.py took 0.882 seconds
[2026-08-15T23:31:26.995+0000] {processor.py:161} INFO - Started process (PID=618) to work on /opt/airflow/dags/nyc_taxi_ingest.py
[2026-08-15T23:31:26.998+0000] {processor.py:830} INFO - Processing file /opt/airflow/dags/nyc_taxi_ingest.py for tasks to queue
[2026-08-15T23:31:27.004+0000] {logging_mixin.py:188} INFO - [2026-08-15T23:31:27.004+0000] {dagbag.py:545} INFO - Filling up the DagBag from /opt/airflow/dags/nyc_taxi_ingest.py
[2026-08-15T23:31:27.895+0000] {processor.py:840} INFO - DAG(s) 'nyc_taxi_ingest' retrieved from /opt/airflow/dags/nyc_taxi_ingest.py
[2026-08-15T23:31:27.929+0000] {logging_mixin.py:188} INFO - [2026-08-15T23:31:27.929+0000] {dag.py:3089} INFO - Sync 1 DAGs
[2026-08-15T23:31:27.952+0000] {logging_mixin.py:188} INFO - [2026-08-15T23:31:27.952+0000] {dag.py:3947} INFO - Setting next_dagrun for nyc_taxi_ingest to None, run_after=None
[2026-08-15T23:31:27.974+0000] {processor.py:183} INFO - Processing /opt/airflow/dags/nyc_taxi_ingest.py took 1.015 seconds
[2026-08-15T23:31:58.276+0000] {processor.py:161} INFO - Started process (PID=620) to work on /opt/airflow/dags/nyc_taxi_ingest.py
[2026-08-15T23:31:58.278+0000] {processor.py:830} INFO - Processing file /opt/airflow/dags/nyc_taxi_ingest.py for tasks to queue
[2026-08-15T23:31:58.282+0000] {logging_mixin.py:188} INFO - [2026-08-15T23:31:58.282+0000] {dagbag.py:545} INFO - Filling up the DagBag from /opt/airflow/dags/nyc_taxi_ingest.py
[2026-08-15T23:31:58.961+0000] {processor.py:840} INFO - DAG(s) 'nyc_taxi_ingest' retrieved from /opt/airflow/dags/nyc_taxi_ingest.py
[2026-08-15T23:31:58.998+0000] {logging_mixin.py:188} INFO - [2026-08-15T23:31:58.997+0000] {dag.py:3089} INFO - Sync 1 DAGs
[2026-08-15T23:31:59.027+0000] {logging_mixin.py:188} INFO - [2026-08-15T23:31:59.026+0000] {dag.py:3947} INFO - Setting next_dagrun for nyc_taxi_ingest to None, run_after=None
[2026-08-15T23:31:59.055+0000] {processor.py:183} INFO - Processing /opt/airflow/dags/nyc_taxi_ingest.py took 0.791 seconds
[2026-08-15T23:32:29.390+0000] {processor.py:161} INFO - Started process (PID=622) to work on /opt/airflow/dags/nyc_taxi_ingest.py
[2026-08-15T23:32:29.392+0000] {processor.py:830} INFO - Processing file /opt/airflow/dags/nyc_taxi_ingest.py for tasks to queue
[2026-08-15T23:32:29.395+0000] {logging_mixin.py:188} INFO - [2026-08-15T23:32:29.394+0000] {dagbag.py:545} INFO - Filling up the DagBag from /opt/airflow/dags/nyc_taxi_ingest.py
[2026-08-15T23:32:30.027+0000] {processor.py:840} INFO - DAG(s) 'nyc_taxi_ingest' retrieved from /opt/airflow/dags/nyc_taxi_ingest.py
[2026-08-15T23:32:30.062+0000] {logging_mixin.py:188} INFO - [2026-08-15T23:32:30.062+0000] {dag.py:3089} INFO - Sync 1 DAGs
[2026-08-15T23:32:30.088+0000] {logging_mixin.py:188} INFO - [2026-08-15T23:32:30.088+0000] {dag.py:3947} INFO - Setting next_dagrun for nyc_taxi_ingest to None, run_after=None
[2026-08-15T23:32:30.115+0000] {processor.py:183} INFO - Processing /opt/airflow/dags/nyc_taxi_ingest.py took 0.735 seconds
[2026-08-15T23:33:00.465+0000] {processor.py:161} INFO - Started process (PID=624) to work on /opt/airflow/dags/nyc_taxi_ingest.py
[2026-08-15T23:33:00.474+0000] {processor.py:830} INFO - Processing file /opt/airflow/dags/nyc_taxi_ingest.py for tasks to queue
[2026-08-15T23:33:00.480+0000] {logging_mixin.py:188} INFO - [2026-08-15T23:33:00.479+0000] {dagbag.py:545} INFO - Filling up the DagBag from /opt/airflow/dags/nyc_taxi_ingest.py
[2026-08-15T23:33:01.245+0000] {processor.py:840} INFO - DAG(s) 'nyc_taxi_ingest' retrieved from /opt/airflow/dags/nyc_taxi_ingest.py
[2026-08-15T23:33:01.285+0000] {logging_mixin.py:188} INFO - [2026-08-15T23:33:01.284+0000] {dag.py:3089} INFO - Sync 1 DAGs
[2026-08-15T23:33:01.313+0000] {logging_mixin.py:188} INFO - [2026-08-15T23:33:01.313+0000] {dag.py:3947} INFO - Setting next_dagrun for nyc_taxi_ingest to None, run_after=None
[2026-08-15T23:33:01.345+0000] {processor.py:183} INFO - Processing /opt/airflow/dags/nyc_taxi_ingest.py took 0.894 seconds
[2026-08-15T23:33:31.690+0000] {processor.py:161} INFO - Started process (PID=626) to work on /opt/airflow/dags/nyc_taxi_ingest.py
[2026-08-15T23:33:31.692+0000] {processor.py:830} INFO - Processing file /opt/airflow/dags/nyc_taxi_ingest.py for tasks to queue
[2026-08-15T23:33:31.696+0000] {logging_mixin.py:188} INFO - [2026-08-15T23:33:31.695+0000] {dagbag.py:545} INFO - Filling up the DagBag from /opt/airflow/dags/nyc_taxi_ingest.py
[2026-08-15T23:33:32.283+0000] {processor.py:840} INFO - DAG(s) 'nyc_taxi_ingest' retrieved from /opt/airflow/dags/nyc_taxi_ingest.py
[2026-08-15T23:33:32.316+0000] {logging_mixin.py:188} INFO - [2026-08-15T23:33:32.315+0000] {dag.py:3089} INFO - Sync 1 DAGs
[2026-08-15T23:33:32.333+0000] {logging_mixin.py:188} INFO - [2026-08-15T23:33:32.333+0000] {dag.py:3947} INFO - Setting next_dagrun for nyc_taxi_ingest to None, run_after=None
[2026-08-15T23:33:32.358+0000] {processor.py:183} INFO - Processing /opt/airflow/dags/nyc_taxi_ingest.py took 0.678 seconds
[2026-08-15T23:34:02.691+0000] {processor.py:161} INFO - Started process (PID=628) to work on /opt/airflow/dags/nyc_taxi_ingest.py
[2026-08-15T23:34:02.694+0000] {processor.py:830} INFO - Processing file /opt/airflow/dags/nyc_taxi_ingest.py for tasks to queue
[2026-08-15T23:34:02.699+0000] {logging_mixin.py:188} INFO - [2026-08-15T23:34:02.698+0000] {dagbag.py:545} INFO - Filling up the DagBag from /opt/airflow/dags/nyc_taxi_ingest.py
[2026-08-15T23:34:03.391+0000] {processor.py:840} INFO - DAG(s) 'nyc_taxi_ingest' retrieved from /opt/airflow/dags/nyc_taxi_ingest.py
[2026-08-15T23:34:03.435+0000] {logging_mixin.py:188} INFO - [2026-08-15T23:34:03.434+0000] {dag.py:3089} INFO - Sync 1 DAGs
[2026-08-15T23:34:03.456+0000] {logging_mixin.py:188} INFO - [2026-08-15T23:34:03.456+0000] {dag.py:3947} INFO - Setting next_dagrun for nyc_taxi_ingest to None, run_after=None
[2026-08-15T23:34:03.476+0000] {processor.py:183} INFO - Processing /opt/airflow/dags/nyc_taxi_ingest.py took 0.792 seconds
[2026-08-15T23:34:33.754+0000] {processor.py:161} INFO - Started process (PID=630) to work on /opt/airflow/dags/nyc_taxi_ingest.py
[2026-08-15T23:34:33.756+0000] {processor.py:830} INFO - Processing file /opt/airflow/dags/nyc_taxi_ingest.py for tasks to queue
[2026-08-15T23:34:33.760+0000] {logging_mixin.py:188} INFO - [2026-08-15T23:34:33.759+0000] {dagbag.py:545} INFO - Filling up the DagBag from /opt/airflow/dags/nyc_taxi_ingest.py
[2026-08-15T23:34:34.360+0000] {processor.py:840} INFO - DAG(s) 'nyc_taxi_ingest' retrieved from /opt/airflow/dags/nyc_taxi_ingest.py
[2026-08-15T23:34:34.406+0000] {logging_mixin.py:188} INFO - [2026-08-15T23:34:34.405+0000] {dag.py:3089} INFO - Sync 1 DAGs
[2026-08-15T23:34:34.442+0000] {logging_mixin.py:188} INFO - [2026-08-15T23:34:34.442+0000] {dag.py:3947} INFO - Setting next_dagrun for nyc_taxi_ingest to None, run_after=None
[2026-08-15T23:34:34.486+0000] {processor.py:183} INFO - Processing /opt/airflow/dags/nyc_taxi_ingest.py took 0.744 seconds
[2026-08-15T23:35:04.929+0000] {processor.py:161} INFO - Started process (PID=632) to work on /opt/airflow/dags/nyc_taxi_ingest.py
[2026-08-15T23:35:04.932+0000] {processor.py:830} INFO - Processing file /opt/airflow/dags/nyc_taxi_ingest.py for tasks to queue
[2026-08-15T23:35:04.937+0000] {logging_mixin.py:188} INFO - [2026-08-15T23:35:04.936+0000] {dagbag.py:545} INFO - Filling up the DagBag from /opt/airflow/dags/nyc_taxi_ingest.py
[2026-08-15T23:35:05.620+0000] {processor.py:840} INFO - DAG(s) 'nyc_taxi_ingest' retrieved from /opt/airflow/dags/nyc_taxi_ingest.py
[2026-08-15T23:35:05.655+0000] {logging_mixin.py:188} INFO - [2026-08-15T23:35:05.654+0000] {dag.py:3089} INFO - Sync 1 DAGs
[2026-08-15T23:35:05.690+0000] {logging_mixin.py:188} INFO - [2026-08-15T23:35:05.690+0000] {dag.py:3947} INFO - Setting next_dagrun for nyc_taxi_ingest to None, run_after=None
[2026-08-15T23:35:05.730+0000] {processor.py:183} INFO - Processing /opt/airflow/dags/nyc_taxi_ingest.py took 0.815 seconds
[2026-08-15T23:35:36.235+0000] {processor.py:161} INFO - Started process (PID=634) to work on /opt/airflow/dags/nyc_taxi_ingest.py
[2026-08-15T23:35:36.238+0000] {processor.py:830} INFO - Processing file /opt/airflow/dags/nyc_taxi_ingest.py for tasks to queue
[2026-08-15T23:35:36.242+0000] {logging_mixin.py:188} INFO - [2026-08-15T23:35:36.242+0000] {dagbag.py:545} INFO - Filling up the DagBag from /opt/airflow/dags/nyc_taxi_ingest.py
[2026-08-15T23:35:36.987+0000] {processor.py:840} INFO - DAG(s) 'nyc_taxi_ingest' retrieved from /opt/airflow/dags/nyc_taxi_ingest.py
[2026-08-15T23:35:37.021+0000] {logging_mixin.py:188} INFO - [2026-08-15T23:35:37.020+0000] {dag.py:3089} INFO - Sync 1 DAGs
[2026-08-15T23:35:37.045+0000] {logging_mixin.py:188} INFO - [2026-08-15T23:35:37.045+0000] {dag.py:3947} INFO - Setting next_dagrun for nyc_taxi_ingest to None, run_after=None
[2026-08-15T23:35:37.075+0000] {processor.py:183} INFO - Processing /opt/airflow/dags/nyc_taxi_ingest.py took 0.854 seconds
[2026-08-15T23:36:07.495+0000] {processor.py:161} INFO - Started process (PID=636) to work on /opt/airflow/dags/nyc_taxi_ingest.py
[2026-08-15T23:36:07.497+0000] {processor.py:830} INFO - Processing file /opt/airflow/dags/nyc_taxi_ingest.py for tasks to queue
[2026-08-15T23:36:07.500+0000] {logging_mixin.py:188} INFO - [2026-08-15T23:36:07.500+0000] {dagbag.py:545} INFO - Filling up the DagBag from /opt/airflow/dags/nyc_taxi_ingest.py
[2026-08-15T23:36:08.193+0000] {processor.py:840} INFO - DAG(s) 'nyc_taxi_ingest' retrieved from /opt/airflow/dags/nyc_taxi_ingest.py
[2026-08-15T23:36:08.238+0000] {logging_mixin.py:188} INFO - [2026-08-15T23:36:08.238+0000] {dag.py:3089} INFO - Sync 1 DAGs
[2026-08-15T23:36:08.266+0000] {logging_mixin.py:188} INFO - [2026-08-15T23:36:08.266+0000] {dag.py:3947} INFO - Setting next_dagrun for nyc_taxi_ingest to None, run_after=None
[2026-08-15T23:36:08.296+0000] {processor.py:183} INFO - Processing /opt/airflow/dags/nyc_taxi_ingest.py took 0.810 seconds
[2026-08-15T23:36:38.694+0000] {processor.py:161} INFO - Started process (PID=638) to work on /opt/airflow/dags/nyc_taxi_ingest.py
[2026-08-15T23:36:38.696+0000] {processor.py:830} INFO - Processing file /opt/airflow/dags/nyc_taxi_ingest.py for tasks to queue
[2026-08-15T23:36:38.700+0000] {logging_mixin.py:188} INFO - [2026-08-15T23:36:38.699+0000] {dagbag.py:545} INFO - Filling up the DagBag from /opt/airflow/dags/nyc_taxi_ingest.py
[2026-08-15T23:36:39.330+0000] {processor.py:840} INFO - DAG(s) 'nyc_taxi_ingest' retrieved from /opt/airflow/dags/nyc_taxi_ingest.py
[2026-08-15T23:36:39.357+0000] {logging_mixin.py:188} INFO - [2026-08-15T23:36:39.357+0000] {dag.py:3089} INFO - Sync 1 DAGs
[2026-08-15T23:36:39.379+0000] {logging_mixin.py:188} INFO - [2026-08-15T23:36:39.378+0000] {dag.py:3947} INFO - Setting next_dagrun for nyc_taxi_ingest to None, run_after=None
[2026-08-15T23:36:39.406+0000] {processor.py:183} INFO - Processing /opt/airflow/dags/nyc_taxi_ingest.py took 0.724 seconds
[2026-08-15T23:37:09.768+0000] {processor.py:161} INFO - Started process (PID=640) to work on /opt/airflow/dags/nyc_taxi_ingest.py
[2026-08-15T23:37:09.770+0000] {processor.py:830} INFO - Processing file /opt/airflow/dags/nyc_taxi_ingest.py for tasks to queue
[2026-08-15T23:37:09.773+0000] {logging_mixin.py:188} INFO - [2026-08-15T23:37:09.773+0000] {dagbag.py:545} INFO - Filling up the DagBag from /opt/airflow/dags/nyc_taxi_ingest.py
[2026-08-15T23:37:10.286+0000] {processor.py:840} INFO - DAG(s) 'nyc_taxi_ingest' retrieved from /opt/airflow/dags/nyc_taxi_ingest.py
[2026-08-15T23:37:10.312+0000] {logging_mixin.py:188} INFO - [2026-08-15T23:37:10.311+0000] {dag.py:3089} INFO - Sync 1 DAGs
[2026-08-15T23:37:10.330+0000] {logging_mixin.py:188} INFO - [2026-08-15T23:37:10.330+0000] {dag.py:3947} INFO - Setting next_dagrun for nyc_taxi_ingest to None, run_after=None
[2026-08-15T23:37:10.347+0000] {processor.py:183} INFO - Processing /opt/airflow/dags/nyc_taxi_ingest.py took 0.587 seconds
[2026-08-15T23:37:40.672+0000] {processor.py:161} INFO - Started process (PID=642) to work on /opt/airflow/dags/nyc_taxi_ingest.py
[2026-08-15T23:37:40.674+0000] {processor.py:830} INFO - Processing file /opt/airflow/dags/nyc_taxi_ingest.py for tasks to queue
[2026-08-15T23:37:40.677+0000] {logging_mixin.py:188} INFO - [2026-08-15T23:37:40.677+0000] {dagbag.py:545} INFO - Filling up the DagBag from /opt/airflow/dags/nyc_taxi_ingest.py
[2026-08-15T23:37:41.223+0000] {processor.py:840} INFO - DAG(s) 'nyc_taxi_ingest' retrieved from /opt/airflow/dags/nyc_taxi_ingest.py
[2026-08-15T23:37:41.251+0000] {logging_mixin.py:188} INFO - [2026-08-15T23:37:41.250+0000] {dag.py:3089} INFO - Sync 1 DAGs
[2026-08-15T23:37:41.269+0000] {logging_mixin.py:188} INFO - [2026-08-15T23:37:41.269+0000] {dag.py:3947} INFO - Setting next_dagrun for nyc_taxi_ingest to None, run_after=None
[2026-08-15T23:37:41.308+0000] {processor.py:183} INFO - Processing /opt/airflow/dags/nyc_taxi_ingest.py took 0.644 seconds
[2026-08-15T23:38:11.669+0000] {processor.py:161} INFO - Started process (PID=644) to work on /opt/airflow/dags/nyc_taxi_ingest.py
[2026-08-15T23:38:11.671+0000] {processor.py:830} INFO - Processing file /opt/airflow/dags/nyc_taxi_ingest.py for tasks to queue
[2026-08-15T23:38:11.674+0000] {logging_mixin.py:188} INFO - [2026-08-15T23:38:11.674+0000] {dagbag.py:545} INFO - Filling up the DagBag from /opt/airflow/dags/nyc_taxi_ingest.py
[2026-08-15T23:38:12.261+0000] {processor.py:840} INFO - DAG(s) 'nyc_taxi_ingest' retrieved from /opt/airflow/dags/nyc_taxi_ingest.py
[2026-08-15T23:38:12.295+0000] {logging_mixin.py:188} INFO - [2026-08-15T23:38:12.295+0000] {dag.py:3089} INFO - Sync 1 DAGs
[2026-08-15T23:38:12.323+0000] {logging_mixin.py:188} INFO - [2026-08-15T23:38:12.322+0000] {dag.py:3947} INFO - Setting next_dagrun for nyc_taxi_ingest to None, run_after=None
[2026-08-15T23:38:12.349+0000] {processor.py:183} INFO - Processing /opt/airflow/dags/nyc_taxi_ingest.py took 0.690 seconds
[2026-08-15T23:38:42.717+0000] {processor.py:161} INFO - Started process (PID=646) to work on /opt/airflow/dags/nyc_taxi_ingest.py
[2026-08-15T23:38:42.719+0000] {processor.py:830} INFO - Processing file /opt/airflow/dags/nyc_taxi_ingest.py for tasks to queue
[2026-08-15T23:38:42.722+0000] {logging_mixin.py:188} INFO - [2026-08-15T23:38:42.721+0000] {dagbag.py:545} INFO - Filling up the DagBag from /opt/airflow/dags/nyc_taxi_ingest.py
[2026-08-15T23:38:43.271+0000] {processor.py:840} INFO - DAG(s) 'nyc_taxi_ingest' retrieved from /opt/airflow/dags/nyc_taxi_ingest.py
[2026-08-15T23:38:43.300+0000] {logging_mixin.py:188} INFO - [2026-08-15T23:38:43.300+0000] {dag.py:3089} INFO - Sync 1 DAGs
[2026-08-15T23:38:43.319+0000] {logging_mixin.py:188} INFO - [2026-08-15T23:38:43.318+0000] {dag.py:3947} INFO - Setting next_dagrun for nyc_taxi_ingest to None, run_after=None
[2026-08-15T23:38:43.338+0000] {processor.py:183} INFO - Processing /opt/airflow/dags/nyc_taxi_ingest.py took 0.628 seconds
[2026-08-15T23:39:13.661+0000] {processor.py:161} INFO - Started process (PID=648) to work on /opt/airflow/dags/nyc_taxi_ingest.py
[2026-08-15T23:39:13.663+0000] {processor.py:830} INFO - Processing file /opt/airflow/dags/nyc_taxi_ingest.py for tasks to queue
[2026-08-15T23:39:13.669+0000] {logging_mixin.py:188} INFO - [2026-08-15T23:39:13.668+0000] {dagbag.py:545} INFO - Filling up the DagBag from /opt/airflow/dags/nyc_taxi_ingest.py
[2026-08-15T23:39:14.777+0000] {processor.py:840} INFO - DAG(s) 'nyc_taxi_ingest' retrieved from /opt/airflow/dags/nyc_taxi_ingest.py
[2026-08-15T23:39:14.842+0000] {logging_mixin.py:188} INFO - [2026-08-15T23:39:14.842+0000] {dag.py:3089} INFO - Sync 1 DAGs
[2026-08-15T23:39:14.897+0000] {logging_mixin.py:188} INFO - [2026-08-15T23:39:14.897+0000] {dag.py:3947} INFO - Setting next_dagrun for nyc_taxi_ingest to None, run_after=None
[2026-08-15T23:39:14.947+0000] {processor.py:183} INFO - Processing /opt/airflow/dags/nyc_taxi_ingest.py took 1.300 seconds
[2026-08-15T23:39:45.326+0000] {processor.py:161} INFO - Started process (PID=650) to work on /opt/airflow/dags/nyc_taxi_ingest.py
[2026-08-15T23:39:45.328+0000] {processor.py:830} INFO - Processing file /opt/airflow/dags/nyc_taxi_ingest.py for tasks to queue
[2026-08-15T23:39:45.331+0000] {logging_mixin.py:188} INFO - [2026-08-15T23:39:45.330+0000] {dagbag.py:545} INFO - Filling up the DagBag from /opt/airflow/dags/nyc_taxi_ingest.py
[2026-08-15T23:39:46.008+0000] {processor.py:840} INFO - DAG(s) 'nyc_taxi_ingest' retrieved from /opt/airflow/dags/nyc_taxi_ingest.py
[2026-08-15T23:39:46.037+0000] {logging_mixin.py:188} INFO - [2026-08-15T23:39:46.037+0000] {dag.py:3089} INFO - Sync 1 DAGs
[2026-08-15T23:39:46.056+0000] {logging_mixin.py:188} INFO - [2026-08-15T23:39:46.056+0000] {dag.py:3947} INFO - Setting next_dagrun for nyc_taxi_ingest to None, run_after=None
[2026-08-15T23:39:46.082+0000] {processor.py:183} INFO - Processing /opt/airflow/dags/nyc_taxi_ingest.py took 0.765 seconds
[2026-08-15T23:40:16.377+0000] {processor.py:161} INFO - Started process (PID=652) to work on /opt/airflow/dags/nyc_taxi_ingest.py
[2026-08-15T23:40:16.379+0000] {processor.py:830} INFO - Processing file /opt/airflow/dags/nyc_taxi_ingest.py for tasks to queue
[2026-08-15T23:40:16.383+0000] {logging_mixin.py:188} INFO - [2026-08-15T23:40:16.382+0000] {dagbag.py:545} INFO - Filling up the DagBag from /opt/airflow/dags/nyc_taxi_ingest.py
[2026-08-15T23:40:17.293+0000] {processor.py:840} INFO - DAG(s) 'nyc_taxi_ingest' retrieved from /opt/airflow/dags/nyc_taxi_ingest.py
[2026-08-15T23:40:17.367+0000] {logging_mixin.py:188} INFO - [2026-08-15T23:40:17.366+0000] {dag.py:3089} INFO - Sync 1 DAGs
[2026-08-15T23:40:17.414+0000] {logging_mixin.py:188} INFO - [2026-08-15T23:40:17.414+0000] {dag.py:3947} INFO - Setting next_dagrun for nyc_taxi_ingest to None, run_after=None
[2026-08-15T23:40:17.468+0000] {processor.py:183} INFO - Processing /opt/airflow/dags/nyc_taxi_ingest.py took 1.103 seconds
[2026-08-15T23:40:47.732+0000] {processor.py:161} INFO - Started process (PID=654) to work on /opt/airflow/dags/nyc_taxi_ingest.py
[2026-08-15T23:40:47.733+0000] {processor.py:830} INFO - Processing file /opt/airflow/dags/nyc_taxi_ingest.py for tasks to queue
[2026-08-15T23:40:47.736+0000] {logging_mixin.py:188} INFO - [2026-08-15T23:40:47.736+0000] {dagbag.py:545} INFO - Filling up the DagBag from /opt/airflow/dags/nyc_taxi_ingest.py
[2026-08-15T23:40:48.363+0000] {processor.py:840} INFO - DAG(s) 'nyc_taxi_ingest' retrieved from /opt/airflow/dags/nyc_taxi_ingest.py
[2026-08-15T23:40:48.392+0000] {logging_mixin.py:188} INFO - [2026-08-15T23:40:48.391+0000] {dag.py:3089} INFO - Sync 1 DAGs
[2026-08-15T23:40:48.421+0000] {logging_mixin.py:188} INFO - [2026-08-15T23:40:48.420+0000] {dag.py:3947} INFO - Setting next_dagrun for nyc_taxi_ingest to None, run_after=None
[2026-08-15T23:40:48.450+0000] {processor.py:183} INFO - Processing /opt/airflow/dags/nyc_taxi_ingest.py took 0.730 seconds
[2026-08-15T23:41:18.941+0000] {processor.py:161} INFO - Started process (PID=656) to work on /opt/airflow/dags/nyc_taxi_ingest.py
[2026-08-15T23:41:18.945+0000] {processor.py:830} INFO - Processing file /opt/airflow/dags/nyc_taxi_ingest.py for tasks to queue
[2026-08-15T23:41:18.950+0000] {logging_mixin.py:188} INFO - [2026-08-15T23:41:18.949+0000] {dagbag.py:545} INFO - Filling up the DagBag from /opt/airflow/dags/nyc_taxi_ingest.py
[2026-08-15T23:41:20.171+0000] {processor.py:840} INFO - DAG(s) 'nyc_taxi_ingest' retrieved from /opt/airflow/dags/nyc_taxi_ingest.py
[2026-08-15T23:41:20.236+0000] {logging_mixin.py:188} INFO - [2026-08-15T23:41:20.235+0000] {dag.py:3089} INFO - Sync 1 DAGs
[2026-08-15T23:41:20.271+0000] {logging_mixin.py:188} INFO - [2026-08-15T23:41:20.271+0000] {dag.py:3947} INFO - Setting next_dagrun for nyc_taxi_ingest to None, run_after=None
[2026-08-15T23:41:20.303+0000] {processor.py:183} INFO - Processing /opt/airflow/dags/nyc_taxi_ingest.py took 1.378 seconds
[2026-08-15T23:41:50.420+0000] {processor.py:161} INFO - Started process (PID=658) to work on /opt/airflow/dags/nyc_taxi_ingest.py
[2026-08-15T23:41:50.421+0000] {processor.py:830} INFO - Processing file /opt/airflow/dags/nyc_taxi_ingest.py for tasks to queue
[2026-08-15T23:41:50.425+0000] {logging_mixin.py:188} INFO - [2026-08-15T23:41:50.424+0000] {dagbag.py:545} INFO - Filling up the DagBag from /opt/airflow/dags/nyc_taxi_ingest.py
[2026-08-15T23:41:50.958+0000] {processor.py:840} INFO - DAG(s) 'nyc_taxi_ingest' retrieved from /opt/airflow/dags/nyc_taxi_ingest.py
[2026-08-15T23:41:50.987+0000] {logging_mixin.py:188} INFO - [2026-08-15T23:41:50.986+0000] {dag.py:3089} INFO - Sync 1 DAGs
[2026-08-15T23:41:51.011+0000] {logging_mixin.py:188} INFO - [2026-08-15T23:41:51.011+0000] {dag.py:3947} INFO - Setting next_dagrun for nyc_taxi_ingest to None, run_after=None
[2026-08-15T23:41:51.035+0000] {processor.py:183} INFO - Processing /opt/airflow/dags/nyc_taxi_ingest.py took 0.622 seconds
[2026-08-15T23:42:21.408+0000] {processor.py:161} INFO - Started process (PID=660) to work on /opt/airflow/dags/nyc_taxi_ingest.py
[2026-08-15T23:42:21.411+0000] {processor.py:830} INFO - Processing file /opt/airflow/dags/nyc_taxi_ingest.py for tasks to queue
[2026-08-15T23:42:21.417+0000] {logging_mixin.py:188} INFO - [2026-08-15T23:42:21.416+0000] {dagbag.py:545} INFO - Filling up the DagBag from /opt/airflow/dags/nyc_taxi_ingest.py
[2026-08-15T23:42:21.949+0000] {processor.py:840} INFO - DAG(s) 'nyc_taxi_ingest' retrieved from /opt/airflow/dags/nyc_taxi_ingest.py
[2026-08-15T23:42:21.978+0000] {logging_mixin.py:188} INFO - [2026-08-15T23:42:21.978+0000] {dag.py:3089} INFO - Sync 1 DAGs
[2026-08-15T23:42:21.996+0000] {logging_mixin.py:188} INFO - [2026-08-15T23:42:21.996+0000] {dag.py:3947} INFO - Setting next_dagrun for nyc_taxi_ingest to None, run_after=None
[2026-08-15T23:42:22.014+0000] {processor.py:183} INFO - Processing /opt/airflow/dags/nyc_taxi_ingest.py took 0.617 seconds
[2026-08-15T23:42:52.274+0000] {processor.py:161} INFO - Started process (PID=662) to work on /opt/airflow/dags/nyc_taxi_ingest.py
[2026-08-15T23:42:52.276+0000] {processor.py:830} INFO - Processing file /opt/airflow/dags/nyc_taxi_ingest.py for tasks to queue
[2026-08-15T23:42:52.280+0000] {logging_mixin.py:188} INFO - [2026-08-15T23:42:52.279+0000] {dagbag.py:545} INFO - Filling up the DagBag from /opt/airflow/dags/nyc_taxi_ingest.py
[2026-08-15T23:42:52.882+0000] {processor.py:840} INFO - DAG(s) 'nyc_taxi_ingest' retrieved from /opt/airflow/dags/nyc_taxi_ingest.py
[2026-08-15T23:42:52.919+0000] {logging_mixin.py:188} INFO - [2026-08-15T23:42:52.919+0000] {dag.py:3089} INFO - Sync 1 DAGs
[2026-08-15T23:42:52.942+0000] {logging_mixin.py:188} INFO - [2026-08-15T23:42:52.942+0000] {dag.py:3947} INFO - Setting next_dagrun for nyc_taxi_ingest to None, run_after=None
[2026-08-15T23:42:52.967+0000] {processor.py:183} INFO - Processing /opt/airflow/dags/nyc_taxi_ingest.py took 0.701 seconds
[2026-08-15T23:43:23.331+0000] {processor.py:161} INFO - Started process (PID=664) to work on /opt/airflow/dags/nyc_taxi_ingest.py
[2026-08-15T23:43:23.333+0000] {processor.py:830} INFO - Processing file /opt/airflow/dags/nyc_taxi_ingest.py for tasks to queue
[2026-08-15T23:43:23.336+0000] {logging_mixin.py:188} INFO - [2026-08-15T23:43:23.336+0000] {dagbag.py:545} INFO - Filling up the DagBag from /opt/airflow/dags/nyc_taxi_ingest.py
[2026-08-15T23:43:24.036+0000] {processor.py:840} INFO - DAG(s) 'nyc_taxi_ingest' retrieved from /opt/airflow/dags/nyc_taxi_ingest.py
[2026-08-15T23:43:24.064+0000] {logging_mixin.py:188} INFO - [2026-08-15T23:43:24.063+0000] {dag.py:3089} INFO - Sync 1 DAGs
[2026-08-15T23:43:24.088+0000] {logging_mixin.py:188} INFO - [2026-08-15T23:43:24.088+0000] {dag.py:3947} INFO - Setting next_dagrun for nyc_taxi_ingest to None, run_after=None
[2026-08-15T23:43:24.113+0000] {processor.py:183} INFO - Processing /opt/airflow/dags/nyc_taxi_ingest.py took 0.792 seconds
[2026-08-15T23:43:54.464+0000] {processor.py:161} INFO - Started process (PID=666) to work on /opt/airflow/dags/nyc_taxi_ingest.py
[2026-08-15T23:43:54.466+0000] {processor.py:830} INFO - Processing file /opt/airflow/dags/nyc_taxi_ingest.py for tasks to queue
[2026-08-15T23:43:54.468+0000] {logging_mixin.py:188} INFO - [2026-08-15T23:43:54.468+0000] {dagbag.py:545} INFO - Filling up the DagBag from /opt/airflow/dags/nyc_taxi_ingest.py
[2026-08-15T23:43:55.096+0000] {processor.py:840} INFO - DAG(s) 'nyc_taxi_ingest' retrieved from /opt/airflow/dags/nyc_taxi_ingest.py
[2026-08-15T23:43:55.120+0000] {logging_mixin.py:188} INFO - [2026-08-15T23:43:55.119+0000] {dag.py:3089} INFO - Sync 1 DAGs
[2026-08-15T23:43:55.144+0000] {logging_mixin.py:188} INFO - [2026-08-15T23:43:55.144+0000] {dag.py:3947} INFO - Setting next_dagrun for nyc_taxi_ingest to None, run_after=None
[2026-08-15T23:43:55.171+0000] {processor.py:183} INFO - Processing /opt/airflow/dags/nyc_taxi_ingest.py took 0.718 seconds
[2026-08-15T23:44:25.596+0000] {processor.py:161} INFO - Started process (PID=668) to work on /opt/airflow/dags/nyc_taxi_ingest.py
[2026-08-15T23:44:25.598+0000] {processor.py:830} INFO - Processing file /opt/airflow/dags/nyc_taxi_ingest.py for tasks to queue
[2026-08-15T23:44:25.601+0000] {logging_mixin.py:188} INFO - [2026-08-15T23:44:25.601+0000] {dagbag.py:545} INFO - Filling up the DagBag from /opt/airflow/dags/nyc_taxi_ingest.py
[2026-08-15T23:44:26.621+0000] {processor.py:840} INFO - DAG(s) 'nyc_taxi_ingest' retrieved from /opt/airflow/dags/nyc_taxi_ingest.py
[2026-08-15T23:44:26.677+0000] {logging_mixin.py:188} INFO - [2026-08-15T23:44:26.676+0000] {dag.py:3089} INFO - Sync 1 DAGs
[2026-08-15T23:44:26.725+0000] {logging_mixin.py:188} INFO - [2026-08-15T23:44:26.724+0000] {dag.py:3947} INFO - Setting next_dagrun for nyc_taxi_ingest to None, run_after=None
[2026-08-15T23:44:26.772+0000] {processor.py:183} INFO - Processing /opt/airflow/dags/nyc_taxi_ingest.py took 1.189 seconds
[2026-08-15T23:44:56.927+0000] {processor.py:161} INFO - Started process (PID=670) to work on /opt/airflow/dags/nyc_taxi_ingest.py
[2026-08-15T23:44:56.929+0000] {processor.py:830} INFO - Processing file /opt/airflow/dags/nyc_taxi_ingest.py for tasks to queue
[2026-08-15T23:44:56.932+0000] {logging_mixin.py:188} INFO - [2026-08-15T23:44:56.932+0000] {dagbag.py:545} INFO - Filling up the DagBag from /opt/airflow/dags/nyc_taxi_ingest.py
[2026-08-15T23:44:57.568+0000] {processor.py:840} INFO - DAG(s) 'nyc_taxi_ingest' retrieved from /opt/airflow/dags/nyc_taxi_ingest.py
[2026-08-15T23:44:57.614+0000] {logging_mixin.py:188} INFO - [2026-08-15T23:44:57.614+0000] {dag.py:3089} INFO - Sync 1 DAGs
[2026-08-15T23:44:57.636+0000] {logging_mixin.py:188} INFO - [2026-08-15T23:44:57.636+0000] {dag.py:3947} INFO - Setting next_dagrun for nyc_taxi_ingest to None, run_after=None
[2026-08-15T23:44:57.666+0000] {processor.py:183} INFO - Processing /opt/airflow/dags/nyc_taxi_ingest.py took 0.748 seconds
[2026-08-15T23:45:28.066+0000] {processor.py:161} INFO - Started process (PID=672) to work on /opt/airflow/dags/nyc_taxi_ingest.py
[2026-08-15T23:45:28.069+0000] {processor.py:830} INFO - Processing file /opt/airflow/dags/nyc_taxi_ingest.py for tasks to queue
[2026-08-15T23:45:28.072+0000] {logging_mixin.py:188} INFO - [2026-08-15T23:45:28.071+0000] {dagbag.py:545} INFO - Filling up the DagBag from /opt/airflow/dags/nyc_taxi_ingest.py
[2026-08-15T23:45:28.611+0000] {processor.py:840} INFO - DAG(s) 'nyc_taxi_ingest' retrieved from /opt/airflow/dags/nyc_taxi_ingest.py
[2026-08-15T23:45:28.641+0000] {logging_mixin.py:188} INFO - [2026-08-15T23:45:28.641+0000] {dag.py:3089} INFO - Sync 1 DAGs
[2026-08-15T23:45:28.666+0000] {logging_mixin.py:188} INFO - [2026-08-15T23:45:28.665+0000] {dag.py:3947} INFO - Setting next_dagrun for nyc_taxi_ingest to None, run_after=None
[2026-08-15T23:45:28.691+0000] {processor.py:183} INFO - Processing /opt/airflow/dags/nyc_taxi_ingest.py took 0.636 seconds
[2026-08-15T23:45:59.054+0000] {processor.py:161} INFO - Started process (PID=674) to work on /opt/airflow/dags/nyc_taxi_ingest.py
[2026-08-15T23:45:59.056+0000] {processor.py:830} INFO - Processing file /opt/airflow/dags/nyc_taxi_ingest.py for tasks to queue
[2026-08-15T23:45:59.058+0000] {logging_mixin.py:188} INFO - [2026-08-15T23:45:59.058+0000] {dagbag.py:545} INFO - Filling up the DagBag from /opt/airflow/dags/nyc_taxi_ingest.py
[2026-08-15T23:45:59.647+0000] {processor.py:840} INFO - DAG(s) 'nyc_taxi_ingest' retrieved from /opt/airflow/dags/nyc_taxi_ingest.py
[2026-08-15T23:45:59.687+0000] {logging_mixin.py:188} INFO - [2026-08-15T23:45:59.686+0000] {dag.py:3089} INFO - Sync 1 DAGs
[2026-08-15T23:45:59.722+0000] {logging_mixin.py:188} INFO - [2026-08-15T23:45:59.721+0000] {dag.py:3947} INFO - Setting next_dagrun for nyc_taxi_ingest to None, run_after=None
[2026-08-15T23:45:59.756+0000] {processor.py:183} INFO - Processing /opt/airflow/dags/nyc_taxi_ingest.py took 0.711 seconds
[2026-08-15T23:46:30.157+0000] {processor.py:161} INFO - Started process (PID=676) to work on /opt/airflow/dags/nyc_taxi_ingest.py
[2026-08-15T23:46:30.160+0000] {processor.py:830} INFO - Processing file /opt/airflow/dags/nyc_taxi_ingest.py for tasks to queue
[2026-08-15T23:46:30.164+0000] {logging_mixin.py:188} INFO - [2026-08-15T23:46:30.163+0000] {dagbag.py:545} INFO - Filling up the DagBag from /opt/airflow/dags/nyc_taxi_ingest.py
[2026-08-15T23:46:30.757+0000] {processor.py:840} INFO - DAG(s) 'nyc_taxi_ingest' retrieved from /opt/airflow/dags/nyc_taxi_ingest.py
[2026-08-15T23:46:30.784+0000] {logging_mixin.py:188} INFO - [2026-08-15T23:46:30.784+0000] {dag.py:3089} INFO - Sync 1 DAGs
[2026-08-15T23:46:30.808+0000] {logging_mixin.py:188} INFO - [2026-08-15T23:46:30.807+0000] {dag.py:3947} INFO - Setting next_dagrun for nyc_taxi_ingest to None, run_after=None
[2026-08-15T23:46:30.833+0000] {processor.py:183} INFO - Processing /opt/airflow/dags/nyc_taxi_ingest.py took 0.692 seconds
[2026-08-15T23:47:01.197+0000] {processor.py:161} INFO - Started process (PID=678) to work on /opt/airflow/dags/nyc_taxi_ingest.py
[2026-08-15T23:47:01.199+0000] {processor.py:830} INFO - Processing file /opt/airflow/dags/nyc_taxi_ingest.py for tasks to queue
[2026-08-15T23:47:01.203+0000] {logging_mixin.py:188} INFO - [2026-08-15T23:47:01.202+0000] {dagbag.py:545} INFO - Filling up the DagBag from /opt/airflow/dags/nyc_taxi_ingest.py
[2026-08-15T23:47:01.832+0000] {processor.py:840} INFO - DAG(s) 'nyc_taxi_ingest' retrieved from /opt/airflow/dags/nyc_taxi_ingest.py
[2026-08-15T23:47:01.866+0000] {logging_mixin.py:188} INFO - [2026-08-15T23:47:01.865+0000] {dag.py:3089} INFO - Sync 1 DAGs
[2026-08-15T23:47:01.895+0000] {logging_mixin.py:188} INFO - [2026-08-15T23:47:01.895+0000] {dag.py:3947} INFO - Setting next_dagrun for nyc_taxi_ingest to None, run_after=None
[2026-08-15T23:47:01.920+0000] {processor.py:183} INFO - Processing /opt/airflow/dags/nyc_taxi_ingest.py took 0.732 seconds
[2026-08-15T23:47:32.271+0000] {processor.py:161} INFO - Started process (PID=680) to work on /opt/airflow/dags/nyc_taxi_ingest.py
[2026-08-15T23:47:32.273+0000] {processor.py:830} INFO - Processing file /opt/airflow/dags/nyc_taxi_ingest.py for tasks to queue
[2026-08-15T23:47:32.277+0000] {logging_mixin.py:188} INFO - [2026-08-15T23:47:32.276+0000] {dagbag.py:545} INFO - Filling up the DagBag from /opt/airflow/dags/nyc_taxi_ingest.py
[2026-08-15T23:47:32.858+0000] {processor.py:840} INFO - DAG(s) 'nyc_taxi_ingest' retrieved from /opt/airflow/dags/nyc_taxi_ingest.py
[2026-08-15T23:47:32.895+0000] {logging_mixin.py:188} INFO - [2026-08-15T23:47:32.894+0000] {dag.py:3089} INFO - Sync 1 DAGs
[2026-08-15T23:47:32.920+0000] {logging_mixin.py:188} INFO - [2026-08-15T23:47:32.919+0000] {dag.py:3947} INFO - Setting next_dagrun for nyc_taxi_ingest to None, run_after=None
[2026-08-15T23:47:32.944+0000] {processor.py:183} INFO - Processing /opt/airflow/dags/nyc_taxi_ingest.py took 0.683 seconds
[2026-08-15T23:48:03.315+0000] {processor.py:161} INFO - Started process (PID=682) to work on /opt/airflow/dags/nyc_taxi_ingest.py
[2026-08-15T23:48:03.316+0000] {processor.py:830} INFO - Processing file /opt/airflow/dags/nyc_taxi_ingest.py for tasks to queue
[2026-08-15T23:48:03.319+0000] {logging_mixin.py:188} INFO - [2026-08-15T23:48:03.319+0000] {dagbag.py:545} INFO - Filling up the DagBag from /opt/airflow/dags/nyc_taxi_ingest.py
[2026-08-15T23:48:04.081+0000] {processor.py:840} INFO - DAG(s) 'nyc_taxi_ingest' retrieved from /opt/airflow/dags/nyc_taxi_ingest.py
[2026-08-15T23:48:04.145+0000] {logging_mixin.py:188} INFO - [2026-08-15T23:48:04.145+0000] {dag.py:3089} INFO - Sync 1 DAGs
[2026-08-15T23:48:04.188+0000] {logging_mixin.py:188} INFO - [2026-08-15T23:48:04.187+0000] {dag.py:3947} INFO - Setting next_dagrun for nyc_taxi_ingest to None, run_after=None
[2026-08-15T23:48:04.236+0000] {processor.py:183} INFO - Processing /opt/airflow/dags/nyc_taxi_ingest.py took 0.929 seconds
[2026-08-15T23:48:34.597+0000] {processor.py:161} INFO - Started process (PID=684) to work on /opt/airflow/dags/nyc_taxi_ingest.py
[2026-08-15T23:48:34.600+0000] {processor.py:830} INFO - Processing file /opt/airflow/dags/nyc_taxi_ingest.py for tasks to queue
[2026-08-15T23:48:34.603+0000] {logging_mixin.py:188} INFO - [2026-08-15T23:48:34.603+0000] {dagbag.py:545} INFO - Filling up the DagBag from /opt/airflow/dags/nyc_taxi_ingest.py
[2026-08-15T23:48:35.692+0000] {processor.py:840} INFO - DAG(s) 'nyc_taxi_ingest' retrieved from /opt/airflow/dags/nyc_taxi_ingest.py
[2026-08-15T23:48:35.752+0000] {logging_mixin.py:188} INFO - [2026-08-15T23:48:35.751+0000] {dag.py:3089} INFO - Sync 1 DAGs
[2026-08-15T23:48:35.781+0000] {logging_mixin.py:188} INFO - [2026-08-15T23:48:35.781+0000] {dag.py:3947} INFO - Setting next_dagrun for nyc_taxi_ingest to None, run_after=None
[2026-08-15T23:48:35.807+0000] {processor.py:183} INFO - Processing /opt/airflow/dags/nyc_taxi_ingest.py took 1.222 seconds
[2026-08-15T23:49:05.922+0000] {processor.py:161} INFO - Started process (PID=686) to work on /opt/airflow/dags/nyc_taxi_ingest.py
[2026-08-15T23:49:05.924+0000] {processor.py:830} INFO - Processing file /opt/airflow/dags/nyc_taxi_ingest.py for tasks to queue
[2026-08-15T23:49:05.926+0000] {logging_mixin.py:188} INFO - [2026-08-15T23:49:05.926+0000] {dagbag.py:545} INFO - Filling up the DagBag from /opt/airflow/dags/nyc_taxi_ingest.py
[2026-08-15T23:49:06.522+0000] {processor.py:840} INFO - DAG(s) 'nyc_taxi_ingest' retrieved from /opt/airflow/dags/nyc_taxi_ingest.py
[2026-08-15T23:49:06.574+0000] {logging_mixin.py:188} INFO - [2026-08-15T23:49:06.573+0000] {dag.py:3089} INFO - Sync 1 DAGs
[2026-08-15T23:49:06.601+0000] {logging_mixin.py:188} INFO - [2026-08-15T23:49:06.601+0000] {dag.py:3947} INFO - Setting next_dagrun for nyc_taxi_ingest to None, run_after=None
[2026-08-15T23:49:06.625+0000] {processor.py:183} INFO - Processing /opt/airflow/dags/nyc_taxi_ingest.py took 0.712 seconds
[2026-08-15T23:49:37.002+0000] {processor.py:161} INFO - Started process (PID=688) to work on /opt/airflow/dags/nyc_taxi_ingest.py
[2026-08-15T23:49:37.004+0000] {processor.py:830} INFO - Processing file /opt/airflow/dags/nyc_taxi_ingest.py for tasks to queue
[2026-08-15T23:49:37.006+0000] {logging_mixin.py:188} INFO - [2026-08-15T23:49:37.006+0000] {dagbag.py:545} INFO - Filling up the DagBag from /opt/airflow/dags/nyc_taxi_ingest.py
[2026-08-15T23:49:37.640+0000] {processor.py:840} INFO - DAG(s) 'nyc_taxi_ingest' retrieved from /opt/airflow/dags/nyc_taxi_ingest.py
[2026-08-15T23:49:37.700+0000] {logging_mixin.py:188} INFO - [2026-08-15T23:49:37.699+0000] {dag.py:3089} INFO - Sync 1 DAGs
[2026-08-15T23:49:37.736+0000] {logging_mixin.py:188} INFO - [2026-08-15T23:49:37.735+0000] {dag.py:3947} INFO - Setting next_dagrun for nyc_taxi_ingest to None, run_after=None
[2026-08-15T23:49:37.766+0000] {processor.py:183} INFO - Processing /opt/airflow/dags/nyc_taxi_ingest.py took 0.772 seconds
[2026-08-15T23:50:07.891+0000] {processor.py:161} INFO - Started process (PID=690) to work on /opt/airflow/dags/nyc_taxi_ingest.py
[2026-08-15T23:50:07.893+0000] {processor.py:830} INFO - Processing file /opt/airflow/dags/nyc_taxi_ingest.py for tasks to queue
[2026-08-15T23:50:07.896+0000] {logging_mixin.py:188} INFO - [2026-08-15T23:50:07.896+0000] {dagbag.py:545} INFO - Filling up the DagBag from /opt/airflow/dags/nyc_taxi_ingest.py
[2026-08-15T23:50:08.533+0000] {processor.py:840} INFO - DAG(s) 'nyc_taxi_ingest' retrieved from /opt/airflow/dags/nyc_taxi_ingest.py
[2026-08-15T23:50:08.568+0000] {logging_mixin.py:188} INFO - [2026-08-15T23:50:08.567+0000] {dag.py:3089} INFO - Sync 1 DAGs
[2026-08-15T23:50:08.589+0000] {logging_mixin.py:188} INFO - [2026-08-15T23:50:08.589+0000] {dag.py:3947} INFO - Setting next_dagrun for nyc_taxi_ingest to None, run_after=None
[2026-08-15T23:50:08.620+0000] {processor.py:183} INFO - Processing /opt/airflow/dags/nyc_taxi_ingest.py took 0.740 seconds
[2026-08-15T23:50:38.953+0000] {processor.py:161} INFO - Started process (PID=692) to work on /opt/airflow/dags/nyc_taxi_ingest.py
[2026-08-15T23:50:38.955+0000] {processor.py:830} INFO - Processing file /opt/airflow/dags/nyc_taxi_ingest.py for tasks to queue
[2026-08-15T23:50:38.959+0000] {logging_mixin.py:188} INFO - [2026-08-15T23:50:38.959+0000] {dagbag.py:545} INFO - Filling up the DagBag from /opt/airflow/dags/nyc_taxi_ingest.py
[2026-08-15T23:50:39.770+0000] {processor.py:840} INFO - DAG(s) 'nyc_taxi_ingest' retrieved from /opt/airflow/dags/nyc_taxi_ingest.py
[2026-08-15T23:50:39.817+0000] {logging_mixin.py:188} INFO - [2026-08-15T23:50:39.816+0000] {dag.py:3089} INFO - Sync 1 DAGs
[2026-08-15T23:50:39.856+0000] {logging_mixin.py:188} INFO - [2026-08-15T23:50:39.855+0000] {dag.py:3947} INFO - Setting next_dagrun for nyc_taxi_ingest to None, run_after=None
[2026-08-15T23:50:39.903+0000] {processor.py:183} INFO - Processing /opt/airflow/dags/nyc_taxi_ingest.py took 0.962 seconds
[2026-08-15T23:51:10.305+0000] {processor.py:161} INFO - Started process (PID=694) to work on /opt/airflow/dags/nyc_taxi_ingest.py
[2026-08-15T23:51:10.307+0000] {processor.py:830} INFO - Processing file /opt/airflow/dags/nyc_taxi_ingest.py for tasks to queue
[2026-08-15T23:51:10.310+0000] {logging_mixin.py:188} INFO - [2026-08-15T23:51:10.310+0000] {dagbag.py:545} INFO - Filling up the DagBag from /opt/airflow/dags/nyc_taxi_ingest.py
[2026-08-15T23:51:11.277+0000] {processor.py:840} INFO - DAG(s) 'nyc_taxi_ingest' retrieved from /opt/airflow/dags/nyc_taxi_ingest.py
[2026-08-15T23:51:11.326+0000] {logging_mixin.py:188} INFO - [2026-08-15T23:51:11.325+0000] {dag.py:3089} INFO - Sync 1 DAGs
[2026-08-15T23:51:11.367+0000] {logging_mixin.py:188} INFO - [2026-08-15T23:51:11.367+0000] {dag.py:3947} INFO - Setting next_dagrun for nyc_taxi_ingest to None, run_after=None
[2026-08-15T23:51:11.405+0000] {processor.py:183} INFO - Processing /opt/airflow/dags/nyc_taxi_ingest.py took 1.115 seconds
[2026-08-15T23:51:41.737+0000] {processor.py:161} INFO - Started process (PID=696) to work on /opt/airflow/dags/nyc_taxi_ingest.py
[2026-08-15T23:51:41.738+0000] {processor.py:830} INFO - Processing file /opt/airflow/dags/nyc_taxi_ingest.py for tasks to queue
[2026-08-15T23:51:41.741+0000] {logging_mixin.py:188} INFO - [2026-08-15T23:51:41.741+0000] {dagbag.py:545} INFO - Filling up the DagBag from /opt/airflow/dags/nyc_taxi_ingest.py
[2026-08-15T23:51:42.318+0000] {processor.py:840} INFO - DAG(s) 'nyc_taxi_ingest' retrieved from /opt/airflow/dags/nyc_taxi_ingest.py
[2026-08-15T23:51:42.351+0000] {logging_mixin.py:188} INFO - [2026-08-15T23:51:42.350+0000] {dag.py:3089} INFO - Sync 1 DAGs
[2026-08-15T23:51:42.380+0000] {logging_mixin.py:188} INFO - [2026-08-15T23:51:42.379+0000] {dag.py:3947} INFO - Setting next_dagrun for nyc_taxi_ingest to None, run_after=None
[2026-08-15T23:51:42.407+0000] {processor.py:183} INFO - Processing /opt/airflow/dags/nyc_taxi_ingest.py took 0.678 seconds
[2026-08-15T23:52:12.780+0000] {processor.py:161} INFO - Started process (PID=698) to work on /opt/airflow/dags/nyc_taxi_ingest.py
[2026-08-15T23:52:12.781+0000] {processor.py:830} INFO - Processing file /opt/airflow/dags/nyc_taxi_ingest.py for tasks to queue
[2026-08-15T23:52:12.784+0000] {logging_mixin.py:188} INFO - [2026-08-15T23:52:12.783+0000] {dagbag.py:545} INFO - Filling up the DagBag from /opt/airflow/dags/nyc_taxi_ingest.py
[2026-08-15T23:52:13.330+0000] {processor.py:840} INFO - DAG(s) 'nyc_taxi_ingest' retrieved from /opt/airflow/dags/nyc_taxi_ingest.py
[2026-08-15T23:52:13.356+0000] {logging_mixin.py:188} INFO - [2026-08-15T23:52:13.356+0000] {dag.py:3089} INFO - Sync 1 DAGs
[2026-08-15T23:52:13.375+0000] {logging_mixin.py:188} INFO - [2026-08-15T23:52:13.375+0000] {dag.py:3947} INFO - Setting next_dagrun for nyc_taxi_ingest to None, run_after=None
[2026-08-15T23:52:13.402+0000] {processor.py:183} INFO - Processing /opt/airflow/dags/nyc_taxi_ingest.py took 0.630 seconds
[2026-08-15T23:52:43.776+0000] {processor.py:161} INFO - Started process (PID=700) to work on /opt/airflow/dags/nyc_taxi_ingest.py
[2026-08-15T23:52:43.779+0000] {processor.py:830} INFO - Processing file /opt/airflow/dags/nyc_taxi_ingest.py for tasks to queue
[2026-08-15T23:52:43.785+0000] {logging_mixin.py:188} INFO - [2026-08-15T23:52:43.784+0000] {dagbag.py:545} INFO - Filling up the DagBag from /opt/airflow/dags/nyc_taxi_ingest.py
[2026-08-15T23:52:44.803+0000] {processor.py:840} INFO - DAG(s) 'nyc_taxi_ingest' retrieved from /opt/airflow/dags/nyc_taxi_ingest.py
[2026-08-15T23:52:44.859+0000] {logging_mixin.py:188} INFO - [2026-08-15T23:52:44.858+0000] {dag.py:3089} INFO - Sync 1 DAGs
[2026-08-15T23:52:44.901+0000] {logging_mixin.py:188} INFO - [2026-08-15T23:52:44.900+0000] {dag.py:3947} INFO - Setting next_dagrun for nyc_taxi_ingest to None, run_after=None
[2026-08-15T23:52:44.938+0000] {processor.py:183} INFO - Processing /opt/airflow/dags/nyc_taxi_ingest.py took 1.187 seconds
[2026-08-15T23:53:15.100+0000] {processor.py:161} INFO - Started process (PID=702) to work on /opt/airflow/dags/nyc_taxi_ingest.py
[2026-08-15T23:53:15.102+0000] {processor.py:830} INFO - Processing file /opt/airflow/dags/nyc_taxi_ingest.py for tasks to queue
[2026-08-15T23:53:15.105+0000] {logging_mixin.py:188} INFO - [2026-08-15T23:53:15.105+0000] {dagbag.py:545} INFO - Filling up the DagBag from /opt/airflow/dags/nyc_taxi_ingest.py
[2026-08-15T23:53:15.665+0000] {processor.py:840} INFO - DAG(s) 'nyc_taxi_ingest' retrieved from /opt/airflow/dags/nyc_taxi_ingest.py
[2026-08-15T23:53:15.700+0000] {logging_mixin.py:188} INFO - [2026-08-15T23:53:15.699+0000] {dag.py:3089} INFO - Sync 1 DAGs
[2026-08-15T23:53:15.736+0000] {logging_mixin.py:188} INFO - [2026-08-15T23:53:15.736+0000] {dag.py:3947} INFO - Setting next_dagrun for nyc_taxi_ingest to None, run_after=None
[2026-08-15T23:53:15.764+0000] {processor.py:183} INFO - Processing /opt/airflow/dags/nyc_taxi_ingest.py took 0.675 seconds
[2026-08-15T23:53:46.109+0000] {processor.py:161} INFO - Started process (PID=704) to work on /opt/airflow/dags/nyc_taxi_ingest.py
[2026-08-15T23:53:46.111+0000] {processor.py:830} INFO - Processing file /opt/airflow/dags/nyc_taxi_ingest.py for tasks to queue
[2026-08-15T23:53:46.115+0000] {logging_mixin.py:188} INFO - [2026-08-15T23:53:46.114+0000] {dagbag.py:545} INFO - Filling up the DagBag from /opt/airflow/dags/nyc_taxi_ingest.py
[2026-08-15T23:53:46.723+0000] {processor.py:840} INFO - DAG(s) 'nyc_taxi_ingest' retrieved from /opt/airflow/dags/nyc_taxi_ingest.py
[2026-08-15T23:53:46.747+0000] {logging_mixin.py:188} INFO - [2026-08-15T23:53:46.746+0000] {dag.py:3089} INFO - Sync 1 DAGs
[2026-08-15T23:53:46.765+0000] {logging_mixin.py:188} INFO - [2026-08-15T23:53:46.764+0000] {dag.py:3947} INFO - Setting next_dagrun for nyc_taxi_ingest to None, run_after=None
[2026-08-15T23:53:46.792+0000] {processor.py:183} INFO - Processing /opt/airflow/dags/nyc_taxi_ingest.py took 0.691 seconds
[2026-08-15T23:54:16.932+0000] {processor.py:161} INFO - Started process (PID=706) to work on /opt/airflow/dags/nyc_taxi_ingest.py
[2026-08-15T23:54:16.933+0000] {processor.py:830} INFO - Processing file /opt/airflow/dags/nyc_taxi_ingest.py for tasks to queue
[2026-08-15T23:54:16.936+0000] {logging_mixin.py:188} INFO - [2026-08-15T23:54:16.935+0000] {dagbag.py:545} INFO - Filling up the DagBag from /opt/airflow/dags/nyc_taxi_ingest.py
[2026-08-15T23:54:17.567+0000] {processor.py:840} INFO - DAG(s) 'nyc_taxi_ingest' retrieved from /opt/airflow/dags/nyc_taxi_ingest.py
[2026-08-15T23:54:17.607+0000] {logging_mixin.py:188} INFO - [2026-08-15T23:54:17.607+0000] {dag.py:3089} INFO - Sync 1 DAGs
[2026-08-15T23:54:17.635+0000] {logging_mixin.py:188} INFO - [2026-08-15T23:54:17.635+0000] {dag.py:3947} INFO - Setting next_dagrun for nyc_taxi_ingest to None, run_after=None
[2026-08-15T23:54:17.678+0000] {processor.py:183} INFO - Processing /opt/airflow/dags/nyc_taxi_ingest.py took 0.754 seconds
[2026-08-15T23:54:48.031+0000] {processor.py:161} INFO - Started process (PID=708) to work on /opt/airflow/dags/nyc_taxi_ingest.py
[2026-08-15T23:54:48.033+0000] {processor.py:830} INFO - Processing file /opt/airflow/dags/nyc_taxi_ingest.py for tasks to queue
[2026-08-15T23:54:48.037+0000] {logging_mixin.py:188} INFO - [2026-08-15T23:54:48.036+0000] {dagbag.py:545} INFO - Filling up the DagBag from /opt/airflow/dags/nyc_taxi_ingest.py
[2026-08-15T23:54:48.745+0000] {processor.py:840} INFO - DAG(s) 'nyc_taxi_ingest' retrieved from /opt/airflow/dags/nyc_taxi_ingest.py
[2026-08-15T23:54:48.777+0000] {logging_mixin.py:188} INFO - [2026-08-15T23:54:48.777+0000] {dag.py:3089} INFO - Sync 1 DAGs
[2026-08-15T23:54:48.800+0000] {logging_mixin.py:188} INFO - [2026-08-15T23:54:48.799+0000] {dag.py:3947} INFO - Setting next_dagrun for nyc_taxi_ingest to None, run_after=None
[2026-08-15T23:54:48.826+0000] {processor.py:183} INFO - Processing /opt/airflow/dags/nyc_taxi_ingest.py took 0.803 seconds
[2026-08-15T23:55:19.221+0000] {processor.py:161} INFO - Started process (PID=710) to work on /opt/airflow/dags/nyc_taxi_ingest.py
[2026-08-15T23:55:19.223+0000] {processor.py:830} INFO - Processing file /opt/airflow/dags/nyc_taxi_ingest.py for tasks to queue
[2026-08-15T23:55:19.227+0000] {logging_mixin.py:188} INFO - [2026-08-15T23:55:19.226+0000] {dagbag.py:545} INFO - Filling up the DagBag from /opt/airflow/dags/nyc_taxi_ingest.py
[2026-08-15T23:55:19.789+0000] {processor.py:840} INFO - DAG(s) 'nyc_taxi_ingest' retrieved from /opt/airflow/dags/nyc_taxi_ingest.py
[2026-08-15T23:55:19.812+0000] {logging_mixin.py:188} INFO - [2026-08-15T23:55:19.812+0000] {dag.py:3089} INFO - Sync 1 DAGs
[2026-08-15T23:55:19.835+0000] {logging_mixin.py:188} INFO - [2026-08-15T23:55:19.835+0000] {dag.py:3947} INFO - Setting next_dagrun for nyc_taxi_ingest to None, run_after=None
[2026-08-15T23:55:19.859+0000] {processor.py:183} INFO - Processing /opt/airflow/dags/nyc_taxi_ingest.py took 0.646 seconds
[2026-08-15T23:55:50.373+0000] {processor.py:161} INFO - Started process (PID=712) to work on /opt/airflow/dags/nyc_taxi_ingest.py
[2026-08-15T23:55:50.375+0000] {processor.py:830} INFO - Processing file /opt/airflow/dags/nyc_taxi_ingest.py for tasks to queue
[2026-08-15T23:55:50.380+0000] {logging_mixin.py:188} INFO - [2026-08-15T23:55:50.379+0000] {dagbag.py:545} INFO - Filling up the DagBag from /opt/airflow/dags/nyc_taxi_ingest.py
[2026-08-15T23:55:50.888+0000] {processor.py:840} INFO - DAG(s) 'nyc_taxi_ingest' retrieved from /opt/airflow/dags/nyc_taxi_ingest.py
[2026-08-15T23:55:50.918+0000] {logging_mixin.py:188} INFO - [2026-08-15T23:55:50.917+0000] {dag.py:3089} INFO - Sync 1 DAGs
[2026-08-15T23:55:50.940+0000] {logging_mixin.py:188} INFO - [2026-08-15T23:55:50.939+0000] {dag.py:3947} INFO - Setting next_dagrun for nyc_taxi_ingest to None, run_after=None
[2026-08-15T23:55:50.960+0000] {processor.py:183} INFO - Processing /opt/airflow/dags/nyc_taxi_ingest.py took 0.606 seconds
[2026-08-15T23:56:21.349+0000] {processor.py:161} INFO - Started process (PID=714) to work on /opt/airflow/dags/nyc_taxi_ingest.py
[2026-08-15T23:56:21.351+0000] {processor.py:830} INFO - Processing file /opt/airflow/dags/nyc_taxi_ingest.py for tasks to queue
[2026-08-15T23:56:21.353+0000] {logging_mixin.py:188} INFO - [2026-08-15T23:56:21.353+0000] {dagbag.py:545} INFO - Filling up the DagBag from /opt/airflow/dags/nyc_taxi_ingest.py
[2026-08-15T23:56:21.733+0000] {processor.py:840} INFO - DAG(s) 'nyc_taxi_ingest' retrieved from /opt/airflow/dags/nyc_taxi_ingest.py
[2026-08-15T23:56:21.763+0000] {logging_mixin.py:188} INFO - [2026-08-15T23:56:21.763+0000] {dag.py:3089} INFO - Sync 1 DAGs
[2026-08-15T23:56:21.792+0000] {logging_mixin.py:188} INFO - [2026-08-15T23:56:21.792+0000] {dag.py:3947} INFO - Setting next_dagrun for nyc_taxi_ingest to None, run_after=None
[2026-08-15T23:56:21.820+0000] {processor.py:183} INFO - Processing /opt/airflow/dags/nyc_taxi_ingest.py took 0.480 seconds
[2026-08-15T23:56:52.048+0000] {processor.py:161} INFO - Started process (PID=716) to work on /opt/airflow/dags/nyc_taxi_ingest.py
[2026-08-15T23:56:52.051+0000] {processor.py:830} INFO - Processing file /opt/airflow/dags/nyc_taxi_ingest.py for tasks to queue
[2026-08-15T23:56:52.056+0000] {logging_mixin.py:188} INFO - [2026-08-15T23:56:52.055+0000] {dagbag.py:545} INFO - Filling up the DagBag from /opt/airflow/dags/nyc_taxi_ingest.py
[2026-08-15T23:56:52.459+0000] {processor.py:840} INFO - DAG(s) 'nyc_taxi_ingest' retrieved from /opt/airflow/dags/nyc_taxi_ingest.py
[2026-08-15T23:56:52.490+0000] {logging_mixin.py:188} INFO - [2026-08-15T23:56:52.489+0000] {dag.py:3089} INFO - Sync 1 DAGs
[2026-08-15T23:56:52.512+0000] {logging_mixin.py:188} INFO - [2026-08-15T23:56:52.512+0000] {dag.py:3947} INFO - Setting next_dagrun for nyc_taxi_ingest to None, run_after=None
[2026-08-15T23:56:52.533+0000] {processor.py:183} INFO - Processing /opt/airflow/dags/nyc_taxi_ingest.py took 0.497 seconds
[2026-08-15T23:57:22.853+0000] {processor.py:161} INFO - Started process (PID=718) to work on /opt/airflow/dags/nyc_taxi_ingest.py
[2026-08-15T23:57:22.855+0000] {processor.py:830} INFO - Processing file /opt/airflow/dags/nyc_taxi_ingest.py for tasks to queue
[2026-08-15T23:57:22.858+0000] {logging_mixin.py:188} INFO - [2026-08-15T23:57:22.857+0000] {dagbag.py:545} INFO - Filling up the DagBag from /opt/airflow/dags/nyc_taxi_ingest.py
[2026-08-15T23:57:23.225+0000] {processor.py:840} INFO - DAG(s) 'nyc_taxi_ingest' retrieved from /opt/airflow/dags/nyc_taxi_ingest.py
[2026-08-15T23:57:23.253+0000] {logging_mixin.py:188} INFO - [2026-08-15T23:57:23.252+0000] {dag.py:3089} INFO - Sync 1 DAGs
[2026-08-15T23:57:23.276+0000] {logging_mixin.py:188} INFO - [2026-08-15T23:57:23.276+0000] {dag.py:3947} INFO - Setting next_dagrun for nyc_taxi_ingest to None, run_after=None
[2026-08-15T23:57:23.297+0000] {processor.py:183} INFO - Processing /opt/airflow/dags/nyc_taxi_ingest.py took 0.454 seconds
[2026-08-15T23:57:53.653+0000] {processor.py:161} INFO - Started process (PID=720) to work on /opt/airflow/dags/nyc_taxi_ingest.py
[2026-08-15T23:57:53.654+0000] {processor.py:830} INFO - Processing file /opt/airflow/dags/nyc_taxi_ingest.py for tasks to queue
[2026-08-15T23:57:53.657+0000] {logging_mixin.py:188} INFO - [2026-08-15T23:57:53.657+0000] {dagbag.py:545} INFO - Filling up the DagBag from /opt/airflow/dags/nyc_taxi_ingest.py
[2026-08-15T23:57:54.044+0000] {processor.py:840} INFO - DAG(s) 'nyc_taxi_ingest' retrieved from /opt/airflow/dags/nyc_taxi_ingest.py
[2026-08-15T23:57:54.074+0000] {logging_mixin.py:188} INFO - [2026-08-15T23:57:54.074+0000] {dag.py:3089} INFO - Sync 1 DAGs
[2026-08-15T23:57:54.099+0000] {logging_mixin.py:188} INFO - [2026-08-15T23:57:54.099+0000] {dag.py:3947} INFO - Setting next_dagrun for nyc_taxi_ingest to None, run_after=None
[2026-08-15T23:57:54.124+0000] {processor.py:183} INFO - Processing /opt/airflow/dags/nyc_taxi_ingest.py took 0.479 seconds
[2026-08-15T23:58:24.432+0000] {processor.py:161} INFO - Started process (PID=722) to work on /opt/airflow/dags/nyc_taxi_ingest.py
[2026-08-15T23:58:24.434+0000] {processor.py:830} INFO - Processing file /opt/airflow/dags/nyc_taxi_ingest.py for tasks to queue
[2026-08-15T23:58:24.437+0000] {logging_mixin.py:188} INFO - [2026-08-15T23:58:24.437+0000] {dagbag.py:545} INFO - Filling up the DagBag from /opt/airflow/dags/nyc_taxi_ingest.py
[2026-08-15T23:58:24.826+0000] {processor.py:840} INFO - DAG(s) 'nyc_taxi_ingest' retrieved from /opt/airflow/dags/nyc_taxi_ingest.py
[2026-08-15T23:58:24.932+0000] {logging_mixin.py:188} INFO - [2026-08-15T23:58:24.931+0000] {dag.py:3089} INFO - Sync 1 DAGs
[2026-08-15T23:58:24.963+0000] {logging_mixin.py:188} INFO - [2026-08-15T23:58:24.963+0000] {dag.py:3947} INFO - Setting next_dagrun for nyc_taxi_ingest to None, run_after=None
[2026-08-15T23:58:25.001+0000] {processor.py:183} INFO - Processing /opt/airflow/dags/nyc_taxi_ingest.py took 0.577 seconds
[2026-08-15T23:58:55.365+0000] {processor.py:161} INFO - Started process (PID=724) to work on /opt/airflow/dags/nyc_taxi_ingest.py
[2026-08-15T23:58:55.367+0000] {processor.py:830} INFO - Processing file /opt/airflow/dags/nyc_taxi_ingest.py for tasks to queue
[2026-08-15T23:58:55.370+0000] {logging_mixin.py:188} INFO - [2026-08-15T23:58:55.370+0000] {dagbag.py:545} INFO - Filling up the DagBag from /opt/airflow/dags/nyc_taxi_ingest.py
[2026-08-15T23:58:55.791+0000] {processor.py:840} INFO - DAG(s) 'nyc_taxi_ingest' retrieved from /opt/airflow/dags/nyc_taxi_ingest.py
[2026-08-15T23:58:55.827+0000] {logging_mixin.py:188} INFO - [2026-08-15T23:58:55.826+0000] {dag.py:3089} INFO - Sync 1 DAGs
[2026-08-15T23:58:55.853+0000] {logging_mixin.py:188} INFO - [2026-08-15T23:58:55.852+0000] {dag.py:3947} INFO - Setting next_dagrun for nyc_taxi_ingest to None, run_after=None
[2026-08-15T23:58:55.879+0000] {processor.py:183} INFO - Processing /opt/airflow/dags/nyc_taxi_ingest.py took 0.527 seconds
[2026-08-15T23:59:26.030+0000] {processor.py:161} INFO - Started process (PID=726) to work on /opt/airflow/dags/nyc_taxi_ingest.py
[2026-08-15T23:59:26.032+0000] {processor.py:830} INFO - Processing file /opt/airflow/dags/nyc_taxi_ingest.py for tasks to queue
[2026-08-15T23:59:26.036+0000] {logging_mixin.py:188} INFO - [2026-08-15T23:59:26.035+0000] {dagbag.py:545} INFO - Filling up the DagBag from /opt/airflow/dags/nyc_taxi_ingest.py
[2026-08-15T23:59:26.459+0000] {processor.py:840} INFO - DAG(s) 'nyc_taxi_ingest' retrieved from /opt/airflow/dags/nyc_taxi_ingest.py
[2026-08-15T23:59:26.492+0000] {logging_mixin.py:188} INFO - [2026-08-15T23:59:26.492+0000] {dag.py:3089} INFO - Sync 1 DAGs
[2026-08-15T23:59:26.516+0000] {logging_mixin.py:188} INFO - [2026-08-15T23:59:26.515+0000] {dag.py:3947} INFO - Setting next_dagrun for nyc_taxi_ingest to None, run_after=None
[2026-08-15T23:59:26.538+0000] {processor.py:183} INFO - Processing /opt/airflow/dags/nyc_taxi_ingest.py took 0.517 seconds
[2026-08-15T23:59:56.894+0000] {processor.py:161} INFO - Started process (PID=728) to work on /opt/airflow/dags/nyc_taxi_ingest.py
[2026-08-15T23:59:56.896+0000] {processor.py:830} INFO - Processing file /opt/airflow/dags/nyc_taxi_ingest.py for tasks to queue
[2026-08-15T23:59:56.900+0000] {logging_mixin.py:188} INFO - [2026-08-15T23:59:56.899+0000] {dagbag.py:545} INFO - Filling up the DagBag from /opt/airflow/dags/nyc_taxi_ingest.py
[2026-08-15T23:59:57.321+0000] {processor.py:840} INFO - DAG(s) 'nyc_taxi_ingest' retrieved from /opt/airflow/dags/nyc_taxi_ingest.py
[2026-08-15T23:59:57.357+0000] {logging_mixin.py:188} INFO - [2026-08-15T23:59:57.356+0000] {dag.py:3089} INFO - Sync 1 DAGs
[2026-08-15T23:59:57.385+0000] {logging_mixin.py:188} INFO - [2026-08-15T23:59:57.384+0000] {dag.py:3947} INFO - Setting next_dagrun for nyc_taxi_ingest to None, run_after=None
[2026-08-15T23:59:57.418+0000] {processor.py:183} INFO - Processing /opt/airflow/dags/nyc_taxi_ingest.py took 0.532 seconds
