[2026-08-05T20:00:00.358+0000] {manager.py:470} INFO - Processing files using up to 2 processes at a time 
[2026-08-05T20:00:00.367+0000] {manager.py:471} INFO - Process each file at most once every 30 seconds
[2026-08-05T20:00:00.370+0000] {manager.py:472} INFO - Checking for new files in /opt/airflow/dags every 300 seconds
[2026-08-05T20:00:00.374+0000] {manager.py:737} INFO - Searching for files in /opt/airflow/dags
[2026-08-05T20:00:00.391+0000] {manager.py:740} INFO - There are 0 files in /opt/airflow/dags
[2026-08-05T20:05:15.923+0000] {manager.py:737} INFO - Searching for files in /opt/airflow/dags
[2026-08-05T20:05:16.018+0000] {manager.py:740} INFO - There are 0 files in /opt/airflow/dags
[2026-08-05T20:11:17.395+0000] {manager.py:737} INFO - Searching for files in /opt/airflow/dags
[2026-08-05T20:11:17.653+0000] {manager.py:740} INFO - There are 0 files in /opt/airflow/dags
[2026-08-05T20:14:02.534+0000] {manager.py:470} INFO - Processing files using up to 2 processes at a time 
[2026-08-05T20:14:02.555+0000] {manager.py:471} INFO - Process each file at most once every 30 seconds
[2026-08-05T20:14:02.562+0000] {manager.py:472} INFO - Checking for new files in /opt/airflow/dags every 300 seconds
[2026-08-05T20:14:02.573+0000] {manager.py:737} INFO - Searching for files in /opt/airflow/dags
[2026-08-05T20:14:02.658+0000] {manager.py:740} INFO - There are 0 files in /opt/airflow/dags
[2026-08-05T20:19:02.777+0000] {manager.py:737} INFO - Searching for files in /opt/airflow/dags
[2026-08-05T20:19:02.804+0000] {manager.py:740} INFO - There are 0 files in /opt/airflow/dags
[2026-08-05T20:24:03.487+0000] {manager.py:737} INFO - Searching for files in /opt/airflow/dags
[2026-08-05T20:24:03.938+0000] {manager.py:740} INFO - There are 0 files in /opt/airflow/dags
[2026-08-07T12:15:08.152+0000] {manager.py:470} INFO - Processing files using up to 2 processes at a time 
[2026-08-07T12:15:08.158+0000] {manager.py:471} INFO - Process each file at most once every 30 seconds
[2026-08-07T12:15:08.164+0000] {manager.py:472} INFO - Checking for new files in /opt/airflow/dags every 300 seconds
[2026-08-07T12:15:08.168+0000] {manager.py:737} INFO - Searching for files in /opt/airflow/dags
[2026-08-07T12:15:08.187+0000] {manager.py:740} INFO - There are 0 files in /opt/airflow/dags
[2026-08-07T18:51:59.577+0000] {manager.py:470} INFO - Processing files using up to 2 processes at a time 
[2026-08-07T18:51:59.584+0000] {manager.py:471} INFO - Process each file at most once every 30 seconds
[2026-08-07T18:51:59.589+0000] {manager.py:472} INFO - Checking for new files in /opt/airflow/dags every 300 seconds
[2026-08-07T18:51:59.596+0000] {manager.py:737} INFO - Searching for files in /opt/airflow/dags
[2026-08-07T18:51:59.618+0000] {manager.py:740} INFO - There are 0 files in /opt/airflow/dags
[2026-08-07T18:56:59.625+0000] {manager.py:737} INFO - Searching for files in /opt/airflow/dags
[2026-08-07T18:56:59.644+0000] {manager.py:740} INFO - There are 0 files in /opt/airflow/dags
[2026-08-07T19:02:00.286+0000] {manager.py:737} INFO - Searching for files in /opt/airflow/dags
[2026-08-07T19:02:00.296+0000] {manager.py:740} INFO - There are 0 files in /opt/airflow/dags
[2026-08-07T19:07:00.921+0000] {manager.py:737} INFO - Searching for files in /opt/airflow/dags
[2026-08-07T19:07:00.941+0000] {manager.py:740} INFO - There are 0 files in /opt/airflow/dags
[2026-08-07T19:12:01.544+0000] {manager.py:737} INFO - Searching for files in /opt/airflow/dags
[2026-08-07T19:12:01.564+0000] {manager.py:740} INFO - There are 0 files in /opt/airflow/dags
[2026-08-07T19:17:01.984+0000] {manager.py:737} INFO - Searching for files in /opt/airflow/dags
[2026-08-07T19:17:01.997+0000] {manager.py:740} INFO - There are 0 files in /opt/airflow/dags
[2026-08-07T19:22:02.356+0000] {manager.py:737} INFO - Searching for files in /opt/airflow/dags
[2026-08-07T19:22:02.376+0000] {manager.py:740} INFO - There are 0 files in /opt/airflow/dags
[2026-08-07T19:27:02.813+0000] {manager.py:737} INFO - Searching for files in /opt/airflow/dags
[2026-08-07T19:27:02.919+0000] {manager.py:740} INFO - There are 0 files in /opt/airflow/dags
[2026-08-07T19:32:03.404+0000] {manager.py:737} INFO - Searching for files in /opt/airflow/dags
[2026-08-07T19:32:03.410+0000] {manager.py:740} INFO - There are 0 files in /opt/airflow/dags
[2026-08-07T19:37:03.801+0000] {manager.py:737} INFO - Searching for files in /opt/airflow/dags
[2026-08-07T19:37:03.809+0000] {manager.py:740} INFO - There are 0 files in /opt/airflow/dags
[2026-08-07T19:42:04.288+0000] {manager.py:737} INFO - Searching for files in /opt/airflow/dags
[2026-08-07T19:42:04.295+0000] {manager.py:740} INFO - There are 0 files in /opt/airflow/dags
[2026-08-07T19:47:04.767+0000] {manager.py:737} INFO - Searching for files in /opt/airflow/dags
[2026-08-07T19:47:04.773+0000] {manager.py:740} INFO - There are 0 files in /opt/airflow/dags
[2026-08-07T19:52:05.172+0000] {manager.py:737} INFO - Searching for files in /opt/airflow/dags
[2026-08-07T19:52:05.178+0000] {manager.py:740} INFO - There are 0 files in /opt/airflow/dags
[2026-08-07T19:57:05.676+0000] {manager.py:737} INFO - Searching for files in /opt/airflow/dags
[2026-08-07T19:57:05.685+0000] {manager.py:740} INFO - There are 0 files in /opt/airflow/dags
[2026-08-07T20:02:06.596+0000] {manager.py:737} INFO - Searching for files in /opt/airflow/dags
[2026-08-07T20:02:06.645+0000] {manager.py:740} INFO - There are 1 files in /opt/airflow/dags
[2026-08-07T20:02:21.562+0000] {manager.py:878} INFO - 
================================================================================
DAG File Processing Stats

File Path                             PID    Runtime      # DAGs    # Errors  Last Runtime    Last Run
------------------------------------  -----  ---------  --------  ----------  --------------  -------------------
/opt/airflow/dags/nyc_taxi_ingest.py                           1           0  6.27s           2026-08-07T20:02:13
================================================================================
[2026-08-07T20:02:51.616+0000] {manager.py:878} INFO - 
================================================================================
DAG File Processing Stats

File Path                             PID    Runtime      # DAGs    # Errors  Last Runtime    Last Run
------------------------------------  -----  ---------  --------  ----------  --------------  -------------------
/opt/airflow/dags/nyc_taxi_ingest.py                           1           0  1.07s           2026-08-07T20:02:44
================================================================================
[2026-08-07T20:03:21.913+0000] {manager.py:878} INFO - 
================================================================================
DAG File Processing Stats

File Path                             PID    Runtime      # DAGs    # Errors  Last Runtime    Last Run
------------------------------------  -----  ---------  --------  ----------  --------------  -------------------
/opt/airflow/dags/nyc_taxi_ingest.py                           1           0  1.51s           2026-08-07T20:03:16
================================================================================
[2026-08-07T20:03:52.169+0000] {manager.py:878} INFO - 
================================================================================
DAG File Processing Stats

File Path                             PID    Runtime      # DAGs    # Errors  Last Runtime    Last Run
------------------------------------  -----  ---------  --------  ----------  --------------  -------------------
/opt/airflow/dags/nyc_taxi_ingest.py                           1           0  1.60s           2026-08-07T20:03:48
================================================================================
[2026-08-07T20:04:22.263+0000] {manager.py:878} INFO - 
================================================================================
DAG File Processing Stats

File Path                             PID    Runtime      # DAGs    # Errors  Last Runtime    Last Run
------------------------------------  -----  ---------  --------  ----------  --------------  -------------------
/opt/airflow/dags/nyc_taxi_ingest.py                           1           0  1.85s           2026-08-07T20:04:20
================================================================================
[2026-08-07T20:04:52.444+0000] {manager.py:878} INFO - 
================================================================================
DAG File Processing Stats

File Path                             PID    Runtime      # DAGs    # Errors  Last Runtime    Last Run
------------------------------------  -----  ---------  --------  ----------  --------------  -------------------
/opt/airflow/dags/nyc_taxi_ingest.py                           1           0  1.90s           2026-08-07T20:04:52
================================================================================
[2026-08-07T20:05:22.733+0000] {manager.py:878} INFO - 
================================================================================
DAG File Processing Stats

File Path                               PID  Runtime      # DAGs    # Errors  Last Runtime    Last Run
------------------------------------  -----  ---------  --------  ----------  --------------  -------------------
/opt/airflow/dags/nyc_taxi_ingest.py     60  0.00s             1           0  1.90s           2026-08-07T20:04:52
================================================================================
[2026-08-07T20:05:52.805+0000] {manager.py:878} INFO - 
================================================================================
DAG File Processing Stats

File Path                             PID    Runtime      # DAGs    # Errors  Last Runtime    Last Run
------------------------------------  -----  ---------  --------  ----------  --------------  -------------------
/opt/airflow/dags/nyc_taxi_ingest.py                           1           0  1.70s           2026-08-07T20:05:24
================================================================================
[2026-08-07T20:06:23.488+0000] {manager.py:878} INFO - 
================================================================================
DAG File Processing Stats

File Path                             PID    Runtime      # DAGs    # Errors  Last Runtime    Last Run
------------------------------------  -----  ---------  --------  ----------  --------------  -------------------
/opt/airflow/dags/nyc_taxi_ingest.py                           1           0  1.64s           2026-08-07T20:05:56
================================================================================
[2026-08-07T20:06:54.021+0000] {manager.py:878} INFO - 
================================================================================
DAG File Processing Stats

File Path                             PID    Runtime      # DAGs    # Errors  Last Runtime    Last Run
------------------------------------  -----  ---------  --------  ----------  --------------  -------------------
/opt/airflow/dags/nyc_taxi_ingest.py                           1           0  1.64s           2026-08-07T20:06:28
================================================================================
[2026-08-07T20:07:06.599+0000] {manager.py:737} INFO - Searching for files in /opt/airflow/dags
[2026-08-07T20:07:06.671+0000] {manager.py:740} INFO - There are 1 files in /opt/airflow/dags
[2026-08-07T20:07:24.241+0000] {manager.py:878} INFO - 
================================================================================
DAG File Processing Stats

File Path                             PID    Runtime      # DAGs    # Errors  Last Runtime    Last Run
------------------------------------  -----  ---------  --------  ----------  --------------  -------------------
/opt/airflow/dags/nyc_taxi_ingest.py                           1           0  1.56s           2026-08-07T20:07:00
================================================================================
[2026-08-07T20:07:54.517+0000] {manager.py:878} INFO - 
================================================================================
DAG File Processing Stats

File Path                             PID    Runtime      # DAGs    # Errors  Last Runtime    Last Run
------------------------------------  -----  ---------  --------  ----------  --------------  -------------------
/opt/airflow/dags/nyc_taxi_ingest.py                           1           0  1.10s           2026-08-07T20:07:31
================================================================================
[2026-08-07T20:08:24.815+0000] {manager.py:878} INFO - 
================================================================================
DAG File Processing Stats

File Path                             PID    Runtime      # DAGs    # Errors  Last Runtime    Last Run
------------------------------------  -----  ---------  --------  ----------  --------------  -------------------
/opt/airflow/dags/nyc_taxi_ingest.py                           1           0  1.69s           2026-08-07T20:08:03
================================================================================
[2026-08-07T20:08:55.680+0000] {manager.py:878} INFO - 
================================================================================
DAG File Processing Stats

File Path                             PID    Runtime      # DAGs    # Errors  Last Runtime    Last Run
------------------------------------  -----  ---------  --------  ----------  --------------  -------------------
/opt/airflow/dags/nyc_taxi_ingest.py                           1           0  1.10s           2026-08-07T20:08:34
================================================================================
[2026-08-07T20:09:25.711+0000] {manager.py:878} INFO - 
================================================================================
DAG File Processing Stats

File Path                             PID    Runtime      # DAGs    # Errors  Last Runtime    Last Run
------------------------------------  -----  ---------  --------  ----------  --------------  -------------------
/opt/airflow/dags/nyc_taxi_ingest.py                           1           0  0.83s           2026-08-07T20:09:05
================================================================================
[2026-08-07T20:09:55.926+0000] {manager.py:878} INFO - 
================================================================================
DAG File Processing Stats

File Path                             PID    Runtime      # DAGs    # Errors  Last Runtime    Last Run
------------------------------------  -----  ---------  --------  ----------  --------------  -------------------
/opt/airflow/dags/nyc_taxi_ingest.py                           1           0  1.06s           2026-08-07T20:09:36
================================================================================
[2026-08-07T20:10:26.149+0000] {manager.py:878} INFO - 
================================================================================
DAG File Processing Stats

File Path                             PID    Runtime      # DAGs    # Errors  Last Runtime    Last Run
------------------------------------  -----  ---------  --------  ----------  --------------  -------------------
/opt/airflow/dags/nyc_taxi_ingest.py                           1           0  0.78s           2026-08-07T20:10:07
================================================================================
[2026-08-07T20:10:56.321+0000] {manager.py:878} INFO - 
================================================================================
DAG File Processing Stats

File Path                             PID    Runtime      # DAGs    # Errors  Last Runtime    Last Run
------------------------------------  -----  ---------  --------  ----------  --------------  -------------------
/opt/airflow/dags/nyc_taxi_ingest.py                           1           0  0.91s           2026-08-07T20:10:38
================================================================================
[2026-08-07T20:12:29.073+0000] {manager.py:737} INFO - Searching for files in /opt/airflow/dags
[2026-08-07T20:12:30.351+0000] {manager.py:740} INFO - There are 1 files in /opt/airflow/dags
[2026-08-07T20:12:31.910+0000] {manager.py:878} INFO - 
================================================================================
DAG File Processing Stats

File Path                               PID  Runtime      # DAGs    # Errors  Last Runtime    Last Run
------------------------------------  -----  ---------  --------  ----------  --------------  -------------------
/opt/airflow/dags/nyc_taxi_ingest.py     84  0.02s             1           0  1.03s           2026-08-07T20:11:10
================================================================================
[2026-08-07T20:13:02.493+0000] {manager.py:878} INFO - 
================================================================================
DAG File Processing Stats

File Path                             PID    Runtime      # DAGs    # Errors  Last Runtime    Last Run
------------------------------------  -----  ---------  --------  ----------  --------------  -------------------
/opt/airflow/dags/nyc_taxi_ingest.py                           1           0  4.61s           2026-08-07T20:12:36
================================================================================
[2026-08-07T20:13:33.234+0000] {manager.py:878} INFO - 
================================================================================
DAG File Processing Stats

File Path                             PID    Runtime      # DAGs    # Errors  Last Runtime    Last Run
------------------------------------  -----  ---------  --------  ----------  --------------  -------------------
/opt/airflow/dags/nyc_taxi_ingest.py                           1           0  1.53s           2026-08-07T20:13:08
================================================================================
[2026-08-07T20:14:03.291+0000] {manager.py:878} INFO - 
================================================================================
DAG File Processing Stats

File Path                             PID    Runtime      # DAGs    # Errors  Last Runtime    Last Run
------------------------------------  -----  ---------  --------  ----------  --------------  -------------------
/opt/airflow/dags/nyc_taxi_ingest.py                           1           0  1.81s           2026-08-07T20:13:40
================================================================================
[2026-08-07T20:14:33.805+0000] {manager.py:878} INFO - 
================================================================================
DAG File Processing Stats

File Path                             PID    Runtime      # DAGs    # Errors  Last Runtime    Last Run
------------------------------------  -----  ---------  --------  ----------  --------------  -------------------
/opt/airflow/dags/nyc_taxi_ingest.py                           1           0  1.59s           2026-08-07T20:14:11
================================================================================
[2026-08-07T20:15:04.387+0000] {manager.py:878} INFO - 
================================================================================
DAG File Processing Stats

File Path                             PID    Runtime      # DAGs    # Errors  Last Runtime    Last Run
------------------------------------  -----  ---------  --------  ----------  --------------  -------------------
/opt/airflow/dags/nyc_taxi_ingest.py                           1           0  1.35s           2026-08-07T20:14:43
================================================================================
[2026-08-07T20:15:35.028+0000] {manager.py:878} INFO - 
================================================================================
DAG File Processing Stats

File Path                             PID    Runtime      # DAGs    # Errors  Last Runtime    Last Run
------------------------------------  -----  ---------  --------  ----------  --------------  -------------------
/opt/airflow/dags/nyc_taxi_ingest.py                           1           0  1.15s           2026-08-07T20:15:14
================================================================================
[2026-08-07T20:16:05.259+0000] {manager.py:878} INFO - 
================================================================================
DAG File Processing Stats

File Path                             PID    Runtime      # DAGs    # Errors  Last Runtime    Last Run
------------------------------------  -----  ---------  --------  ----------  --------------  -------------------
/opt/airflow/dags/nyc_taxi_ingest.py                           1           0  1.12s           2026-08-07T20:15:46
================================================================================
[2026-08-07T20:16:35.576+0000] {manager.py:878} INFO - 
================================================================================
DAG File Processing Stats

File Path                             PID    Runtime      # DAGs    # Errors  Last Runtime    Last Run
------------------------------------  -----  ---------  --------  ----------  --------------  -------------------
/opt/airflow/dags/nyc_taxi_ingest.py                           1           0  1.26s           2026-08-07T20:16:17
================================================================================
[2026-08-07T20:17:06.000+0000] {manager.py:878} INFO - 
================================================================================
DAG File Processing Stats

File Path                             PID    Runtime      # DAGs    # Errors  Last Runtime    Last Run
------------------------------------  -----  ---------  --------  ----------  --------------  -------------------
/opt/airflow/dags/nyc_taxi_ingest.py                           1           0  2.43s           2026-08-07T20:16:50
================================================================================
[2026-08-07T20:17:11.626+0000] {manager.py:452} INFO - Exiting gracefully upon receiving signal 15
[2026-08-07T20:19:24.189+0000] {manager.py:470} INFO - Processing files using up to 2 processes at a time 
[2026-08-07T20:19:24.192+0000] {manager.py:471} INFO - Process each file at most once every 30 seconds
[2026-08-07T20:19:24.195+0000] {manager.py:472} INFO - Checking for new files in /opt/airflow/dags every 300 seconds
[2026-08-07T20:19:24.197+0000] {manager.py:737} INFO - Searching for files in /opt/airflow/dags
[2026-08-07T20:19:24.253+0000] {manager.py:740} INFO - There are 1 files in /opt/airflow/dags
[2026-08-07T20:19:24.470+0000] {manager.py:878} INFO - 
================================================================================
DAG File Processing Stats

File Path                               PID  Runtime      # DAGs    # Errors  Last Runtime    Last Run
------------------------------------  -----  ---------  --------  ----------  --------------  ----------
/opt/airflow/dags/nyc_taxi_ingest.py     52  0.10s             0           0
================================================================================
[2026-08-07T20:19:54.650+0000] {manager.py:878} INFO - 
================================================================================
DAG File Processing Stats

File Path                             PID    Runtime      # DAGs    # Errors  Last Runtime    Last Run
------------------------------------  -----  ---------  --------  ----------  --------------  -------------------
/opt/airflow/dags/nyc_taxi_ingest.py                           1           0  4.38s           2026-08-07T20:19:28
================================================================================
[2026-08-07T20:20:25.169+0000] {manager.py:878} INFO - 
================================================================================
DAG File Processing Stats

File Path                             PID    Runtime      # DAGs    # Errors  Last Runtime    Last Run
------------------------------------  -----  ---------  --------  ----------  --------------  -------------------
/opt/airflow/dags/nyc_taxi_ingest.py                           1           0  1.08s           2026-08-07T20:20:00
================================================================================
[2026-08-07T20:31:51.902+0000] {manager.py:737} INFO - Searching for files in /opt/airflow/dags
[2026-08-07T21:15:57.268+0000] {manager.py:740} INFO - There are 1 files in /opt/airflow/dags
[2026-08-07T21:15:59.668+0000] {manager.py:737} INFO - Searching for files in /opt/airflow/dags
[2026-08-07T21:16:00.277+0000] {manager.py:740} INFO - There are 1 files in /opt/airflow/dags
[2026-08-07T21:16:13.124+0000] {manager.py:878} INFO - 
================================================================================
DAG File Processing Stats

File Path                             PID    Runtime      # DAGs    # Errors  Last Runtime    Last Run
------------------------------------  -----  ---------  --------  ----------  --------------  -------------------
/opt/airflow/dags/nyc_taxi_ingest.py                           1           0  3.54s           2026-08-07T21:16:03
================================================================================
[2026-08-07T21:16:43.475+0000] {manager.py:878} INFO - 
================================================================================
DAG File Processing Stats

File Path                             PID    Runtime      # DAGs    # Errors  Last Runtime    Last Run
------------------------------------  -----  ---------  --------  ----------  --------------  -------------------
/opt/airflow/dags/nyc_taxi_ingest.py                           1           0  1.16s           2026-08-07T21:16:34
================================================================================
[2026-08-07T21:17:13.819+0000] {manager.py:878} INFO - 
================================================================================
DAG File Processing Stats

File Path                             PID    Runtime      # DAGs    # Errors  Last Runtime    Last Run
------------------------------------  -----  ---------  --------  ----------  --------------  -------------------
/opt/airflow/dags/nyc_taxi_ingest.py                           1           0  1.11s           2026-08-07T21:17:05
================================================================================
[2026-08-07T21:17:44.140+0000] {manager.py:878} INFO - 
================================================================================
DAG File Processing Stats

File Path                             PID    Runtime      # DAGs    # Errors  Last Runtime    Last Run
------------------------------------  -----  ---------  --------  ----------  --------------  -------------------
/opt/airflow/dags/nyc_taxi_ingest.py                           1           0  1.56s           2026-08-07T21:17:37
================================================================================
[2026-08-07T21:18:14.198+0000] {manager.py:878} INFO - 
================================================================================
DAG File Processing Stats

File Path                             PID    Runtime      # DAGs    # Errors  Last Runtime    Last Run
------------------------------------  -----  ---------  --------  ----------  --------------  -------------------
/opt/airflow/dags/nyc_taxi_ingest.py                           1           0  3.33s           2026-08-07T21:18:11
================================================================================
[2026-08-07T21:18:44.435+0000] {manager.py:878} INFO - 
================================================================================
DAG File Processing Stats

File Path                             PID    Runtime      # DAGs    # Errors  Last Runtime    Last Run
------------------------------------  -----  ---------  --------  ----------  --------------  -------------------
/opt/airflow/dags/nyc_taxi_ingest.py                           1           0  1.51s           2026-08-07T21:18:42
================================================================================
[2026-08-07T21:19:14.480+0000] {manager.py:878} INFO - 
================================================================================
DAG File Processing Stats

File Path                             PID    Runtime      # DAGs    # Errors  Last Runtime    Last Run
------------------------------------  -----  ---------  --------  ----------  --------------  -------------------
/opt/airflow/dags/nyc_taxi_ingest.py                           1           0  1.28s           2026-08-07T21:19:14
================================================================================
[2026-08-07T21:19:44.708+0000] {manager.py:878} INFO - 
================================================================================
DAG File Processing Stats

File Path                               PID  Runtime      # DAGs    # Errors  Last Runtime    Last Run
------------------------------------  -----  ---------  --------  ----------  --------------  -------------------
/opt/airflow/dags/nyc_taxi_ingest.py     72  0.00s             1           0  1.28s           2026-08-07T21:19:14
================================================================================
[2026-08-07T21:20:04.490+0000] {manager.py:452} INFO - Exiting gracefully upon receiving signal 15
[2026-08-07T21:21:55.339+0000] {manager.py:470} INFO - Processing files using up to 2 processes at a time 
[2026-08-07T21:21:55.342+0000] {manager.py:471} INFO - Process each file at most once every 30 seconds
[2026-08-07T21:21:55.347+0000] {manager.py:472} INFO - Checking for new files in /opt/airflow/dags every 300 seconds
[2026-08-07T21:21:55.350+0000] {manager.py:737} INFO - Searching for files in /opt/airflow/dags
[2026-08-07T21:21:55.392+0000] {manager.py:740} INFO - There are 1 files in /opt/airflow/dags
[2026-08-07T21:21:55.632+0000] {manager.py:878} INFO - 
================================================================================
DAG File Processing Stats

File Path                               PID  Runtime      # DAGs    # Errors  Last Runtime    Last Run
------------------------------------  -----  ---------  --------  ----------  --------------  ----------
/opt/airflow/dags/nyc_taxi_ingest.py     52  0.11s             0           0
================================================================================
[2026-08-07T21:22:25.883+0000] {manager.py:878} INFO - 
================================================================================
DAG File Processing Stats

File Path                             PID    Runtime      # DAGs    # Errors  Last Runtime    Last Run
------------------------------------  -----  ---------  --------  ----------  --------------  -------------------
/opt/airflow/dags/nyc_taxi_ingest.py                           1           0  5.39s           2026-08-07T21:22:00
================================================================================
[2026-08-07T21:22:56.243+0000] {manager.py:878} INFO - 
================================================================================
DAG File Processing Stats

File Path                             PID    Runtime      # DAGs    # Errors  Last Runtime    Last Run
------------------------------------  -----  ---------  --------  ----------  --------------  -------------------
/opt/airflow/dags/nyc_taxi_ingest.py                           1           0  2.21s           2026-08-07T21:22:33
================================================================================
[2026-08-07T21:23:26.403+0000] {manager.py:878} INFO - 
================================================================================
DAG File Processing Stats

File Path                             PID    Runtime      # DAGs    # Errors  Last Runtime    Last Run
------------------------------------  -----  ---------  --------  ----------  --------------  -------------------
/opt/airflow/dags/nyc_taxi_ingest.py                           1           0  2.84s           2026-08-07T21:23:06
================================================================================
[2026-08-07T21:23:56.789+0000] {manager.py:878} INFO - 
================================================================================
DAG File Processing Stats

File Path                             PID    Runtime      # DAGs    # Errors  Last Runtime    Last Run
------------------------------------  -----  ---------  --------  ----------  --------------  -------------------
/opt/airflow/dags/nyc_taxi_ingest.py                           1           0  2.24s           2026-08-07T21:23:38
================================================================================
[2026-08-07T21:24:27.266+0000] {manager.py:878} INFO - 
================================================================================
DAG File Processing Stats

File Path                             PID    Runtime      # DAGs    # Errors  Last Runtime    Last Run
------------------------------------  -----  ---------  --------  ----------  --------------  -------------------
/opt/airflow/dags/nyc_taxi_ingest.py                           1           0  1.32s           2026-08-07T21:24:10
================================================================================
[2026-08-07T21:24:57.685+0000] {manager.py:878} INFO - 
================================================================================
DAG File Processing Stats

File Path                             PID    Runtime      # DAGs    # Errors  Last Runtime    Last Run
------------------------------------  -----  ---------  --------  ----------  --------------  -------------------
/opt/airflow/dags/nyc_taxi_ingest.py                           1           0  2.08s           2026-08-07T21:24:42
================================================================================
[2026-08-07T21:25:28.000+0000] {manager.py:878} INFO - 
================================================================================
DAG File Processing Stats

File Path                             PID    Runtime      # DAGs    # Errors  Last Runtime    Last Run
------------------------------------  -----  ---------  --------  ----------  --------------  -------------------
/opt/airflow/dags/nyc_taxi_ingest.py                           1           0  1.05s           2026-08-07T21:25:13
================================================================================
[2026-08-07T21:25:58.106+0000] {manager.py:878} INFO - 
================================================================================
DAG File Processing Stats

File Path                             PID    Runtime      # DAGs    # Errors  Last Runtime    Last Run
------------------------------------  -----  ---------  --------  ----------  --------------  -------------------
/opt/airflow/dags/nyc_taxi_ingest.py                           1           0  1.79s           2026-08-07T21:25:45
================================================================================
[2026-08-07T21:26:28.579+0000] {manager.py:878} INFO - 
================================================================================
DAG File Processing Stats

File Path                             PID    Runtime      # DAGs    # Errors  Last Runtime    Last Run
------------------------------------  -----  ---------  --------  ----------  --------------  -------------------
/opt/airflow/dags/nyc_taxi_ingest.py                           1           0  2.27s           2026-08-07T21:26:18
================================================================================
[2026-08-07T21:26:55.915+0000] {manager.py:737} INFO - Searching for files in /opt/airflow/dags
[2026-08-07T21:26:55.986+0000] {manager.py:740} INFO - There are 1 files in /opt/airflow/dags
[2026-08-07T21:26:59.031+0000] {manager.py:878} INFO - 
================================================================================
DAG File Processing Stats

File Path                             PID    Runtime      # DAGs    # Errors  Last Runtime    Last Run
------------------------------------  -----  ---------  --------  ----------  --------------  -------------------
/opt/airflow/dags/nyc_taxi_ingest.py                           1           0  1.48s           2026-08-07T21:26:50
================================================================================
[2026-08-07T21:27:29.705+0000] {manager.py:878} INFO - 
================================================================================
DAG File Processing Stats

File Path                             PID    Runtime      # DAGs    # Errors  Last Runtime    Last Run
------------------------------------  -----  ---------  --------  ----------  --------------  -------------------
/opt/airflow/dags/nyc_taxi_ingest.py                           1           0  1.31s           2026-08-07T21:27:21
================================================================================
[2026-08-07T21:27:59.987+0000] {manager.py:878} INFO - 
================================================================================
DAG File Processing Stats

File Path                             PID    Runtime      # DAGs    # Errors  Last Runtime    Last Run
------------------------------------  -----  ---------  --------  ----------  --------------  -------------------
/opt/airflow/dags/nyc_taxi_ingest.py                           1           0  1.00s           2026-08-07T21:27:53
================================================================================
[2026-08-07T21:28:30.622+0000] {manager.py:878} INFO - 
================================================================================
DAG File Processing Stats

File Path                             PID    Runtime      # DAGs    # Errors  Last Runtime    Last Run
------------------------------------  -----  ---------  --------  ----------  --------------  -------------------
/opt/airflow/dags/nyc_taxi_ingest.py                           1           0  1.05s           2026-08-07T21:28:24
================================================================================
[2026-08-07T21:29:00.852+0000] {manager.py:878} INFO - 
================================================================================
DAG File Processing Stats

File Path                             PID    Runtime      # DAGs    # Errors  Last Runtime    Last Run
------------------------------------  -----  ---------  --------  ----------  --------------  -------------------
/opt/airflow/dags/nyc_taxi_ingest.py                           1           0  0.89s           2026-08-07T21:28:55
================================================================================
[2026-08-07T21:29:31.178+0000] {manager.py:878} INFO - 
================================================================================
DAG File Processing Stats

File Path                             PID    Runtime      # DAGs    # Errors  Last Runtime    Last Run
------------------------------------  -----  ---------  --------  ----------  --------------  -------------------
/opt/airflow/dags/nyc_taxi_ingest.py                           1           0  1.06s           2026-08-07T21:29:27
================================================================================
[2026-08-07T21:30:01.473+0000] {manager.py:878} INFO - 
================================================================================
DAG File Processing Stats

File Path                             PID    Runtime      # DAGs    # Errors  Last Runtime    Last Run
------------------------------------  -----  ---------  --------  ----------  --------------  -------------------
/opt/airflow/dags/nyc_taxi_ingest.py                           1           0  0.97s           2026-08-07T21:29:58
================================================================================
[2026-08-07T21:32:44.738+0000] {manager.py:737} INFO - Searching for files in /opt/airflow/dags
[2026-08-08T00:29:57.341+0000] {manager.py:740} INFO - There are 1 files in /opt/airflow/dags
[2026-08-08T00:29:57.728+0000] {manager.py:737} INFO - Searching for files in /opt/airflow/dags
[2026-08-08T00:29:58.097+0000] {manager.py:740} INFO - There are 1 files in /opt/airflow/dags
[2026-08-11T12:19:10.794+0000] {manager.py:737} INFO - Searching for files in /opt/airflow/dags
[2026-08-11T12:19:11.327+0000] {manager.py:740} INFO - There are 1 files in /opt/airflow/dags
[2026-08-11T12:19:31.368+0000] {manager.py:878} INFO - 
================================================================================
DAG File Processing Stats

File Path                             PID    Runtime      # DAGs    # Errors  Last Runtime    Last Run
------------------------------------  -----  ---------  --------  ----------  --------------  -------------------
/opt/airflow/dags/nyc_taxi_ingest.py                           1           0  4.07s           2026-08-11T12:19:15
================================================================================
[2026-08-11T12:20:01.928+0000] {manager.py:878} INFO - 
================================================================================
DAG File Processing Stats

File Path                             PID    Runtime      # DAGs    # Errors  Last Runtime    Last Run
------------------------------------  -----  ---------  --------  ----------  --------------  -------------------
/opt/airflow/dags/nyc_taxi_ingest.py                           1           0  1.42s           2026-08-11T12:19:47
================================================================================
[2026-08-11T12:20:32.085+0000] {manager.py:878} INFO - 
================================================================================
DAG File Processing Stats

File Path                             PID    Runtime      # DAGs    # Errors  Last Runtime    Last Run
------------------------------------  -----  ---------  --------  ----------  --------------  -------------------
/opt/airflow/dags/nyc_taxi_ingest.py                           1           0  0.66s           2026-08-11T12:20:18
================================================================================
[2026-08-11T12:21:02.265+0000] {manager.py:878} INFO - 
================================================================================
DAG File Processing Stats

File Path                             PID    Runtime      # DAGs    # Errors  Last Runtime    Last Run
------------------------------------  -----  ---------  --------  ----------  --------------  -------------------
/opt/airflow/dags/nyc_taxi_ingest.py                           1           0  0.64s           2026-08-11T12:20:48
================================================================================
[2026-08-11T12:21:32.476+0000] {manager.py:878} INFO - 
================================================================================
DAG File Processing Stats

File Path                             PID    Runtime      # DAGs    # Errors  Last Runtime    Last Run
------------------------------------  -----  ---------  --------  ----------  --------------  -------------------
/opt/airflow/dags/nyc_taxi_ingest.py                           1           0  0.55s           2026-08-11T12:21:19
================================================================================
[2026-08-11T12:22:02.594+0000] {manager.py:878} INFO - 
================================================================================
DAG File Processing Stats

File Path                             PID    Runtime      # DAGs    # Errors  Last Runtime    Last Run
------------------------------------  -----  ---------  --------  ----------  --------------  -------------------
/opt/airflow/dags/nyc_taxi_ingest.py                           1           0  0.69s           2026-08-11T12:21:50
================================================================================
[2026-08-11T12:22:32.626+0000] {manager.py:878} INFO - 
================================================================================
DAG File Processing Stats

File Path                             PID    Runtime      # DAGs    # Errors  Last Runtime    Last Run
------------------------------------  -----  ---------  --------  ----------  --------------  -------------------
/opt/airflow/dags/nyc_taxi_ingest.py                           1           0  0.85s           2026-08-11T12:22:21
================================================================================
[2026-08-11T12:22:59.302+0000] {manager.py:878} INFO - 
================================================================================
DAG File Processing Stats

File Path                             PID    Runtime      # DAGs    # Errors  Last Runtime    Last Run
------------------------------------  -----  ---------  --------  ----------  --------------  -------------------
/opt/airflow/dags/nyc_taxi_ingest.py                           1           0  0.94s           2026-08-11T12:22:52
================================================================================
[2026-08-11T12:23:30.296+0000] {manager.py:878} INFO - 
================================================================================
DAG File Processing Stats

File Path                             PID    Runtime      # DAGs    # Errors  Last Runtime    Last Run
------------------------------------  -----  ---------  --------  ----------  --------------  -------------------
/opt/airflow/dags/nyc_taxi_ingest.py                           1           0  0.68s           2026-08-11T12:23:23
================================================================================
[2026-08-11T12:24:00.676+0000] {manager.py:878} INFO - 
================================================================================
DAG File Processing Stats

File Path                             PID    Runtime      # DAGs    # Errors  Last Runtime    Last Run
------------------------------------  -----  ---------  --------  ----------  --------------  -------------------
/opt/airflow/dags/nyc_taxi_ingest.py                           1           0  0.65s           2026-08-11T12:23:54
================================================================================
[2026-08-11T12:24:10.796+0000] {manager.py:737} INFO - Searching for files in /opt/airflow/dags
[2026-08-11T12:24:10.843+0000] {manager.py:740} INFO - There are 1 files in /opt/airflow/dags
[2026-08-11T12:24:31.014+0000] {manager.py:878} INFO - 
================================================================================
DAG File Processing Stats

File Path                             PID    Runtime      # DAGs    # Errors  Last Runtime    Last Run
------------------------------------  -----  ---------  --------  ----------  --------------  -------------------
/opt/airflow/dags/nyc_taxi_ingest.py                           1           0  0.82s           2026-08-11T12:24:25
================================================================================
[2026-08-11T12:25:01.233+0000] {manager.py:878} INFO - 
================================================================================
DAG File Processing Stats

File Path                             PID    Runtime      # DAGs    # Errors  Last Runtime    Last Run
------------------------------------  -----  ---------  --------  ----------  --------------  -------------------
/opt/airflow/dags/nyc_taxi_ingest.py                           1           0  0.73s           2026-08-11T12:24:56
================================================================================
[2026-08-11T12:25:31.520+0000] {manager.py:878} INFO - 
================================================================================
DAG File Processing Stats

File Path                             PID    Runtime      # DAGs    # Errors  Last Runtime    Last Run
------------------------------------  -----  ---------  --------  ----------  --------------  -------------------
/opt/airflow/dags/nyc_taxi_ingest.py                           1           0  1.14s           2026-08-11T12:25:27
================================================================================
[2026-08-11T12:26:01.606+0000] {manager.py:878} INFO - 
================================================================================
DAG File Processing Stats

File Path                             PID    Runtime      # DAGs    # Errors  Last Runtime    Last Run
------------------------------------  -----  ---------  --------  ----------  --------------  -------------------
/opt/airflow/dags/nyc_taxi_ingest.py                           1           0  0.89s           2026-08-11T12:25:58
================================================================================
[2026-08-11T12:26:31.762+0000] {manager.py:878} INFO - 
================================================================================
DAG File Processing Stats

File Path                             PID    Runtime      # DAGs    # Errors  Last Runtime    Last Run
------------------------------------  -----  ---------  --------  ----------  --------------  -------------------
/opt/airflow/dags/nyc_taxi_ingest.py                           1           0  0.69s           2026-08-11T12:26:29
================================================================================
[2026-08-11T12:27:01.859+0000] {manager.py:878} INFO - 
================================================================================
DAG File Processing Stats

File Path                             PID    Runtime      # DAGs    # Errors  Last Runtime    Last Run
------------------------------------  -----  ---------  --------  ----------  --------------  -------------------
/opt/airflow/dags/nyc_taxi_ingest.py                           1           0  0.90s           2026-08-11T12:27:00
================================================================================
[2026-08-11T12:27:32.146+0000] {manager.py:878} INFO - 
================================================================================
DAG File Processing Stats

File Path                             PID    Runtime      # DAGs    # Errors  Last Runtime    Last Run
------------------------------------  -----  ---------  --------  ----------  --------------  -------------------
/opt/airflow/dags/nyc_taxi_ingest.py                           1           0  0.80s           2026-08-11T12:27:32
================================================================================
[2026-08-11T12:28:02.326+0000] {manager.py:878} INFO - 
================================================================================
DAG File Processing Stats

File Path                               PID  Runtime      # DAGs    # Errors  Last Runtime    Last Run
------------------------------------  -----  ---------  --------  ----------  --------------  -------------------
/opt/airflow/dags/nyc_taxi_ingest.py    120  0.00s             1           0  0.80s           2026-08-11T12:27:32
================================================================================
[2026-08-11T12:28:32.348+0000] {manager.py:878} INFO - 
================================================================================
DAG File Processing Stats

File Path                             PID    Runtime      # DAGs    # Errors  Last Runtime    Last Run
------------------------------------  -----  ---------  --------  ----------  --------------  -------------------
/opt/airflow/dags/nyc_taxi_ingest.py                           1           0  0.85s           2026-08-11T12:28:03
================================================================================
[2026-08-11T12:29:02.808+0000] {manager.py:878} INFO - 
================================================================================
DAG File Processing Stats

File Path                             PID    Runtime      # DAGs    # Errors  Last Runtime    Last Run
------------------------------------  -----  ---------  --------  ----------  --------------  -------------------
/opt/airflow/dags/nyc_taxi_ingest.py                           1           0  0.76s           2026-08-11T12:28:34
================================================================================
[2026-08-11T12:29:11.465+0000] {manager.py:737} INFO - Searching for files in /opt/airflow/dags
[2026-08-11T12:29:11.514+0000] {manager.py:740} INFO - There are 1 files in /opt/airflow/dags
[2026-08-11T12:29:33.733+0000] {manager.py:878} INFO - 
================================================================================
DAG File Processing Stats

File Path                             PID    Runtime      # DAGs    # Errors  Last Runtime    Last Run
------------------------------------  -----  ---------  --------  ----------  --------------  -------------------
/opt/airflow/dags/nyc_taxi_ingest.py                           1           0  1.06s           2026-08-11T12:29:05
================================================================================
[2026-08-11T12:30:03.940+0000] {manager.py:878} INFO - 
================================================================================
DAG File Processing Stats

File Path                             PID    Runtime      # DAGs    # Errors  Last Runtime    Last Run
------------------------------------  -----  ---------  --------  ----------  --------------  -------------------
/opt/airflow/dags/nyc_taxi_ingest.py                           1           0  1.06s           2026-08-11T12:29:36
================================================================================
[2026-08-11T12:30:34.231+0000] {manager.py:878} INFO - 
================================================================================
DAG File Processing Stats

File Path                             PID    Runtime      # DAGs    # Errors  Last Runtime    Last Run
------------------------------------  -----  ---------  --------  ----------  --------------  -------------------
/opt/airflow/dags/nyc_taxi_ingest.py                           1           0  1.08s           2026-08-11T12:30:08
================================================================================
[2026-08-11T12:31:04.467+0000] {manager.py:878} INFO - 
================================================================================
DAG File Processing Stats

File Path                             PID    Runtime      # DAGs    # Errors  Last Runtime    Last Run
------------------------------------  -----  ---------  --------  ----------  --------------  -------------------
/opt/airflow/dags/nyc_taxi_ingest.py                           1           0  0.70s           2026-08-11T12:30:38
================================================================================
[2026-08-11T12:31:34.676+0000] {manager.py:878} INFO - 
================================================================================
DAG File Processing Stats

File Path                             PID    Runtime      # DAGs    # Errors  Last Runtime    Last Run
------------------------------------  -----  ---------  --------  ----------  --------------  -------------------
/opt/airflow/dags/nyc_taxi_ingest.py                           1           0  0.60s           2026-08-11T12:31:09
================================================================================
[2026-08-11T12:32:04.911+0000] {manager.py:878} INFO - 
================================================================================
DAG File Processing Stats

File Path                             PID    Runtime      # DAGs    # Errors  Last Runtime    Last Run
------------------------------------  -----  ---------  --------  ----------  --------------  -------------------
/opt/airflow/dags/nyc_taxi_ingest.py                           1           0  0.81s           2026-08-11T12:31:40
================================================================================
[2026-08-11T12:32:35.170+0000] {manager.py:878} INFO - 
================================================================================
DAG File Processing Stats

File Path                             PID    Runtime      # DAGs    # Errors  Last Runtime    Last Run
------------------------------------  -----  ---------  --------  ----------  --------------  -------------------
/opt/airflow/dags/nyc_taxi_ingest.py                           1           0  1.03s           2026-08-11T12:32:12
================================================================================
[2026-08-11T12:33:05.676+0000] {manager.py:878} INFO - 
================================================================================
DAG File Processing Stats

File Path                             PID    Runtime      # DAGs    # Errors  Last Runtime    Last Run
------------------------------------  -----  ---------  --------  ----------  --------------  -------------------
/opt/airflow/dags/nyc_taxi_ingest.py                           1           0  2.34s           2026-08-11T12:32:44
================================================================================
[2026-08-11T12:33:35.891+0000] {manager.py:878} INFO - 
================================================================================
DAG File Processing Stats

File Path                             PID    Runtime      # DAGs    # Errors  Last Runtime    Last Run
------------------------------------  -----  ---------  --------  ----------  --------------  -------------------
/opt/airflow/dags/nyc_taxi_ingest.py                           1           0  0.92s           2026-08-11T12:33:16
================================================================================
[2026-08-11T12:34:06.465+0000] {manager.py:878} INFO - 
================================================================================
DAG File Processing Stats

File Path                             PID    Runtime      # DAGs    # Errors  Last Runtime    Last Run
------------------------------------  -----  ---------  --------  ----------  --------------  -------------------
/opt/airflow/dags/nyc_taxi_ingest.py                           1           0  1.17s           2026-08-11T12:33:47
================================================================================
[2026-08-11T12:34:11.502+0000] {manager.py:737} INFO - Searching for files in /opt/airflow/dags
[2026-08-11T12:34:11.604+0000] {manager.py:740} INFO - There are 1 files in /opt/airflow/dags
[2026-08-11T12:34:36.973+0000] {manager.py:878} INFO - 
================================================================================
DAG File Processing Stats

File Path                             PID    Runtime      # DAGs    # Errors  Last Runtime    Last Run
------------------------------------  -----  ---------  --------  ----------  --------------  -------------------
/opt/airflow/dags/nyc_taxi_ingest.py                           1           0  3.18s           2026-08-11T12:34:20
================================================================================
[2026-08-11T12:35:07.375+0000] {manager.py:878} INFO - 
================================================================================
DAG File Processing Stats

File Path                             PID    Runtime      # DAGs    # Errors  Last Runtime    Last Run
------------------------------------  -----  ---------  --------  ----------  --------------  -------------------
/opt/airflow/dags/nyc_taxi_ingest.py                           1           0  1.49s           2026-08-11T12:34:52
================================================================================
[2026-08-11T12:35:37.551+0000] {manager.py:878} INFO - 
================================================================================
DAG File Processing Stats

File Path                             PID    Runtime      # DAGs    # Errors  Last Runtime    Last Run
------------------------------------  -----  ---------  --------  ----------  --------------  -------------------
/opt/airflow/dags/nyc_taxi_ingest.py                           1           0  0.98s           2026-08-11T12:35:23
================================================================================
[2026-08-11T12:36:07.737+0000] {manager.py:878} INFO - 
================================================================================
DAG File Processing Stats

File Path                             PID    Runtime      # DAGs    # Errors  Last Runtime    Last Run
------------------------------------  -----  ---------  --------  ----------  --------------  -------------------
/opt/airflow/dags/nyc_taxi_ingest.py                           1           0  0.93s           2026-08-11T12:35:54
================================================================================
[2026-08-11T12:36:37.945+0000] {manager.py:878} INFO - 
================================================================================
DAG File Processing Stats

File Path                             PID    Runtime      # DAGs    # Errors  Last Runtime    Last Run
------------------------------------  -----  ---------  --------  ----------  --------------  -------------------
/opt/airflow/dags/nyc_taxi_ingest.py                           1           0  0.82s           2026-08-11T12:36:25
================================================================================
[2026-08-11T12:37:07.964+0000] {manager.py:878} INFO - 
================================================================================
DAG File Processing Stats

File Path                             PID    Runtime      # DAGs    # Errors  Last Runtime    Last Run
------------------------------------  -----  ---------  --------  ----------  --------------  -------------------
/opt/airflow/dags/nyc_taxi_ingest.py                           1           0  0.82s           2026-08-11T12:36:56
================================================================================
[2026-08-11T12:37:38.113+0000] {manager.py:878} INFO - 
================================================================================
DAG File Processing Stats

File Path                             PID    Runtime      # DAGs    # Errors  Last Runtime    Last Run
------------------------------------  -----  ---------  --------  ----------  --------------  -------------------
/opt/airflow/dags/nyc_taxi_ingest.py                           1           0  0.91s           2026-08-11T12:37:28
================================================================================
[2026-08-11T12:38:08.230+0000] {manager.py:878} INFO - 
================================================================================
DAG File Processing Stats

File Path                             PID    Runtime      # DAGs    # Errors  Last Runtime    Last Run
------------------------------------  -----  ---------  --------  ----------  --------------  -------------------
/opt/airflow/dags/nyc_taxi_ingest.py                           1           0  0.91s           2026-08-11T12:37:59
================================================================================
[2026-08-11T12:38:38.868+0000] {manager.py:878} INFO - 
================================================================================
DAG File Processing Stats

File Path                             PID    Runtime      # DAGs    # Errors  Last Runtime    Last Run
------------------------------------  -----  ---------  --------  ----------  --------------  -------------------
/opt/airflow/dags/nyc_taxi_ingest.py                           1           0  0.77s           2026-08-11T12:38:30
================================================================================
[2026-08-11T12:39:09.490+0000] {manager.py:878} INFO - 
================================================================================
DAG File Processing Stats

File Path                             PID    Runtime      # DAGs    # Errors  Last Runtime    Last Run
------------------------------------  -----  ---------  --------  ----------  --------------  -------------------
/opt/airflow/dags/nyc_taxi_ingest.py                           1           0  1.02s           2026-08-11T12:39:01
================================================================================
[2026-08-11T12:39:11.504+0000] {manager.py:737} INFO - Searching for files in /opt/airflow/dags
[2026-08-11T12:39:11.533+0000] {manager.py:740} INFO - There are 1 files in /opt/airflow/dags
[2026-08-11T12:39:39.771+0000] {manager.py:878} INFO - 
================================================================================
DAG File Processing Stats

File Path                             PID    Runtime      # DAGs    # Errors  Last Runtime    Last Run
------------------------------------  -----  ---------  --------  ----------  --------------  -------------------
/opt/airflow/dags/nyc_taxi_ingest.py                           1           0  1.02s           2026-08-11T12:39:32
================================================================================
[2026-08-11T12:40:09.803+0000] {manager.py:878} INFO - 
================================================================================
DAG File Processing Stats

File Path                             PID    Runtime      # DAGs    # Errors  Last Runtime    Last Run
------------------------------------  -----  ---------  --------  ----------  --------------  -------------------
/opt/airflow/dags/nyc_taxi_ingest.py                           1           0  0.80s           2026-08-11T12:40:03
================================================================================
[2026-08-11T12:40:39.828+0000] {manager.py:878} INFO - 
================================================================================
DAG File Processing Stats

File Path                             PID    Runtime      # DAGs    # Errors  Last Runtime    Last Run
------------------------------------  -----  ---------  --------  ----------  --------------  -------------------
/opt/airflow/dags/nyc_taxi_ingest.py                           1           0  0.81s           2026-08-11T12:40:34
================================================================================
[2026-08-11T12:41:09.843+0000] {manager.py:878} INFO - 
================================================================================
DAG File Processing Stats

File Path                             PID    Runtime      # DAGs    # Errors  Last Runtime    Last Run
------------------------------------  -----  ---------  --------  ----------  --------------  -------------------
/opt/airflow/dags/nyc_taxi_ingest.py                           1           0  0.81s           2026-08-11T12:41:05
================================================================================
[2026-08-11T12:41:39.944+0000] {manager.py:878} INFO - 
================================================================================
DAG File Processing Stats

File Path                             PID    Runtime      # DAGs    # Errors  Last Runtime    Last Run
------------------------------------  -----  ---------  --------  ----------  --------------  -------------------
/opt/airflow/dags/nyc_taxi_ingest.py                           1           0  0.90s           2026-08-11T12:41:36
================================================================================
[2026-08-11T12:42:10.860+0000] {manager.py:878} INFO - 
================================================================================
DAG File Processing Stats

File Path                             PID    Runtime      # DAGs    # Errors  Last Runtime    Last Run
------------------------------------  -----  ---------  --------  ----------  --------------  -------------------
/opt/airflow/dags/nyc_taxi_ingest.py                           1           0  0.79s           2026-08-11T12:42:07
================================================================================
[2026-08-11T12:42:41.111+0000] {manager.py:878} INFO - 
================================================================================
DAG File Processing Stats

File Path                             PID    Runtime      # DAGs    # Errors  Last Runtime    Last Run
------------------------------------  -----  ---------  --------  ----------  --------------  -------------------
/opt/airflow/dags/nyc_taxi_ingest.py                           1           0  0.96s           2026-08-11T12:42:39
================================================================================
[2026-08-11T12:43:11.114+0000] {manager.py:878} INFO - 
================================================================================
DAG File Processing Stats

File Path                             PID    Runtime      # DAGs    # Errors  Last Runtime    Last Run
------------------------------------  -----  ---------  --------  ----------  --------------  -------------------
/opt/airflow/dags/nyc_taxi_ingest.py                           1           0  0.74s           2026-08-11T12:43:10
================================================================================
[2026-08-11T12:43:41.560+0000] {manager.py:878} INFO - 
================================================================================
DAG File Processing Stats

File Path                             PID    Runtime      # DAGs    # Errors  Last Runtime    Last Run
------------------------------------  -----  ---------  --------  ----------  --------------  -------------------
/opt/airflow/dags/nyc_taxi_ingest.py                           1           0  0.71s           2026-08-11T12:43:41
================================================================================
[2026-08-11T12:44:11.771+0000] {manager.py:737} INFO - Searching for files in /opt/airflow/dags
[2026-08-11T12:44:11.889+0000] {manager.py:740} INFO - There are 1 files in /opt/airflow/dags
[2026-08-11T12:44:11.922+0000] {manager.py:878} INFO - 
================================================================================
DAG File Processing Stats

File Path                               PID  Runtime      # DAGs    # Errors  Last Runtime    Last Run
------------------------------------  -----  ---------  --------  ----------  --------------  -------------------
/opt/airflow/dags/nyc_taxi_ingest.py    182  0.66s             1           0  0.71s           2026-08-11T12:43:41
================================================================================
[2026-08-11T12:44:42.498+0000] {manager.py:878} INFO - 
================================================================================
DAG File Processing Stats

File Path                               PID  Runtime      # DAGs    # Errors  Last Runtime    Last Run
------------------------------------  -----  ---------  --------  ----------  --------------  -------------------
/opt/airflow/dags/nyc_taxi_ingest.py    184  0.01s             1           0  1.20s           2026-08-11T12:44:12
================================================================================
[2026-08-11T12:45:12.851+0000] {manager.py:878} INFO - 
================================================================================
DAG File Processing Stats

File Path                             PID    Runtime      # DAGs    # Errors  Last Runtime    Last Run
------------------------------------  -----  ---------  --------  ----------  --------------  -------------------
/opt/airflow/dags/nyc_taxi_ingest.py                           1           0  0.66s           2026-08-11T12:44:43
================================================================================
[2026-08-11T12:45:43.092+0000] {manager.py:878} INFO - 
================================================================================
DAG File Processing Stats

File Path                             PID    Runtime      # DAGs    # Errors  Last Runtime    Last Run
------------------------------------  -----  ---------  --------  ----------  --------------  -------------------
/opt/airflow/dags/nyc_taxi_ingest.py                           1           0  0.78s           2026-08-11T12:45:14
================================================================================
[2026-08-11T12:46:13.217+0000] {manager.py:878} INFO - 
================================================================================
DAG File Processing Stats

File Path                             PID    Runtime      # DAGs    # Errors  Last Runtime    Last Run
------------------------------------  -----  ---------  --------  ----------  --------------  -------------------
/opt/airflow/dags/nyc_taxi_ingest.py                           1           0  0.71s           2026-08-11T12:45:45
================================================================================
[2026-08-11T12:46:43.447+0000] {manager.py:878} INFO - 
================================================================================
DAG File Processing Stats

File Path                             PID    Runtime      # DAGs    # Errors  Last Runtime    Last Run
------------------------------------  -----  ---------  --------  ----------  --------------  -------------------
/opt/airflow/dags/nyc_taxi_ingest.py                           1           0  0.96s           2026-08-11T12:46:16
================================================================================
[2026-08-11T12:47:13.946+0000] {manager.py:878} INFO - 
================================================================================
DAG File Processing Stats

File Path                             PID    Runtime      # DAGs    # Errors  Last Runtime    Last Run
------------------------------------  -----  ---------  --------  ----------  --------------  -------------------
/opt/airflow/dags/nyc_taxi_ingest.py                           1           0  0.69s           2026-08-11T12:46:47
================================================================================
[2026-08-11T12:47:44.156+0000] {manager.py:878} INFO - 
================================================================================
DAG File Processing Stats

File Path                             PID    Runtime      # DAGs    # Errors  Last Runtime    Last Run
------------------------------------  -----  ---------  --------  ----------  --------------  -------------------
/opt/airflow/dags/nyc_taxi_ingest.py                           1           0  0.73s           2026-08-11T12:47:18
================================================================================
[2026-08-11T12:48:14.501+0000] {manager.py:878} INFO - 
================================================================================
DAG File Processing Stats

File Path                             PID    Runtime      # DAGs    # Errors  Last Runtime    Last Run
------------------------------------  -----  ---------  --------  ----------  --------------  -------------------
/opt/airflow/dags/nyc_taxi_ingest.py                           1           0  0.69s           2026-08-11T12:47:48
================================================================================
[2026-08-11T12:48:44.716+0000] {manager.py:878} INFO - 
================================================================================
DAG File Processing Stats

File Path                             PID    Runtime      # DAGs    # Errors  Last Runtime    Last Run
------------------------------------  -----  ---------  --------  ----------  --------------  -------------------
/opt/airflow/dags/nyc_taxi_ingest.py                           1           0  0.93s           2026-08-11T12:48:20
================================================================================
[2026-08-11T12:49:11.921+0000] {manager.py:737} INFO - Searching for files in /opt/airflow/dags
[2026-08-11T12:49:11.954+0000] {manager.py:740} INFO - There are 1 files in /opt/airflow/dags
[2026-08-11T12:49:14.999+0000] {manager.py:878} INFO - 
================================================================================
DAG File Processing Stats

File Path                             PID    Runtime      # DAGs    # Errors  Last Runtime    Last Run
------------------------------------  -----  ---------  --------  ----------  --------------  -------------------
/opt/airflow/dags/nyc_taxi_ingest.py                           1           0  0.73s           2026-08-11T12:48:50
================================================================================
[2026-08-11T12:49:45.226+0000] {manager.py:878} INFO - 
================================================================================
DAG File Processing Stats

File Path                             PID    Runtime      # DAGs    # Errors  Last Runtime    Last Run
------------------------------------  -----  ---------  --------  ----------  --------------  -------------------
/opt/airflow/dags/nyc_taxi_ingest.py                           1           0  1.05s           2026-08-11T12:49:22
================================================================================
[2026-08-11T12:50:15.497+0000] {manager.py:878} INFO - 
================================================================================
DAG File Processing Stats

File Path                             PID    Runtime      # DAGs    # Errors  Last Runtime    Last Run
------------------------------------  -----  ---------  --------  ----------  --------------  -------------------
/opt/airflow/dags/nyc_taxi_ingest.py                           1           0  1.02s           2026-08-11T12:49:53
================================================================================
[2026-08-11T12:50:45.722+0000] {manager.py:878} INFO - 
================================================================================
DAG File Processing Stats

File Path                             PID    Runtime      # DAGs    # Errors  Last Runtime    Last Run
------------------------------------  -----  ---------  --------  ----------  --------------  -------------------
/opt/airflow/dags/nyc_taxi_ingest.py                           1           0  0.99s           2026-08-11T12:50:24
================================================================================
[2026-08-11T12:51:15.952+0000] {manager.py:878} INFO - 
================================================================================
DAG File Processing Stats

File Path                             PID    Runtime      # DAGs    # Errors  Last Runtime    Last Run
------------------------------------  -----  ---------  --------  ----------  --------------  -------------------
/opt/airflow/dags/nyc_taxi_ingest.py                           1           0  0.73s           2026-08-11T12:50:55
================================================================================
[2026-08-11T12:51:46.124+0000] {manager.py:878} INFO - 
================================================================================
DAG File Processing Stats

File Path                             PID    Runtime      # DAGs    # Errors  Last Runtime    Last Run
------------------------------------  -----  ---------  --------  ----------  --------------  -------------------
/opt/airflow/dags/nyc_taxi_ingest.py                           1           0  0.81s           2026-08-11T12:51:26
================================================================================
[2026-08-11T12:52:16.322+0000] {manager.py:878} INFO - 
================================================================================
DAG File Processing Stats

File Path                             PID    Runtime      # DAGs    # Errors  Last Runtime    Last Run
------------------------------------  -----  ---------  --------  ----------  --------------  -------------------
/opt/airflow/dags/nyc_taxi_ingest.py                           1           0  0.73s           2026-08-11T12:51:57
================================================================================
[2026-08-11T12:52:46.545+0000] {manager.py:878} INFO - 
================================================================================
DAG File Processing Stats

File Path                             PID    Runtime      # DAGs    # Errors  Last Runtime    Last Run
------------------------------------  -----  ---------  --------  ----------  --------------  -------------------
/opt/airflow/dags/nyc_taxi_ingest.py                           1           0  0.74s           2026-08-11T12:52:28
================================================================================
[2026-08-11T12:53:16.794+0000] {manager.py:878} INFO - 
================================================================================
DAG File Processing Stats

File Path                             PID    Runtime      # DAGs    # Errors  Last Runtime    Last Run
------------------------------------  -----  ---------  --------  ----------  --------------  -------------------
/opt/airflow/dags/nyc_taxi_ingest.py                           1           0  1.00s           2026-08-11T12:52:59
================================================================================
[2026-08-11T12:53:47.024+0000] {manager.py:878} INFO - 
================================================================================
DAG File Processing Stats

File Path                             PID    Runtime      # DAGs    # Errors  Last Runtime    Last Run
------------------------------------  -----  ---------  --------  ----------  --------------  -------------------
/opt/airflow/dags/nyc_taxi_ingest.py                           1           0  0.69s           2026-08-11T12:53:30
================================================================================
[2026-08-11T12:54:12.188+0000] {manager.py:737} INFO - Searching for files in /opt/airflow/dags
[2026-08-11T12:54:12.208+0000] {manager.py:740} INFO - There are 1 files in /opt/airflow/dags
[2026-08-11T12:54:17.251+0000] {manager.py:878} INFO - 
================================================================================
DAG File Processing Stats

File Path                             PID    Runtime      # DAGs    # Errors  Last Runtime    Last Run
------------------------------------  -----  ---------  --------  ----------  --------------  -------------------
/opt/airflow/dags/nyc_taxi_ingest.py                           1           0  0.74s           2026-08-11T12:54:01
================================================================================
[2026-08-11T12:54:47.868+0000] {manager.py:878} INFO - 
================================================================================
DAG File Processing Stats

File Path                             PID    Runtime      # DAGs    # Errors  Last Runtime    Last Run
------------------------------------  -----  ---------  --------  ----------  --------------  -------------------
/opt/airflow/dags/nyc_taxi_ingest.py                           1           0  1.23s           2026-08-11T12:54:32
================================================================================
[2026-08-11T12:55:17.970+0000] {manager.py:878} INFO - 
================================================================================
DAG File Processing Stats

File Path                             PID    Runtime      # DAGs    # Errors  Last Runtime    Last Run
------------------------------------  -----  ---------  --------  ----------  --------------  -------------------
/opt/airflow/dags/nyc_taxi_ingest.py                           1           0  0.69s           2026-08-11T12:55:03
================================================================================
[2026-08-11T12:55:48.490+0000] {manager.py:878} INFO - 
================================================================================
DAG File Processing Stats

File Path                             PID    Runtime      # DAGs    # Errors  Last Runtime    Last Run
------------------------------------  -----  ---------  --------  ----------  --------------  -------------------
/opt/airflow/dags/nyc_taxi_ingest.py                           1           0  0.74s           2026-08-11T12:55:34
================================================================================
[2026-08-11T12:56:18.723+0000] {manager.py:878} INFO - 
================================================================================
DAG File Processing Stats

File Path                             PID    Runtime      # DAGs    # Errors  Last Runtime    Last Run
------------------------------------  -----  ---------  --------  ----------  --------------  -------------------
/opt/airflow/dags/nyc_taxi_ingest.py                           1           0  0.70s           2026-08-11T12:56:05
================================================================================
[2026-08-11T12:56:49.066+0000] {manager.py:878} INFO - 
================================================================================
DAG File Processing Stats

File Path                             PID    Runtime      # DAGs    # Errors  Last Runtime    Last Run
------------------------------------  -----  ---------  --------  ----------  --------------  -------------------
/opt/airflow/dags/nyc_taxi_ingest.py                           1           0  0.69s           2026-08-11T12:56:36
================================================================================
[2026-08-11T12:57:19.315+0000] {manager.py:878} INFO - 
================================================================================
DAG File Processing Stats

File Path                             PID    Runtime      # DAGs    # Errors  Last Runtime    Last Run
------------------------------------  -----  ---------  --------  ----------  --------------  -------------------
/opt/airflow/dags/nyc_taxi_ingest.py                           1           0  0.67s           2026-08-11T12:57:07
================================================================================
[2026-08-11T12:57:49.485+0000] {manager.py:878} INFO - 
================================================================================
DAG File Processing Stats

File Path                             PID    Runtime      # DAGs    # Errors  Last Runtime    Last Run
------------------------------------  -----  ---------  --------  ----------  --------------  -------------------
/opt/airflow/dags/nyc_taxi_ingest.py                           1           0  0.70s           2026-08-11T12:57:38
================================================================================
[2026-08-11T12:58:19.987+0000] {manager.py:878} INFO - 
================================================================================
DAG File Processing Stats

File Path                             PID    Runtime      # DAGs    # Errors  Last Runtime    Last Run
------------------------------------  -----  ---------  --------  ----------  --------------  -------------------
/opt/airflow/dags/nyc_taxi_ingest.py                           1           0  0.58s           2026-08-11T12:58:09
================================================================================
[2026-08-11T12:58:50.106+0000] {manager.py:878} INFO - 
================================================================================
DAG File Processing Stats

File Path                             PID    Runtime      # DAGs    # Errors  Last Runtime    Last Run
------------------------------------  -----  ---------  --------  ----------  --------------  -------------------
/opt/airflow/dags/nyc_taxi_ingest.py                           1           0  0.62s           2026-08-11T12:58:40
================================================================================
[2026-08-11T12:59:12.647+0000] {manager.py:737} INFO - Searching for files in /opt/airflow/dags
[2026-08-11T12:59:12.709+0000] {manager.py:740} INFO - There are 1 files in /opt/airflow/dags
[2026-08-11T12:59:20.175+0000] {manager.py:878} INFO - 
================================================================================
DAG File Processing Stats

File Path                             PID    Runtime      # DAGs    # Errors  Last Runtime    Last Run
------------------------------------  -----  ---------  --------  ----------  --------------  -------------------
/opt/airflow/dags/nyc_taxi_ingest.py                           1           0  0.84s           2026-08-11T12:59:11
================================================================================
[2026-08-11T12:59:51.122+0000] {manager.py:878} INFO - 
================================================================================
DAG File Processing Stats

File Path                             PID    Runtime      # DAGs    # Errors  Last Runtime    Last Run
------------------------------------  -----  ---------  --------  ----------  --------------  -------------------
/opt/airflow/dags/nyc_taxi_ingest.py                           1           0  0.63s           2026-08-11T12:59:41
================================================================================
[2026-08-11T13:00:21.142+0000] {manager.py:878} INFO - 
================================================================================
DAG File Processing Stats

File Path                             PID    Runtime      # DAGs    # Errors  Last Runtime    Last Run
------------------------------------  -----  ---------  --------  ----------  --------------  -------------------
/opt/airflow/dags/nyc_taxi_ingest.py                           1           0  2.56s           2026-08-11T13:00:15
================================================================================
[2026-08-11T13:00:51.435+0000] {manager.py:878} INFO - 
================================================================================
DAG File Processing Stats

File Path                             PID    Runtime      # DAGs    # Errors  Last Runtime    Last Run
------------------------------------  -----  ---------  --------  ----------  --------------  -------------------
/opt/airflow/dags/nyc_taxi_ingest.py                           1           0  1.45s           2026-08-11T13:00:46
================================================================================
[2026-08-11T13:01:22.093+0000] {manager.py:878} INFO - 
================================================================================
DAG File Processing Stats

File Path                             PID    Runtime      # DAGs    # Errors  Last Runtime    Last Run
------------------------------------  -----  ---------  --------  ----------  --------------  -------------------
/opt/airflow/dags/nyc_taxi_ingest.py                           1           0  1.23s           2026-08-11T13:01:18
================================================================================
[2026-08-11T13:01:52.245+0000] {manager.py:878} INFO - 
================================================================================
DAG File Processing Stats

File Path                             PID    Runtime      # DAGs    # Errors  Last Runtime    Last Run
------------------------------------  -----  ---------  --------  ----------  --------------  -------------------
/opt/airflow/dags/nyc_taxi_ingest.py                           1           0  0.88s           2026-08-11T13:01:49
================================================================================
[2026-08-11T13:02:22.746+0000] {manager.py:878} INFO - 
================================================================================
DAG File Processing Stats

File Path                             PID    Runtime      # DAGs    # Errors  Last Runtime    Last Run
------------------------------------  -----  ---------  --------  ----------  --------------  -------------------
/opt/airflow/dags/nyc_taxi_ingest.py                           1           0  1.30s           2026-08-11T13:02:20
================================================================================
[2026-08-11T13:02:52.978+0000] {manager.py:878} INFO - 
================================================================================
DAG File Processing Stats

File Path                             PID    Runtime      # DAGs    # Errors  Last Runtime    Last Run
------------------------------------  -----  ---------  --------  ----------  --------------  -------------------
/opt/airflow/dags/nyc_taxi_ingest.py                           1           0  0.68s           2026-08-11T13:02:51
================================================================================
[2026-08-11T13:03:23.191+0000] {manager.py:878} INFO - 
================================================================================
DAG File Processing Stats

File Path                               PID  Runtime      # DAGs    # Errors  Last Runtime    Last Run
------------------------------------  -----  ---------  --------  ----------  --------------  -------------------
/opt/airflow/dags/nyc_taxi_ingest.py    256  1.33s             1           0  0.68s           2026-08-11T13:02:51
================================================================================
[2026-08-11T13:03:53.419+0000] {manager.py:878} INFO - 
================================================================================
DAG File Processing Stats

File Path                             PID    Runtime      # DAGs    # Errors  Last Runtime    Last Run
------------------------------------  -----  ---------  --------  ----------  --------------  -------------------
/opt/airflow/dags/nyc_taxi_ingest.py                           1           0  1.76s           2026-08-11T13:03:23
================================================================================
[2026-08-11T13:04:12.874+0000] {manager.py:737} INFO - Searching for files in /opt/airflow/dags
[2026-08-11T13:04:12.936+0000] {manager.py:740} INFO - There are 1 files in /opt/airflow/dags
[2026-08-11T13:04:23.643+0000] {manager.py:878} INFO - 
================================================================================
DAG File Processing Stats

File Path                             PID    Runtime      # DAGs    # Errors  Last Runtime    Last Run
------------------------------------  -----  ---------  --------  ----------  --------------  -------------------
/opt/airflow/dags/nyc_taxi_ingest.py                           1           0  0.91s           2026-08-11T13:03:54
================================================================================
[2026-08-11T13:04:53.847+0000] {manager.py:878} INFO - 
================================================================================
DAG File Processing Stats

File Path                             PID    Runtime      # DAGs    # Errors  Last Runtime    Last Run
------------------------------------  -----  ---------  --------  ----------  --------------  -------------------
/opt/airflow/dags/nyc_taxi_ingest.py                           1           0  0.76s           2026-08-11T13:04:25
================================================================================
[2026-08-11T13:05:24.192+0000] {manager.py:878} INFO - 
================================================================================
DAG File Processing Stats

File Path                             PID    Runtime      # DAGs    # Errors  Last Runtime    Last Run
------------------------------------  -----  ---------  --------  ----------  --------------  -------------------
/opt/airflow/dags/nyc_taxi_ingest.py                           1           0  0.78s           2026-08-11T13:04:56
================================================================================
[2026-08-11T13:05:54.388+0000] {manager.py:878} INFO - 
================================================================================
DAG File Processing Stats

File Path                             PID    Runtime      # DAGs    # Errors  Last Runtime    Last Run
------------------------------------  -----  ---------  --------  ----------  --------------  -------------------
/opt/airflow/dags/nyc_taxi_ingest.py                           1           0  0.73s           2026-08-11T13:05:27
================================================================================
[2026-08-11T13:06:24.605+0000] {manager.py:878} INFO - 
================================================================================
DAG File Processing Stats

File Path                             PID    Runtime      # DAGs    # Errors  Last Runtime    Last Run
------------------------------------  -----  ---------  --------  ----------  --------------  -------------------
/opt/airflow/dags/nyc_taxi_ingest.py                           1           0  0.79s           2026-08-11T13:05:58
================================================================================
[2026-08-11T13:06:54.848+0000] {manager.py:878} INFO - 
================================================================================
DAG File Processing Stats

File Path                             PID    Runtime      # DAGs    # Errors  Last Runtime    Last Run
------------------------------------  -----  ---------  --------  ----------  --------------  -------------------
/opt/airflow/dags/nyc_taxi_ingest.py                           1           0  1.11s           2026-08-11T13:06:29
================================================================================
[2026-08-11T13:07:24.942+0000] {manager.py:878} INFO - 
================================================================================
DAG File Processing Stats

File Path                             PID    Runtime      # DAGs    # Errors  Last Runtime    Last Run
------------------------------------  -----  ---------  --------  ----------  --------------  -------------------
/opt/airflow/dags/nyc_taxi_ingest.py                           1           0  0.87s           2026-08-11T13:07:00
================================================================================
[2026-08-11T13:07:55.035+0000] {manager.py:878} INFO - 
================================================================================
DAG File Processing Stats

File Path                             PID    Runtime      # DAGs    # Errors  Last Runtime    Last Run
------------------------------------  -----  ---------  --------  ----------  --------------  -------------------
/opt/airflow/dags/nyc_taxi_ingest.py                           1           0  0.86s           2026-08-11T13:07:31
================================================================================
[2026-08-11T13:08:25.501+0000] {manager.py:878} INFO - 
================================================================================
DAG File Processing Stats

File Path                             PID    Runtime      # DAGs    # Errors  Last Runtime    Last Run
------------------------------------  -----  ---------  --------  ----------  --------------  -------------------
/opt/airflow/dags/nyc_taxi_ingest.py                           1           0  0.72s           2026-08-11T13:08:02
================================================================================
[2026-08-11T13:08:55.744+0000] {manager.py:878} INFO - 
================================================================================
DAG File Processing Stats

File Path                             PID    Runtime      # DAGs    # Errors  Last Runtime    Last Run
------------------------------------  -----  ---------  --------  ----------  --------------  -------------------
/opt/airflow/dags/nyc_taxi_ingest.py                           1           0  0.77s           2026-08-11T13:08:33
================================================================================
[2026-08-11T13:09:13.048+0000] {manager.py:737} INFO - Searching for files in /opt/airflow/dags
[2026-08-11T13:09:13.085+0000] {manager.py:740} INFO - There are 1 files in /opt/airflow/dags
[2026-08-11T13:09:26.212+0000] {manager.py:878} INFO - 
================================================================================
DAG File Processing Stats

File Path                             PID    Runtime      # DAGs    # Errors  Last Runtime    Last Run
------------------------------------  -----  ---------  --------  ----------  --------------  -------------------
/opt/airflow/dags/nyc_taxi_ingest.py                           1           0  1.37s           2026-08-11T13:09:05
================================================================================
[2026-08-11T13:09:56.512+0000] {manager.py:878} INFO - 
================================================================================
DAG File Processing Stats

File Path                             PID    Runtime      # DAGs    # Errors  Last Runtime    Last Run
------------------------------------  -----  ---------  --------  ----------  --------------  -------------------
/opt/airflow/dags/nyc_taxi_ingest.py                           1           0  0.58s           2026-08-11T13:09:35
================================================================================
[2026-08-11T13:10:26.715+0000] {manager.py:878} INFO - 
================================================================================
DAG File Processing Stats

File Path                             PID    Runtime      # DAGs    # Errors  Last Runtime    Last Run
------------------------------------  -----  ---------  --------  ----------  --------------  -------------------
/opt/airflow/dags/nyc_taxi_ingest.py                           1           0  0.62s           2026-08-11T13:10:06
================================================================================
[2026-08-11T13:10:57.018+0000] {manager.py:878} INFO - 
================================================================================
DAG File Processing Stats

File Path                             PID    Runtime      # DAGs    # Errors  Last Runtime    Last Run
------------------------------------  -----  ---------  --------  ----------  --------------  -------------------
/opt/airflow/dags/nyc_taxi_ingest.py                           1           0  0.61s           2026-08-11T13:10:37
================================================================================
[2026-08-11T13:11:27.218+0000] {manager.py:878} INFO - 
================================================================================
DAG File Processing Stats

File Path                             PID    Runtime      # DAGs    # Errors  Last Runtime    Last Run
------------------------------------  -----  ---------  --------  ----------  --------------  -------------------
/opt/airflow/dags/nyc_taxi_ingest.py                           1           0  0.57s           2026-08-11T13:11:08
================================================================================
[2026-08-11T13:11:57.525+0000] {manager.py:878} INFO - 
================================================================================
DAG File Processing Stats

File Path                             PID    Runtime      # DAGs    # Errors  Last Runtime    Last Run
------------------------------------  -----  ---------  --------  ----------  --------------  -------------------
/opt/airflow/dags/nyc_taxi_ingest.py                           1           0  0.59s           2026-08-11T13:11:38
================================================================================
[2026-08-11T13:12:27.743+0000] {manager.py:878} INFO - 
================================================================================
DAG File Processing Stats

File Path                             PID    Runtime      # DAGs    # Errors  Last Runtime    Last Run
------------------------------------  -----  ---------  --------  ----------  --------------  -------------------
/opt/airflow/dags/nyc_taxi_ingest.py                           1           0  0.59s           2026-08-11T13:12:09
================================================================================
[2026-08-11T13:12:58.043+0000] {manager.py:878} INFO - 
================================================================================
DAG File Processing Stats

File Path                             PID    Runtime      # DAGs    # Errors  Last Runtime    Last Run
------------------------------------  -----  ---------  --------  ----------  --------------  -------------------
/opt/airflow/dags/nyc_taxi_ingest.py                           1           0  0.57s           2026-08-11T13:12:40
================================================================================
[2026-08-11T13:13:28.768+0000] {manager.py:878} INFO - 
================================================================================
DAG File Processing Stats

File Path                             PID    Runtime      # DAGs    # Errors  Last Runtime    Last Run
------------------------------------  -----  ---------  --------  ----------  --------------  -------------------
/opt/airflow/dags/nyc_taxi_ingest.py                           1           0  1.11s           2026-08-11T13:13:11
================================================================================
[2026-08-11T13:37:11.572+0000] {manager.py:737} INFO - Searching for files in /opt/airflow/dags
[2026-08-11T13:37:12.844+0000] {manager.py:740} INFO - There are 1 files in /opt/airflow/dags
[2026-08-11T13:42:16.220+0000] {manager.py:737} INFO - Searching for files in /opt/airflow/dags
[2026-08-11T13:42:16.238+0000] {manager.py:740} INFO - There are 1 files in /opt/airflow/dags
[2026-08-11T13:42:27.658+0000] {manager.py:878} INFO - 
================================================================================
DAG File Processing Stats

File Path                             PID    Runtime      # DAGs    # Errors  Last Runtime    Last Run
------------------------------------  -----  ---------  --------  ----------  --------------  -------------------
/opt/airflow/dags/nyc_taxi_ingest.py                           1           0  0.61s           2026-08-11T13:42:16
================================================================================
[2026-08-11T13:42:57.721+0000] {manager.py:878} INFO - 
================================================================================
DAG File Processing Stats

File Path                             PID    Runtime      # DAGs    # Errors  Last Runtime    Last Run
------------------------------------  -----  ---------  --------  ----------  --------------  -------------------
/opt/airflow/dags/nyc_taxi_ingest.py                           1           0  0.62s           2026-08-11T13:42:47
================================================================================
[2026-08-11T13:43:28.290+0000] {manager.py:878} INFO - 
================================================================================
DAG File Processing Stats

File Path                             PID    Runtime      # DAGs    # Errors  Last Runtime    Last Run
------------------------------------  -----  ---------  --------  ----------  --------------  -------------------
/opt/airflow/dags/nyc_taxi_ingest.py                           1           0  0.59s           2026-08-11T13:43:18
================================================================================
[2026-08-11T13:43:58.676+0000] {manager.py:878} INFO - 
================================================================================
DAG File Processing Stats

File Path                             PID    Runtime      # DAGs    # Errors  Last Runtime    Last Run
------------------------------------  -----  ---------  --------  ----------  --------------  -------------------
/opt/airflow/dags/nyc_taxi_ingest.py                           1           0  0.54s           2026-08-11T13:43:49
================================================================================
[2026-08-11T13:44:28.897+0000] {manager.py:878} INFO - 
================================================================================
DAG File Processing Stats

File Path                             PID    Runtime      # DAGs    # Errors  Last Runtime    Last Run
------------------------------------  -----  ---------  --------  ----------  --------------  -------------------
/opt/airflow/dags/nyc_taxi_ingest.py                           1           0  0.95s           2026-08-11T13:44:20
================================================================================
[2026-08-11T13:44:59.263+0000] {manager.py:878} INFO - 
================================================================================
DAG File Processing Stats

File Path                             PID    Runtime      # DAGs    # Errors  Last Runtime    Last Run
------------------------------------  -----  ---------  --------  ----------  --------------  -------------------
/opt/airflow/dags/nyc_taxi_ingest.py                           1           0  0.92s           2026-08-11T13:44:51
================================================================================
[2026-08-11T13:45:29.743+0000] {manager.py:878} INFO - 
================================================================================
DAG File Processing Stats

File Path                             PID    Runtime      # DAGs    # Errors  Last Runtime    Last Run
------------------------------------  -----  ---------  --------  ----------  --------------  -------------------
/opt/airflow/dags/nyc_taxi_ingest.py                           1           0  1.19s           2026-08-11T13:45:22
================================================================================
[2026-08-11T13:46:00.093+0000] {manager.py:878} INFO - 
================================================================================
DAG File Processing Stats

File Path                             PID    Runtime      # DAGs    # Errors  Last Runtime    Last Run
------------------------------------  -----  ---------  --------  ----------  --------------  -------------------
/opt/airflow/dags/nyc_taxi_ingest.py                           1           0  0.57s           2026-08-11T13:45:53
================================================================================
[2026-08-11T13:46:30.272+0000] {manager.py:878} INFO - 
================================================================================
DAG File Processing Stats

File Path                             PID    Runtime      # DAGs    # Errors  Last Runtime    Last Run
------------------------------------  -----  ---------  --------  ----------  --------------  -------------------
/opt/airflow/dags/nyc_taxi_ingest.py                           1           0  0.91s           2026-08-11T13:46:24
================================================================================
[2026-08-11T13:47:00.469+0000] {manager.py:878} INFO - 
================================================================================
DAG File Processing Stats

File Path                             PID    Runtime      # DAGs    # Errors  Last Runtime    Last Run
------------------------------------  -----  ---------  --------  ----------  --------------  -------------------
/opt/airflow/dags/nyc_taxi_ingest.py                           1           0  0.89s           2026-08-11T13:46:55
================================================================================
[2026-08-11T13:47:16.586+0000] {manager.py:737} INFO - Searching for files in /opt/airflow/dags
[2026-08-11T13:47:16.609+0000] {manager.py:740} INFO - There are 1 files in /opt/airflow/dags
[2026-08-11T13:47:30.916+0000] {manager.py:878} INFO - 
================================================================================
DAG File Processing Stats

File Path                             PID    Runtime      # DAGs    # Errors  Last Runtime    Last Run
------------------------------------  -----  ---------  --------  ----------  --------------  -------------------
/opt/airflow/dags/nyc_taxi_ingest.py                           1           0  1.22s           2026-08-11T13:47:26
================================================================================
[2026-08-11T13:48:00.969+0000] {manager.py:878} INFO - 
================================================================================
DAG File Processing Stats

File Path                             PID    Runtime      # DAGs    # Errors  Last Runtime    Last Run
------------------------------------  -----  ---------  --------  ----------  --------------  -------------------
/opt/airflow/dags/nyc_taxi_ingest.py                           1           0  0.74s           2026-08-11T13:47:57
================================================================================
[2026-08-11T13:48:31.456+0000] {manager.py:878} INFO - 
================================================================================
DAG File Processing Stats

File Path                             PID    Runtime      # DAGs    # Errors  Last Runtime    Last Run
------------------------------------  -----  ---------  --------  ----------  --------------  -------------------
/opt/airflow/dags/nyc_taxi_ingest.py                           1           0  0.74s           2026-08-11T13:48:28
================================================================================
[2026-08-11T13:49:01.652+0000] {manager.py:878} INFO - 
================================================================================
DAG File Processing Stats

File Path                             PID    Runtime      # DAGs    # Errors  Last Runtime    Last Run
------------------------------------  -----  ---------  --------  ----------  --------------  -------------------
/opt/airflow/dags/nyc_taxi_ingest.py                           1           0  0.77s           2026-08-11T13:48:59
================================================================================
[2026-08-11T13:49:31.821+0000] {manager.py:878} INFO - 
================================================================================
DAG File Processing Stats

File Path                             PID    Runtime      # DAGs    # Errors  Last Runtime    Last Run
------------------------------------  -----  ---------  --------  ----------  --------------  -------------------
/opt/airflow/dags/nyc_taxi_ingest.py                           1           0  0.76s           2026-08-11T13:49:30
================================================================================
[2026-08-11T13:50:02.244+0000] {manager.py:878} INFO - 
================================================================================
DAG File Processing Stats

File Path                             PID    Runtime      # DAGs    # Errors  Last Runtime    Last Run
------------------------------------  -----  ---------  --------  ----------  --------------  -------------------
/opt/airflow/dags/nyc_taxi_ingest.py                           1           0  0.59s           2026-08-11T13:50:01
================================================================================
[2026-08-11T13:50:32.426+0000] {manager.py:878} INFO - 
================================================================================
DAG File Processing Stats

File Path                               PID  Runtime      # DAGs    # Errors  Last Runtime    Last Run
------------------------------------  -----  ---------  --------  ----------  --------------  -------------------
/opt/airflow/dags/nyc_taxi_ingest.py    332  0.61s             1           0  0.59s           2026-08-11T13:50:01
================================================================================
[2026-08-11T13:51:02.623+0000] {manager.py:878} INFO - 
================================================================================
DAG File Processing Stats

File Path                             PID    Runtime      # DAGs    # Errors  Last Runtime    Last Run
------------------------------------  -----  ---------  --------  ----------  --------------  -------------------
/opt/airflow/dags/nyc_taxi_ingest.py                           1           0  0.92s           2026-08-11T13:50:32
================================================================================
[2026-08-11T13:51:32.699+0000] {manager.py:878} INFO - 
================================================================================
DAG File Processing Stats

File Path                             PID    Runtime      # DAGs    # Errors  Last Runtime    Last Run
------------------------------------  -----  ---------  --------  ----------  --------------  -------------------
/opt/airflow/dags/nyc_taxi_ingest.py                           1           0  0.57s           2026-08-11T13:51:03
================================================================================
[2026-08-11T13:52:03.368+0000] {manager.py:878} INFO - 
================================================================================
DAG File Processing Stats

File Path                             PID    Runtime      # DAGs    # Errors  Last Runtime    Last Run
------------------------------------  -----  ---------  --------  ----------  --------------  -------------------
/opt/airflow/dags/nyc_taxi_ingest.py                           1           0  0.55s           2026-08-11T13:51:34
================================================================================
[2026-08-11T13:52:17.056+0000] {manager.py:737} INFO - Searching for files in /opt/airflow/dags
[2026-08-11T13:52:17.079+0000] {manager.py:740} INFO - There are 1 files in /opt/airflow/dags
[2026-08-11T13:52:33.639+0000] {manager.py:878} INFO - 
================================================================================
DAG File Processing Stats

File Path                             PID    Runtime      # DAGs    # Errors  Last Runtime    Last Run
------------------------------------  -----  ---------  --------  ----------  --------------  -------------------
/opt/airflow/dags/nyc_taxi_ingest.py                           1           0  0.59s           2026-08-11T13:52:04
================================================================================
[2026-08-11T13:53:03.841+0000] {manager.py:878} INFO - 
================================================================================
DAG File Processing Stats

File Path                             PID    Runtime      # DAGs    # Errors  Last Runtime    Last Run
------------------------------------  -----  ---------  --------  ----------  --------------  -------------------
/opt/airflow/dags/nyc_taxi_ingest.py                           1           0  0.55s           2026-08-11T13:52:35
================================================================================
[2026-08-11T13:53:34.155+0000] {manager.py:878} INFO - 
================================================================================
DAG File Processing Stats

File Path                             PID    Runtime      # DAGs    # Errors  Last Runtime    Last Run
------------------------------------  -----  ---------  --------  ----------  --------------  -------------------
/opt/airflow/dags/nyc_taxi_ingest.py                           1           0  0.55s           2026-08-11T13:53:06
================================================================================
[2026-08-11T13:54:04.319+0000] {manager.py:878} INFO - 
================================================================================
DAG File Processing Stats

File Path                             PID    Runtime      # DAGs    # Errors  Last Runtime    Last Run
------------------------------------  -----  ---------  --------  ----------  --------------  -------------------
/opt/airflow/dags/nyc_taxi_ingest.py                           1           0  0.54s           2026-08-11T13:53:37
================================================================================
[2026-08-11T13:54:35.136+0000] {manager.py:878} INFO - 
================================================================================
DAG File Processing Stats

File Path                             PID    Runtime      # DAGs    # Errors  Last Runtime    Last Run
------------------------------------  -----  ---------  --------  ----------  --------------  -------------------
/opt/airflow/dags/nyc_taxi_ingest.py                           1           0  0.64s           2026-08-11T13:54:07
================================================================================
[2026-08-11T13:55:05.421+0000] {manager.py:878} INFO - 
================================================================================
DAG File Processing Stats

File Path                             PID    Runtime      # DAGs    # Errors  Last Runtime    Last Run
------------------------------------  -----  ---------  --------  ----------  --------------  -------------------
/opt/airflow/dags/nyc_taxi_ingest.py                           1           0  0.62s           2026-08-11T13:54:38
================================================================================
[2026-08-11T13:55:35.631+0000] {manager.py:878} INFO - 
================================================================================
DAG File Processing Stats

File Path                             PID    Runtime      # DAGs    # Errors  Last Runtime    Last Run
------------------------------------  -----  ---------  --------  ----------  --------------  -------------------
/opt/airflow/dags/nyc_taxi_ingest.py                           1           0  0.94s           2026-08-11T13:55:09
================================================================================
[2026-08-11T13:56:16.639+0000] {manager.py:878} INFO - 
================================================================================
DAG File Processing Stats

File Path                             PID    Runtime      # DAGs    # Errors  Last Runtime    Last Run
------------------------------------  -----  ---------  --------  ----------  --------------  -------------------
/opt/airflow/dags/nyc_taxi_ingest.py                           1           0  1.04s           2026-08-11T13:56:15
================================================================================
[2026-08-11T15:22:45.247+0000] {manager.py:737} INFO - Searching for files in /opt/airflow/dags
[2026-08-11T15:22:45.367+0000] {manager.py:740} INFO - There are 1 files in /opt/airflow/dags
[2026-08-11T15:22:45.410+0000] {manager.py:1203} ERROR - Processor for /opt/airflow/dags/nyc_taxi_ingest.py with PID 356 started at 2026-08-11T13:56:46.566756+00:00 has timed out, killing it.
[2026-08-11T15:22:45.458+0000] {manager.py:878} INFO - 
================================================================================
DAG File Processing Stats

File Path                             PID    Runtime      # DAGs    # Errors  Last Runtime    Last Run
------------------------------------  -----  ---------  --------  ----------  --------------  -------------------
/opt/airflow/dags/nyc_taxi_ingest.py                           0           1  5158.84s        2026-08-11T15:22:45
================================================================================
[2026-08-11T16:39:19.559+0000] {manager.py:737} INFO - Searching for files in /opt/airflow/dags
[2026-08-11T16:39:19.597+0000] {manager.py:740} INFO - There are 1 files in /opt/airflow/dags
[2026-08-11T16:39:33.794+0000] {manager.py:878} INFO - 
================================================================================
DAG File Processing Stats

File Path                             PID    Runtime      # DAGs    # Errors  Last Runtime    Last Run
------------------------------------  -----  ---------  --------  ----------  --------------  -------------------
/opt/airflow/dags/nyc_taxi_ingest.py                           1           0  1.82s           2026-08-11T16:39:21
================================================================================
[2026-08-11T16:40:04.036+0000] {manager.py:878} INFO - 
================================================================================
DAG File Processing Stats

File Path                             PID    Runtime      # DAGs    # Errors  Last Runtime    Last Run
------------------------------------  -----  ---------  --------  ----------  --------------  -------------------
/opt/airflow/dags/nyc_taxi_ingest.py                           1           0  1.85s           2026-08-11T16:39:53
================================================================================
[2026-08-11T16:40:34.432+0000] {manager.py:878} INFO - 
================================================================================
DAG File Processing Stats

File Path                             PID    Runtime      # DAGs    # Errors  Last Runtime    Last Run
------------------------------------  -----  ---------  --------  ----------  --------------  -------------------
/opt/airflow/dags/nyc_taxi_ingest.py                           1           0  1.55s           2026-08-11T16:40:25
================================================================================
[2026-08-11T16:41:04.646+0000] {manager.py:878} INFO - 
================================================================================
DAG File Processing Stats

File Path                             PID    Runtime      # DAGs    # Errors  Last Runtime    Last Run
------------------------------------  -----  ---------  --------  ----------  --------------  -------------------
/opt/airflow/dags/nyc_taxi_ingest.py                           1           0  1.44s           2026-08-11T16:40:57
================================================================================
[2026-08-11T16:41:35.453+0000] {manager.py:878} INFO - 
================================================================================
DAG File Processing Stats

File Path                             PID    Runtime      # DAGs    # Errors  Last Runtime    Last Run
------------------------------------  -----  ---------  --------  ----------  --------------  -------------------
/opt/airflow/dags/nyc_taxi_ingest.py                           1           0  1.56s           2026-08-11T16:41:29
================================================================================
[2026-08-11T16:42:05.809+0000] {manager.py:878} INFO - 
================================================================================
DAG File Processing Stats

File Path                             PID    Runtime      # DAGs    # Errors  Last Runtime    Last Run
------------------------------------  -----  ---------  --------  ----------  --------------  -------------------
/opt/airflow/dags/nyc_taxi_ingest.py                           1           0  1.17s           2026-08-11T16:42:00
================================================================================
[2026-08-11T16:42:36.143+0000] {manager.py:878} INFO - 
================================================================================
DAG File Processing Stats

File Path                             PID    Runtime      # DAGs    # Errors  Last Runtime    Last Run
------------------------------------  -----  ---------  --------  ----------  --------------  -------------------
/opt/airflow/dags/nyc_taxi_ingest.py                           1           0  1.60s           2026-08-11T16:42:32
================================================================================
[2026-08-11T16:43:06.439+0000] {manager.py:878} INFO - 
================================================================================
DAG File Processing Stats

File Path                             PID    Runtime      # DAGs    # Errors  Last Runtime    Last Run
------------------------------------  -----  ---------  --------  ----------  --------------  -------------------
/opt/airflow/dags/nyc_taxi_ingest.py                           1           0  1.55s           2026-08-11T16:43:04
================================================================================
[2026-08-11T16:43:36.775+0000] {manager.py:878} INFO - 
================================================================================
DAG File Processing Stats

File Path                             PID    Runtime      # DAGs    # Errors  Last Runtime    Last Run
------------------------------------  -----  ---------  --------  ----------  --------------  -------------------
/opt/airflow/dags/nyc_taxi_ingest.py                           1           0  1.68s           2026-08-11T16:43:36
================================================================================
[2026-08-11T16:44:07.018+0000] {manager.py:878} INFO - 
================================================================================
DAG File Processing Stats

File Path                               PID  Runtime      # DAGs    # Errors  Last Runtime    Last Run
------------------------------------  -----  ---------  --------  ----------  --------------  -------------------
/opt/airflow/dags/nyc_taxi_ingest.py    376  0.28s             1           0  1.68s           2026-08-11T16:43:36
================================================================================
[2026-08-11T16:44:20.138+0000] {manager.py:737} INFO - Searching for files in /opt/airflow/dags
[2026-08-11T16:44:20.209+0000] {manager.py:740} INFO - There are 1 files in /opt/airflow/dags
[2026-08-11T16:44:37.391+0000] {manager.py:878} INFO - 
================================================================================
DAG File Processing Stats

File Path                             PID    Runtime      # DAGs    # Errors  Last Runtime    Last Run
------------------------------------  -----  ---------  --------  ----------  --------------  -------------------
/opt/airflow/dags/nyc_taxi_ingest.py                           1           0  1.31s           2026-08-11T16:44:08
================================================================================
[2026-08-11T16:45:07.643+0000] {manager.py:878} INFO - 
================================================================================
DAG File Processing Stats

File Path                             PID    Runtime      # DAGs    # Errors  Last Runtime    Last Run
------------------------------------  -----  ---------  --------  ----------  --------------  -------------------
/opt/airflow/dags/nyc_taxi_ingest.py                           1           0  0.95s           2026-08-11T16:44:39
================================================================================
[2026-08-11T16:45:38.105+0000] {manager.py:878} INFO - 
================================================================================
DAG File Processing Stats

File Path                             PID    Runtime      # DAGs    # Errors  Last Runtime    Last Run
------------------------------------  -----  ---------  --------  ----------  --------------  -------------------
/opt/airflow/dags/nyc_taxi_ingest.py                           1           0  1.00s           2026-08-11T16:45:10
================================================================================
[2026-08-11T16:46:08.342+0000] {manager.py:878} INFO - 
================================================================================
DAG File Processing Stats

File Path                             PID    Runtime      # DAGs    # Errors  Last Runtime    Last Run
------------------------------------  -----  ---------  --------  ----------  --------------  -------------------
/opt/airflow/dags/nyc_taxi_ingest.py                           1           0  0.97s           2026-08-11T16:45:42
================================================================================
[2026-08-11T16:46:38.614+0000] {manager.py:878} INFO - 
================================================================================
DAG File Processing Stats

File Path                             PID    Runtime      # DAGs    # Errors  Last Runtime    Last Run
------------------------------------  -----  ---------  --------  ----------  --------------  -------------------
/opt/airflow/dags/nyc_taxi_ingest.py                           1           0  1.23s           2026-08-11T16:46:13
================================================================================
[2026-08-11T16:47:08.944+0000] {manager.py:878} INFO - 
================================================================================
DAG File Processing Stats

File Path                             PID    Runtime      # DAGs    # Errors  Last Runtime    Last Run
------------------------------------  -----  ---------  --------  ----------  --------------  -------------------
/opt/airflow/dags/nyc_taxi_ingest.py                           1           0  1.16s           2026-08-11T16:46:44
================================================================================
[2026-08-11T16:47:39.317+0000] {manager.py:878} INFO - 
================================================================================
DAG File Processing Stats

File Path                             PID    Runtime      # DAGs    # Errors  Last Runtime    Last Run
------------------------------------  -----  ---------  --------  ----------  --------------  -------------------
/opt/airflow/dags/nyc_taxi_ingest.py                           1           0  1.52s           2026-08-11T16:47:16
================================================================================
[2026-08-11T16:48:09.431+0000] {manager.py:878} INFO - 
================================================================================
DAG File Processing Stats

File Path                             PID    Runtime      # DAGs    # Errors  Last Runtime    Last Run
------------------------------------  -----  ---------  --------  ----------  --------------  -------------------
/opt/airflow/dags/nyc_taxi_ingest.py                           1           0  1.39s           2026-08-11T16:47:48
================================================================================
[2026-08-11T16:48:39.688+0000] {manager.py:878} INFO - 
================================================================================
DAG File Processing Stats

File Path                             PID    Runtime      # DAGs    # Errors  Last Runtime    Last Run
------------------------------------  -----  ---------  --------  ----------  --------------  -------------------
/opt/airflow/dags/nyc_taxi_ingest.py                           1           0  1.18s           2026-08-11T16:48:19
================================================================================
[2026-08-11T16:49:10.137+0000] {manager.py:878} INFO - 
================================================================================
DAG File Processing Stats

File Path                             PID    Runtime      # DAGs    # Errors  Last Runtime    Last Run
------------------------------------  -----  ---------  --------  ----------  --------------  -------------------
/opt/airflow/dags/nyc_taxi_ingest.py                           1           0  1.29s           2026-08-11T16:48:51
================================================================================
[2026-08-11T16:49:20.234+0000] {manager.py:737} INFO - Searching for files in /opt/airflow/dags
[2026-08-11T16:49:20.288+0000] {manager.py:740} INFO - There are 1 files in /opt/airflow/dags
[2026-08-11T16:49:40.432+0000] {manager.py:878} INFO - 
================================================================================
DAG File Processing Stats

File Path                             PID    Runtime      # DAGs    # Errors  Last Runtime    Last Run
------------------------------------  -----  ---------  --------  ----------  --------------  -------------------
/opt/airflow/dags/nyc_taxi_ingest.py                           1           0  0.92s           2026-08-11T16:49:22
================================================================================
[2026-08-11T16:50:10.798+0000] {manager.py:878} INFO - 
================================================================================
DAG File Processing Stats

File Path                             PID    Runtime      # DAGs    # Errors  Last Runtime    Last Run
------------------------------------  -----  ---------  --------  ----------  --------------  -------------------
/opt/airflow/dags/nyc_taxi_ingest.py                           1           0  1.07s           2026-08-11T16:49:53
================================================================================
[2026-08-11T16:50:41.116+0000] {manager.py:878} INFO - 
================================================================================
DAG File Processing Stats

File Path                             PID    Runtime      # DAGs    # Errors  Last Runtime    Last Run
------------------------------------  -----  ---------  --------  ----------  --------------  -------------------
/opt/airflow/dags/nyc_taxi_ingest.py                           1           0  1.30s           2026-08-11T16:50:25
================================================================================
[2026-08-11T16:51:11.687+0000] {manager.py:878} INFO - 
================================================================================
DAG File Processing Stats

File Path                             PID    Runtime      # DAGs    # Errors  Last Runtime    Last Run
------------------------------------  -----  ---------  --------  ----------  --------------  -------------------
/opt/airflow/dags/nyc_taxi_ingest.py                           1           0  1.06s           2026-08-11T16:50:56
================================================================================
[2026-08-11T16:51:41.980+0000] {manager.py:878} INFO - 
================================================================================
DAG File Processing Stats

File Path                             PID    Runtime      # DAGs    # Errors  Last Runtime    Last Run
------------------------------------  -----  ---------  --------  ----------  --------------  -------------------
/opt/airflow/dags/nyc_taxi_ingest.py                           1           0  1.10s           2026-08-11T16:51:27
================================================================================
[2026-08-11T16:52:12.334+0000] {manager.py:878} INFO - 
================================================================================
DAG File Processing Stats

File Path                             PID    Runtime      # DAGs    # Errors  Last Runtime    Last Run
------------------------------------  -----  ---------  --------  ----------  --------------  -------------------
/opt/airflow/dags/nyc_taxi_ingest.py                           1           0  1.07s           2026-08-11T16:51:59
================================================================================
[2026-08-11T16:52:42.575+0000] {manager.py:878} INFO - 
================================================================================
DAG File Processing Stats

File Path                             PID    Runtime      # DAGs    # Errors  Last Runtime    Last Run
------------------------------------  -----  ---------  --------  ----------  --------------  -------------------
/opt/airflow/dags/nyc_taxi_ingest.py                           1           0  0.86s           2026-08-11T16:52:30
================================================================================
[2026-08-11T16:53:12.674+0000] {manager.py:878} INFO - 
================================================================================
DAG File Processing Stats

File Path                             PID    Runtime      # DAGs    # Errors  Last Runtime    Last Run
------------------------------------  -----  ---------  --------  ----------  --------------  -------------------
/opt/airflow/dags/nyc_taxi_ingest.py                           1           0  0.83s           2026-08-11T16:53:01
================================================================================
[2026-08-11T16:53:42.851+0000] {manager.py:878} INFO - 
================================================================================
DAG File Processing Stats

File Path                             PID    Runtime      # DAGs    # Errors  Last Runtime    Last Run
------------------------------------  -----  ---------  --------  ----------  --------------  -------------------
/opt/airflow/dags/nyc_taxi_ingest.py                           1           0  0.89s           2026-08-11T16:53:32
================================================================================
[2026-08-11T16:54:13.137+0000] {manager.py:878} INFO - 
================================================================================
DAG File Processing Stats

File Path                             PID    Runtime      # DAGs    # Errors  Last Runtime    Last Run
------------------------------------  -----  ---------  --------  ----------  --------------  -------------------
/opt/airflow/dags/nyc_taxi_ingest.py                           1           0  1.10s           2026-08-11T16:54:04
================================================================================
[2026-08-11T16:54:20.283+0000] {manager.py:737} INFO - Searching for files in /opt/airflow/dags
[2026-08-11T16:54:20.324+0000] {manager.py:740} INFO - There are 1 files in /opt/airflow/dags
[2026-08-11T16:54:43.511+0000] {manager.py:878} INFO - 
================================================================================
DAG File Processing Stats

File Path                             PID    Runtime      # DAGs    # Errors  Last Runtime    Last Run
------------------------------------  -----  ---------  --------  ----------  --------------  -------------------
/opt/airflow/dags/nyc_taxi_ingest.py                           1           0  1.21s           2026-08-11T16:54:35
================================================================================
[2026-08-11T16:55:13.938+0000] {manager.py:878} INFO - 
================================================================================
DAG File Processing Stats

File Path                             PID    Runtime      # DAGs    # Errors  Last Runtime    Last Run
------------------------------------  -----  ---------  --------  ----------  --------------  -------------------
/opt/airflow/dags/nyc_taxi_ingest.py                           1           0  1.24s           2026-08-11T16:55:07
================================================================================
[2026-08-11T16:55:44.358+0000] {manager.py:878} INFO - 
================================================================================
DAG File Processing Stats

File Path                             PID    Runtime      # DAGs    # Errors  Last Runtime    Last Run
------------------------------------  -----  ---------  --------  ----------  --------------  -------------------
/opt/airflow/dags/nyc_taxi_ingest.py                           1           0  1.38s           2026-08-11T16:55:38
================================================================================
[2026-08-11T16:56:14.913+0000] {manager.py:878} INFO - 
================================================================================
DAG File Processing Stats

File Path                             PID    Runtime      # DAGs    # Errors  Last Runtime    Last Run
------------------------------------  -----  ---------  --------  ----------  --------------  -------------------
/opt/airflow/dags/nyc_taxi_ingest.py                           1           0  1.34s           2026-08-11T16:56:09
================================================================================
[2026-08-11T16:56:45.177+0000] {manager.py:878} INFO - 
================================================================================
DAG File Processing Stats

File Path                             PID    Runtime      # DAGs    # Errors  Last Runtime    Last Run
------------------------------------  -----  ---------  --------  ----------  --------------  -------------------
/opt/airflow/dags/nyc_taxi_ingest.py                           1           0  0.94s           2026-08-11T16:56:41
================================================================================
[2026-08-11T16:57:15.533+0000] {manager.py:878} INFO - 
================================================================================
DAG File Processing Stats

File Path                             PID    Runtime      # DAGs    # Errors  Last Runtime    Last Run
------------------------------------  -----  ---------  --------  ----------  --------------  -------------------
/opt/airflow/dags/nyc_taxi_ingest.py                           1           0  1.04s           2026-08-11T16:57:12
================================================================================
[2026-08-11T16:57:45.842+0000] {manager.py:878} INFO - 
================================================================================
DAG File Processing Stats

File Path                             PID    Runtime      # DAGs    # Errors  Last Runtime    Last Run
------------------------------------  -----  ---------  --------  ----------  --------------  -------------------
/opt/airflow/dags/nyc_taxi_ingest.py                           1           0  1.11s           2026-08-11T16:57:43
================================================================================
[2026-08-11T16:58:16.166+0000] {manager.py:878} INFO - 
================================================================================
DAG File Processing Stats

File Path                             PID    Runtime      # DAGs    # Errors  Last Runtime    Last Run
------------------------------------  -----  ---------  --------  ----------  --------------  -------------------
/opt/airflow/dags/nyc_taxi_ingest.py                           1           0  1.18s           2026-08-11T16:58:15
================================================================================
[2026-08-11T16:58:46.530+0000] {manager.py:878} INFO - 
================================================================================
DAG File Processing Stats

File Path                               PID  Runtime      # DAGs    # Errors  Last Runtime    Last Run
------------------------------------  -----  ---------  --------  ----------  --------------  -------------------
/opt/airflow/dags/nyc_taxi_ingest.py    432  1.02s             1           0  1.18s           2026-08-11T16:58:15
================================================================================
[2026-08-11T16:59:16.863+0000] {manager.py:878} INFO - 
================================================================================
DAG File Processing Stats

File Path                               PID  Runtime      # DAGs    # Errors  Last Runtime    Last Run
------------------------------------  -----  ---------  --------  ----------  --------------  -------------------
/opt/airflow/dags/nyc_taxi_ingest.py    434  0.00s             1           0  1.11s           2026-08-11T16:58:46
================================================================================
[2026-08-11T16:59:20.902+0000] {manager.py:737} INFO - Searching for files in /opt/airflow/dags
[2026-08-11T16:59:20.964+0000] {manager.py:740} INFO - There are 1 files in /opt/airflow/dags
[2026-08-11T16:59:47.219+0000] {manager.py:878} INFO - 
================================================================================
DAG File Processing Stats

File Path                             PID    Runtime      # DAGs    # Errors  Last Runtime    Last Run
------------------------------------  -----  ---------  --------  ----------  --------------  -------------------
/opt/airflow/dags/nyc_taxi_ingest.py                           1           0  1.05s           2026-08-11T16:59:17
================================================================================
[2026-08-11T17:00:17.526+0000] {manager.py:878} INFO - 
================================================================================
DAG File Processing Stats

File Path                             PID    Runtime      # DAGs    # Errors  Last Runtime    Last Run
------------------------------------  -----  ---------  --------  ----------  --------------  -------------------
/opt/airflow/dags/nyc_taxi_ingest.py                           1           0  0.96s           2026-08-11T16:59:49
================================================================================
[2026-08-11T17:00:47.902+0000] {manager.py:878} INFO - 
================================================================================
DAG File Processing Stats

File Path                             PID    Runtime      # DAGs    # Errors  Last Runtime    Last Run
------------------------------------  -----  ---------  --------  ----------  --------------  -------------------
/opt/airflow/dags/nyc_taxi_ingest.py                           1           0  1.13s           2026-08-11T17:00:20
================================================================================
[2026-08-11T17:01:18.183+0000] {manager.py:878} INFO - 
================================================================================
DAG File Processing Stats

File Path                             PID    Runtime      # DAGs    # Errors  Last Runtime    Last Run
------------------------------------  -----  ---------  --------  ----------  --------------  -------------------
/opt/airflow/dags/nyc_taxi_ingest.py                           1           0  0.95s           2026-08-11T17:00:51
================================================================================
[2026-08-11T17:01:48.390+0000] {manager.py:878} INFO - 
================================================================================
DAG File Processing Stats

File Path                             PID    Runtime      # DAGs    # Errors  Last Runtime    Last Run
------------------------------------  -----  ---------  --------  ----------  --------------  -------------------
/opt/airflow/dags/nyc_taxi_ingest.py                           1           0  0.93s           2026-08-11T17:01:23
================================================================================
[2026-08-11T17:02:18.698+0000] {manager.py:878} INFO - 
================================================================================
DAG File Processing Stats

File Path                             PID    Runtime      # DAGs    # Errors  Last Runtime    Last Run
------------------------------------  -----  ---------  --------  ----------  --------------  -------------------
/opt/airflow/dags/nyc_taxi_ingest.py                           1           0  2.13s           2026-08-11T17:01:55
================================================================================
[2026-08-11T17:02:49.132+0000] {manager.py:878} INFO - 
================================================================================
DAG File Processing Stats

File Path                             PID    Runtime      # DAGs    # Errors  Last Runtime    Last Run
------------------------------------  -----  ---------  --------  ----------  --------------  -------------------
/opt/airflow/dags/nyc_taxi_ingest.py                           1           0  1.37s           2026-08-11T17:02:27
================================================================================
[2026-08-11T17:03:19.624+0000] {manager.py:878} INFO - 
================================================================================
DAG File Processing Stats

File Path                             PID    Runtime      # DAGs    # Errors  Last Runtime    Last Run
------------------------------------  -----  ---------  --------  ----------  --------------  -------------------
/opt/airflow/dags/nyc_taxi_ingest.py                           1           0  1.35s           2026-08-11T17:02:58
================================================================================
[2026-08-15T19:11:51.611+0000] {manager.py:470} INFO - Processing files using up to 2 processes at a time 
[2026-08-15T19:11:51.618+0000] {manager.py:471} INFO - Process each file at most once every 30 seconds
[2026-08-15T19:11:51.621+0000] {manager.py:472} INFO - Checking for new files in /opt/airflow/dags every 300 seconds
[2026-08-15T19:11:51.627+0000] {manager.py:737} INFO - Searching for files in /opt/airflow/dags
[2026-08-15T19:11:51.957+0000] {manager.py:740} INFO - There are 1 files in /opt/airflow/dags
[2026-08-15T19:11:52.603+0000] {manager.py:878} INFO - 
================================================================================
DAG File Processing Stats

File Path                               PID  Runtime      # DAGs    # Errors  Last Runtime    Last Run
------------------------------------  -----  ---------  --------  ----------  --------------  ----------
/opt/airflow/dags/nyc_taxi_ingest.py     47  0.38s             0           0
================================================================================
[2026-08-15T19:12:22.921+0000] {manager.py:878} INFO - 
================================================================================
DAG File Processing Stats

File Path                             PID    Runtime      # DAGs    # Errors  Last Runtime    Last Run
------------------------------------  -----  ---------  --------  ----------  --------------  -------------------
/opt/airflow/dags/nyc_taxi_ingest.py                           1           0  6.28s           2026-08-15T19:11:58
================================================================================
[2026-08-15T19:12:53.321+0000] {manager.py:878} INFO - 
================================================================================
DAG File Processing Stats

File Path                             PID    Runtime      # DAGs    # Errors  Last Runtime    Last Run
------------------------------------  -----  ---------  --------  ----------  --------------  -------------------
/opt/airflow/dags/nyc_taxi_ingest.py                           1           0  4.53s           2026-08-15T19:12:33
================================================================================
[2026-08-15T19:13:24.157+0000] {manager.py:878} INFO - 
================================================================================
DAG File Processing Stats

File Path                             PID    Runtime      # DAGs    # Errors  Last Runtime    Last Run
------------------------------------  -----  ---------  --------  ----------  --------------  -------------------
/opt/airflow/dags/nyc_taxi_ingest.py                           1           0  3.18s           2026-08-15T19:13:07
================================================================================
[2026-08-15T19:13:54.365+0000] {manager.py:878} INFO - 
================================================================================
DAG File Processing Stats

File Path                             PID    Runtime      # DAGs    # Errors  Last Runtime    Last Run
------------------------------------  -----  ---------  --------  ----------  --------------  -------------------
/opt/airflow/dags/nyc_taxi_ingest.py                           1           0  2.83s           2026-08-15T19:13:40
================================================================================
[2026-08-15T19:14:24.547+0000] {manager.py:878} INFO - 
================================================================================
DAG File Processing Stats

File Path                             PID    Runtime      # DAGs    # Errors  Last Runtime    Last Run
------------------------------------  -----  ---------  --------  ----------  --------------  -------------------
/opt/airflow/dags/nyc_taxi_ingest.py                           1           0  1.90s           2026-08-15T19:14:12
================================================================================
[2026-08-15T19:14:54.938+0000] {manager.py:878} INFO - 
================================================================================
DAG File Processing Stats

File Path                             PID    Runtime      # DAGs    # Errors  Last Runtime    Last Run
------------------------------------  -----  ---------  --------  ----------  --------------  -------------------
/opt/airflow/dags/nyc_taxi_ingest.py                           1           0  2.07s           2026-08-15T19:14:44
================================================================================
[2026-08-15T19:15:25.258+0000] {manager.py:878} INFO - 
================================================================================
DAG File Processing Stats

File Path                             PID    Runtime      # DAGs    # Errors  Last Runtime    Last Run
------------------------------------  -----  ---------  --------  ----------  --------------  -------------------
/opt/airflow/dags/nyc_taxi_ingest.py                           1           0  1.63s           2026-08-15T19:15:16
================================================================================
[2026-08-15T19:15:55.566+0000] {manager.py:878} INFO - 
================================================================================
DAG File Processing Stats

File Path                             PID    Runtime      # DAGs    # Errors  Last Runtime    Last Run
------------------------------------  -----  ---------  --------  ----------  --------------  -------------------
/opt/airflow/dags/nyc_taxi_ingest.py                           1           0  1.79s           2026-08-15T19:15:48
================================================================================
[2026-08-15T19:16:25.850+0000] {manager.py:878} INFO - 
================================================================================
DAG File Processing Stats

File Path                             PID    Runtime      # DAGs    # Errors  Last Runtime    Last Run
------------------------------------  -----  ---------  --------  ----------  --------------  -------------------
/opt/airflow/dags/nyc_taxi_ingest.py                           1           0  1.71s           2026-08-15T19:16:20
================================================================================
[2026-08-15T19:16:52.136+0000] {manager.py:737} INFO - Searching for files in /opt/airflow/dags
[2026-08-15T19:16:52.176+0000] {manager.py:740} INFO - There are 1 files in /opt/airflow/dags
[2026-08-15T19:16:56.253+0000] {manager.py:878} INFO - 
================================================================================
DAG File Processing Stats

File Path                             PID    Runtime      # DAGs    # Errors  Last Runtime    Last Run
------------------------------------  -----  ---------  --------  ----------  --------------  -------------------
/opt/airflow/dags/nyc_taxi_ingest.py                           1           0  3.66s           2026-08-15T19:16:54
================================================================================
[2026-08-15T19:17:26.296+0000] {manager.py:878} INFO - 
================================================================================
DAG File Processing Stats

File Path                               PID  Runtime      # DAGs    # Errors  Last Runtime    Last Run
------------------------------------  -----  ---------  --------  ----------  --------------  -------------------
/opt/airflow/dags/nyc_taxi_ingest.py     67  1.13s             1           0  3.66s           2026-08-15T19:16:54
================================================================================
[2026-08-15T19:17:57.182+0000] {manager.py:878} INFO - 
================================================================================
DAG File Processing Stats

File Path                             PID    Runtime      # DAGs    # Errors  Last Runtime    Last Run
------------------------------------  -----  ---------  --------  ----------  --------------  -------------------
/opt/airflow/dags/nyc_taxi_ingest.py                           1           0  8.70s           2026-08-15T19:17:33
================================================================================
[2026-08-15T19:18:27.328+0000] {manager.py:878} INFO - 
================================================================================
DAG File Processing Stats

File Path                             PID    Runtime      # DAGs    # Errors  Last Runtime    Last Run
------------------------------------  -----  ---------  --------  ----------  --------------  -------------------
/opt/airflow/dags/nyc_taxi_ingest.py                           1           0  5.81s           2026-08-15T19:18:10
================================================================================
[2026-08-15T19:18:57.607+0000] {manager.py:878} INFO - 
================================================================================
DAG File Processing Stats

File Path                             PID    Runtime      # DAGs    # Errors  Last Runtime    Last Run
------------------------------------  -----  ---------  --------  ----------  --------------  -------------------
/opt/airflow/dags/nyc_taxi_ingest.py                           1           0  2.24s           2026-08-15T19:18:42
================================================================================
[2026-08-15T19:19:43.312+0000] {manager.py:878} INFO - 
================================================================================
DAG File Processing Stats

File Path                             PID    Runtime      # DAGs    # Errors  Last Runtime    Last Run
------------------------------------  -----  ---------  --------  ----------  --------------  -------------------
/opt/airflow/dags/nyc_taxi_ingest.py                           1           0  1.59s           2026-08-15T19:19:14
================================================================================
[2026-08-15T21:01:38.663+0000] {manager.py:737} INFO - Searching for files in /opt/airflow/dags
[2026-08-15T21:01:40.212+0000] {manager.py:740} INFO - There are 1 files in /opt/airflow/dags
[2026-08-15T21:02:08.906+0000] {manager.py:878} INFO - 
================================================================================
DAG File Processing Stats

File Path                             PID    Runtime      # DAGs    # Errors  Last Runtime    Last Run
------------------------------------  -----  ---------  --------  ----------  --------------  -------------------
/opt/airflow/dags/nyc_taxi_ingest.py                           1           0  4.90s           2026-08-15T21:01:45
================================================================================
[2026-08-15T21:02:39.448+0000] {manager.py:878} INFO - 
================================================================================
DAG File Processing Stats

File Path                             PID    Runtime      # DAGs    # Errors  Last Runtime    Last Run
------------------------------------  -----  ---------  --------  ----------  --------------  -------------------
/opt/airflow/dags/nyc_taxi_ingest.py                           1           0  8.06s           2026-08-15T21:02:24
================================================================================
[2026-08-15T21:03:09.818+0000] {manager.py:878} INFO - 
================================================================================
DAG File Processing Stats

File Path                             PID    Runtime      # DAGs    # Errors  Last Runtime    Last Run
------------------------------------  -----  ---------  --------  ----------  --------------  -------------------
/opt/airflow/dags/nyc_taxi_ingest.py                           1           0  2.39s           2026-08-15T21:02:57
================================================================================
[2026-08-15T21:03:40.266+0000] {manager.py:878} INFO - 
================================================================================
DAG File Processing Stats

File Path                             PID    Runtime      # DAGs    # Errors  Last Runtime    Last Run
------------------------------------  -----  ---------  --------  ----------  --------------  -------------------
/opt/airflow/dags/nyc_taxi_ingest.py                           1           0  5.98s           2026-08-15T21:03:33
================================================================================
[2026-08-15T21:04:10.737+0000] {manager.py:878} INFO - 
================================================================================
DAG File Processing Stats

File Path                             PID    Runtime      # DAGs    # Errors  Last Runtime    Last Run
------------------------------------  -----  ---------  --------  ----------  --------------  -------------------
/opt/airflow/dags/nyc_taxi_ingest.py                           1           0  1.26s           2026-08-15T21:04:04
================================================================================
[2026-08-15T21:04:41.168+0000] {manager.py:878} INFO - 
================================================================================
DAG File Processing Stats

File Path                             PID    Runtime      # DAGs    # Errors  Last Runtime    Last Run
------------------------------------  -----  ---------  --------  ----------  --------------  -------------------
/opt/airflow/dags/nyc_taxi_ingest.py                           1           0  1.22s           2026-08-15T21:04:36
================================================================================
[2026-08-15T21:05:11.450+0000] {manager.py:878} INFO - 
================================================================================
DAG File Processing Stats

File Path                             PID    Runtime      # DAGs    # Errors  Last Runtime    Last Run
------------------------------------  -----  ---------  --------  ----------  --------------  -------------------
/opt/airflow/dags/nyc_taxi_ingest.py                           1           0  1.84s           2026-08-15T21:05:08
================================================================================
[2026-08-15T21:05:41.830+0000] {manager.py:878} INFO - 
================================================================================
DAG File Processing Stats

File Path                             PID    Runtime      # DAGs    # Errors  Last Runtime    Last Run
------------------------------------  -----  ---------  --------  ----------  --------------  -------------------
/opt/airflow/dags/nyc_taxi_ingest.py                           1           0  2.09s           2026-08-15T21:05:40
================================================================================
[2026-08-15T21:06:12.337+0000] {manager.py:878} INFO - 
================================================================================
DAG File Processing Stats

File Path                             PID    Runtime      # DAGs    # Errors  Last Runtime    Last Run
------------------------------------  -----  ---------  --------  ----------  --------------  -------------------
/opt/airflow/dags/nyc_taxi_ingest.py                           1           0  3.44s           2026-08-15T21:06:09
================================================================================
[2026-08-15T21:06:38.939+0000] {manager.py:737} INFO - Searching for files in /opt/airflow/dags
[2026-08-15T21:06:39.005+0000] {manager.py:740} INFO - There are 1 files in /opt/airflow/dags
[2026-08-15T21:06:42.794+0000] {manager.py:878} INFO - 
================================================================================
DAG File Processing Stats

File Path                               PID  Runtime      # DAGs    # Errors  Last Runtime    Last Run
------------------------------------  -----  ---------  --------  ----------  --------------  -------------------
/opt/airflow/dags/nyc_taxi_ingest.py     93  3.09s             1           0  3.44s           2026-08-15T21:06:09
================================================================================
[2026-08-15T21:07:13.111+0000] {manager.py:878} INFO - 
================================================================================
DAG File Processing Stats

File Path                               PID  Runtime      # DAGs    # Errors  Last Runtime    Last Run
------------------------------------  -----  ---------  --------  ----------  --------------  -------------------
/opt/airflow/dags/nyc_taxi_ingest.py     95  0.01s             1           0  3.24s           2026-08-15T21:06:42
================================================================================
[2026-08-15T21:07:43.399+0000] {manager.py:878} INFO - 
================================================================================
DAG File Processing Stats

File Path                             PID    Runtime      # DAGs    # Errors  Last Runtime    Last Run
------------------------------------  -----  ---------  --------  ----------  --------------  -------------------
/opt/airflow/dags/nyc_taxi_ingest.py                           1           0  4.96s           2026-08-15T21:07:18
================================================================================
[2026-08-15T21:08:13.838+0000] {manager.py:878} INFO - 
================================================================================
DAG File Processing Stats

File Path                             PID    Runtime      # DAGs    # Errors  Last Runtime    Last Run
------------------------------------  -----  ---------  --------  ----------  --------------  -------------------
/opt/airflow/dags/nyc_taxi_ingest.py                           1           0  3.64s           2026-08-15T21:07:52
================================================================================
[2026-08-15T21:08:44.219+0000] {manager.py:878} INFO - 
================================================================================
DAG File Processing Stats

File Path                             PID    Runtime      # DAGs    # Errors  Last Runtime    Last Run
------------------------------------  -----  ---------  --------  ----------  --------------  -------------------
/opt/airflow/dags/nyc_taxi_ingest.py                           1           0  7.29s           2026-08-15T21:08:29
================================================================================
[2026-08-15T21:09:14.785+0000] {manager.py:878} INFO - 
================================================================================
DAG File Processing Stats

File Path                             PID    Runtime      # DAGs    # Errors  Last Runtime    Last Run
------------------------------------  -----  ---------  --------  ----------  --------------  -------------------
/opt/airflow/dags/nyc_taxi_ingest.py                           1           0  4.00s           2026-08-15T21:09:03
================================================================================
[2026-08-15T21:09:44.953+0000] {manager.py:878} INFO - 
================================================================================
DAG File Processing Stats

File Path                             PID    Runtime      # DAGs    # Errors  Last Runtime    Last Run
------------------------------------  -----  ---------  --------  ----------  --------------  -------------------
/opt/airflow/dags/nyc_taxi_ingest.py                           1           0  10.52s          2026-08-15T21:09:44
================================================================================
[2026-08-15T21:10:15.110+0000] {manager.py:878} INFO - 
================================================================================
DAG File Processing Stats

File Path                               PID  Runtime      # DAGs    # Errors  Last Runtime    Last Run
------------------------------------  -----  ---------  --------  ----------  --------------  -------------------
/opt/airflow/dags/nyc_taxi_ingest.py    105  0.02s             1           0  10.52s          2026-08-15T21:09:44
================================================================================
[2026-08-15T21:10:45.765+0000] {manager.py:878} INFO - 
================================================================================
DAG File Processing Stats

File Path                             PID    Runtime      # DAGs    # Errors  Last Runtime    Last Run
------------------------------------  -----  ---------  --------  ----------  --------------  -------------------
/opt/airflow/dags/nyc_taxi_ingest.py                           1           0  3.53s           2026-08-15T21:10:18
================================================================================
[2026-08-15T21:11:16.225+0000] {manager.py:878} INFO - 
================================================================================
DAG File Processing Stats

File Path                             PID    Runtime      # DAGs    # Errors  Last Runtime    Last Run
------------------------------------  -----  ---------  --------  ----------  --------------  -------------------
/opt/airflow/dags/nyc_taxi_ingest.py                           1           0  1.40s           2026-08-15T21:10:50
================================================================================
[2026-08-15T21:11:39.031+0000] {manager.py:737} INFO - Searching for files in /opt/airflow/dags
[2026-08-15T21:11:39.114+0000] {manager.py:740} INFO - There are 1 files in /opt/airflow/dags
[2026-08-15T21:11:46.250+0000] {manager.py:878} INFO - 
================================================================================
DAG File Processing Stats

File Path                             PID    Runtime      # DAGs    # Errors  Last Runtime    Last Run
------------------------------------  -----  ---------  --------  ----------  --------------  -------------------
/opt/airflow/dags/nyc_taxi_ingest.py                           1           0  1.60s           2026-08-15T21:11:21
================================================================================
[2026-08-15T21:12:16.385+0000] {manager.py:878} INFO - 
================================================================================
DAG File Processing Stats

File Path                               PID  Runtime      # DAGs    # Errors  Last Runtime    Last Run
------------------------------------  -----  ---------  --------  ----------  --------------  -------------------
/opt/airflow/dags/nyc_taxi_ingest.py    113  3.09s             1           0  1.76s           2026-08-15T21:11:54
================================================================================
[2026-08-15T21:12:46.496+0000] {manager.py:878} INFO - 
================================================================================
DAG File Processing Stats

File Path                             PID    Runtime      # DAGs    # Errors  Last Runtime    Last Run
------------------------------------  -----  ---------  --------  ----------  --------------  -------------------
/opt/airflow/dags/nyc_taxi_ingest.py                           1           0  2.64s           2026-08-15T21:12:37
================================================================================
[2026-08-15T21:13:17.198+0000] {manager.py:878} INFO - 
================================================================================
DAG File Processing Stats

File Path                               PID  Runtime      # DAGs    # Errors  Last Runtime    Last Run
------------------------------------  -----  ---------  --------  ----------  --------------  -------------------
/opt/airflow/dags/nyc_taxi_ingest.py    125  1.05s             0           1  0.19s           2026-08-15T21:13:11
================================================================================
[2026-08-15T21:13:47.464+0000] {manager.py:878} INFO - 
================================================================================
DAG File Processing Stats

File Path                             PID    Runtime      # DAGs    # Errors  Last Runtime    Last Run
------------------------------------  -----  ---------  --------  ----------  --------------  -------------------
/opt/airflow/dags/nyc_taxi_ingest.py                           1           0  1.46s           2026-08-15T21:13:47
================================================================================
[2026-08-15T21:14:17.841+0000] {manager.py:878} INFO - 
================================================================================
DAG File Processing Stats

File Path                               PID  Runtime      # DAGs    # Errors  Last Runtime    Last Run
------------------------------------  -----  ---------  --------  ----------  --------------  -------------------
/opt/airflow/dags/nyc_taxi_ingest.py    130  0.01s             1           0  1.46s           2026-08-15T21:13:47
================================================================================
[2026-08-15T21:14:48.231+0000] {manager.py:878} INFO - 
================================================================================
DAG File Processing Stats

File Path                             PID    Runtime      # DAGs    # Errors  Last Runtime    Last Run
------------------------------------  -----  ---------  --------  ----------  --------------  -------------------
/opt/airflow/dags/nyc_taxi_ingest.py                           1           0  1.17s           2026-08-15T21:14:18
================================================================================
[2026-08-15T21:15:18.605+0000] {manager.py:878} INFO - 
================================================================================
DAG File Processing Stats

File Path                             PID    Runtime      # DAGs    # Errors  Last Runtime    Last Run
------------------------------------  -----  ---------  --------  ----------  --------------  -------------------
/opt/airflow/dags/nyc_taxi_ingest.py                           1           0  1.38s           2026-08-15T21:14:50
================================================================================
[2026-08-15T21:15:49.174+0000] {manager.py:878} INFO - 
================================================================================
DAG File Processing Stats

File Path                             PID    Runtime      # DAGs    # Errors  Last Runtime    Last Run
------------------------------------  -----  ---------  --------  ----------  --------------  -------------------
/opt/airflow/dags/nyc_taxi_ingest.py                           1           0  9.23s           2026-08-15T21:15:30
================================================================================
[2026-08-15T21:16:19.554+0000] {manager.py:878} INFO - 
================================================================================
DAG File Processing Stats

File Path                             PID    Runtime      # DAGs    # Errors  Last Runtime    Last Run
------------------------------------  -----  ---------  --------  ----------  --------------  -------------------
/opt/airflow/dags/nyc_taxi_ingest.py                           1           0  10.21s          2026-08-15T21:16:10
================================================================================
[2026-08-15T21:16:39.591+0000] {manager.py:737} INFO - Searching for files in /opt/airflow/dags
[2026-08-15T21:16:39.984+0000] {manager.py:740} INFO - There are 1 files in /opt/airflow/dags
[2026-08-15T21:16:50.447+0000] {manager.py:878} INFO - 
================================================================================
DAG File Processing Stats

File Path                             PID    Runtime      # DAGs    # Errors  Last Runtime    Last Run
------------------------------------  -----  ---------  --------  ----------  --------------  -------------------
/opt/airflow/dags/nyc_taxi_ingest.py                           1           0  4.13s           2026-08-15T21:16:45
================================================================================
[2026-08-15T21:17:20.802+0000] {manager.py:878} INFO - 
================================================================================
DAG File Processing Stats

File Path                             PID    Runtime      # DAGs    # Errors  Last Runtime    Last Run
------------------------------------  -----  ---------  --------  ----------  --------------  -------------------
/opt/airflow/dags/nyc_taxi_ingest.py                           1           0  4.33s           2026-08-15T21:17:19
================================================================================
[2026-08-15T21:17:51.923+0000] {manager.py:878} INFO - 
================================================================================
DAG File Processing Stats

File Path                               PID  Runtime      # DAGs    # Errors  Last Runtime    Last Run
------------------------------------  -----  ---------  --------  ----------  --------------  -------------------
/opt/airflow/dags/nyc_taxi_ingest.py    142  1.07s             1           0  4.33s           2026-08-15T21:17:19
================================================================================
[2026-08-15T21:18:22.167+0000] {manager.py:878} INFO - 
================================================================================
DAG File Processing Stats

File Path                             PID    Runtime      # DAGs    # Errors  Last Runtime    Last Run
------------------------------------  -----  ---------  --------  ----------  --------------  -------------------
/opt/airflow/dags/nyc_taxi_ingest.py                           1           0  7.51s           2026-08-15T21:17:58
================================================================================
[2026-08-15T21:18:52.507+0000] {manager.py:878} INFO - 
================================================================================
DAG File Processing Stats

File Path                             PID    Runtime      # DAGs    # Errors  Last Runtime    Last Run
------------------------------------  -----  ---------  --------  ----------  --------------  -------------------
/opt/airflow/dags/nyc_taxi_ingest.py                           1           0  1.99s           2026-08-15T21:18:31
================================================================================
[2026-08-15T21:19:22.923+0000] {manager.py:878} INFO - 
================================================================================
DAG File Processing Stats

File Path                             PID    Runtime      # DAGs    # Errors  Last Runtime    Last Run
------------------------------------  -----  ---------  --------  ----------  --------------  -------------------
/opt/airflow/dags/nyc_taxi_ingest.py                           1           0  1.16s           2026-08-15T21:19:02
================================================================================
[2026-08-15T21:19:53.146+0000] {manager.py:878} INFO - 
================================================================================
DAG File Processing Stats

File Path                             PID    Runtime      # DAGs    # Errors  Last Runtime    Last Run
------------------------------------  -----  ---------  --------  ----------  --------------  -------------------
/opt/airflow/dags/nyc_taxi_ingest.py                           1           0  0.93s           2026-08-15T21:19:33
================================================================================
[2026-08-15T21:20:23.506+0000] {manager.py:878} INFO - 
================================================================================
DAG File Processing Stats

File Path                             PID    Runtime      # DAGs    # Errors  Last Runtime    Last Run
------------------------------------  -----  ---------  --------  ----------  --------------  -------------------
/opt/airflow/dags/nyc_taxi_ingest.py                           1           0  1.42s           2026-08-15T21:20:05
================================================================================
[2026-08-15T21:20:53.793+0000] {manager.py:878} INFO - 
================================================================================
DAG File Processing Stats

File Path                             PID    Runtime      # DAGs    # Errors  Last Runtime    Last Run
------------------------------------  -----  ---------  --------  ----------  --------------  -------------------
/opt/airflow/dags/nyc_taxi_ingest.py                           1           0  0.81s           2026-08-15T21:20:36
================================================================================
[2026-08-15T21:24:18.301+0000] {manager.py:737} INFO - Searching for files in /opt/airflow/dags
[2026-08-15T21:24:18.850+0000] {manager.py:740} INFO - There are 1 files in /opt/airflow/dags
[2026-08-15T21:31:03.795+0000] {manager.py:737} INFO - Searching for files in /opt/airflow/dags
[2026-08-15T21:31:06.396+0000] {manager.py:740} INFO - There are 1 files in /opt/airflow/dags
[2026-08-15T21:31:18.977+0000] {manager.py:878} INFO - 
================================================================================
DAG File Processing Stats

File Path                             PID    Runtime      # DAGs    # Errors  Last Runtime    Last Run
------------------------------------  -----  ---------  --------  ----------  --------------  -------------------
/opt/airflow/dags/nyc_taxi_ingest.py                           1           0  5.30s           2026-08-15T21:31:09
================================================================================
[2026-08-15T21:31:49.362+0000] {manager.py:878} INFO - 
================================================================================
DAG File Processing Stats

File Path                             PID    Runtime      # DAGs    # Errors  Last Runtime    Last Run
------------------------------------  -----  ---------  --------  ----------  --------------  -------------------
/opt/airflow/dags/nyc_taxi_ingest.py                           1           0  1.03s           2026-08-15T21:31:40
================================================================================
[2026-08-15T21:32:19.719+0000] {manager.py:878} INFO - 
================================================================================
DAG File Processing Stats

File Path                             PID    Runtime      # DAGs    # Errors  Last Runtime    Last Run
------------------------------------  -----  ---------  --------  ----------  --------------  -------------------
/opt/airflow/dags/nyc_taxi_ingest.py                           1           0  1.36s           2026-08-15T21:32:11
================================================================================
[2026-08-15T21:32:50.014+0000] {manager.py:878} INFO - 
================================================================================
DAG File Processing Stats

File Path                             PID    Runtime      # DAGs    # Errors  Last Runtime    Last Run
------------------------------------  -----  ---------  --------  ----------  --------------  -------------------
/opt/airflow/dags/nyc_taxi_ingest.py                           1           0  0.75s           2026-08-15T21:32:43
================================================================================
[2026-08-15T21:33:20.348+0000] {manager.py:878} INFO - 
================================================================================
DAG File Processing Stats

File Path                             PID    Runtime      # DAGs    # Errors  Last Runtime    Last Run
------------------------------------  -----  ---------  --------  ----------  --------------  -------------------
/opt/airflow/dags/nyc_taxi_ingest.py                           1           0  0.67s           2026-08-15T21:33:13
================================================================================
[2026-08-15T21:33:50.590+0000] {manager.py:878} INFO - 
================================================================================
DAG File Processing Stats

File Path                             PID    Runtime      # DAGs    # Errors  Last Runtime    Last Run
------------------------------------  -----  ---------  --------  ----------  --------------  -------------------
/opt/airflow/dags/nyc_taxi_ingest.py                           1           0  0.72s           2026-08-15T21:33:44
================================================================================
[2026-08-15T21:34:20.958+0000] {manager.py:878} INFO - 
================================================================================
DAG File Processing Stats

File Path                             PID    Runtime      # DAGs    # Errors  Last Runtime    Last Run
------------------------------------  -----  ---------  --------  ----------  --------------  -------------------
/opt/airflow/dags/nyc_taxi_ingest.py                           1           0  1.00s           2026-08-15T21:34:16
================================================================================
[2026-08-15T21:34:51.211+0000] {manager.py:878} INFO - 
================================================================================
DAG File Processing Stats

File Path                             PID    Runtime      # DAGs    # Errors  Last Runtime    Last Run
------------------------------------  -----  ---------  --------  ----------  --------------  -------------------
/opt/airflow/dags/nyc_taxi_ingest.py                           1           0  0.74s           2026-08-15T21:34:47
================================================================================
[2026-08-15T21:35:21.248+0000] {manager.py:878} INFO - 
================================================================================
DAG File Processing Stats

File Path                             PID    Runtime      # DAGs    # Errors  Last Runtime    Last Run
------------------------------------  -----  ---------  --------  ----------  --------------  -------------------
/opt/airflow/dags/nyc_taxi_ingest.py                           1           0  0.76s           2026-08-15T21:35:18
================================================================================
[2026-08-15T21:35:51.732+0000] {manager.py:878} INFO - 
================================================================================
DAG File Processing Stats

File Path                             PID    Runtime      # DAGs    # Errors  Last Runtime    Last Run
------------------------------------  -----  ---------  --------  ----------  --------------  -------------------
/opt/airflow/dags/nyc_taxi_ingest.py                           1           0  0.64s           2026-08-15T21:35:49
================================================================================
[2026-08-15T21:36:03.843+0000] {manager.py:737} INFO - Searching for files in /opt/airflow/dags
[2026-08-15T21:36:03.884+0000] {manager.py:740} INFO - There are 1 files in /opt/airflow/dags
[2026-08-15T21:36:21.758+0000] {manager.py:878} INFO - 
================================================================================
DAG File Processing Stats

File Path                             PID    Runtime      # DAGs    # Errors  Last Runtime    Last Run
------------------------------------  -----  ---------  --------  ----------  --------------  -------------------
/opt/airflow/dags/nyc_taxi_ingest.py                           1           0  1.29s           2026-08-15T21:36:20
================================================================================
[2026-08-15T21:36:51.880+0000] {manager.py:878} INFO - 
================================================================================
DAG File Processing Stats

File Path                             PID    Runtime      # DAGs    # Errors  Last Runtime    Last Run
------------------------------------  -----  ---------  --------  ----------  --------------  -------------------
/opt/airflow/dags/nyc_taxi_ingest.py                           1           0  0.87s           2026-08-15T21:36:51
================================================================================
[2026-08-15T21:37:22.229+0000] {manager.py:878} INFO - 
================================================================================
DAG File Processing Stats

File Path                               PID  Runtime      # DAGs    # Errors  Last Runtime    Last Run
------------------------------------  -----  ---------  --------  ----------  --------------  -------------------
/opt/airflow/dags/nyc_taxi_ingest.py    180  0.01s             1           0  0.87s           2026-08-15T21:36:51
================================================================================
[2026-08-15T21:37:52.689+0000] {manager.py:878} INFO - 
================================================================================
DAG File Processing Stats

File Path                             PID    Runtime      # DAGs    # Errors  Last Runtime    Last Run
------------------------------------  -----  ---------  --------  ----------  --------------  -------------------
/opt/airflow/dags/nyc_taxi_ingest.py                           1           0  1.13s           2026-08-15T21:37:23
================================================================================
[2026-08-15T21:38:22.996+0000] {manager.py:878} INFO - 
================================================================================
DAG File Processing Stats

File Path                             PID    Runtime      # DAGs    # Errors  Last Runtime    Last Run
------------------------------------  -----  ---------  --------  ----------  --------------  -------------------
/opt/airflow/dags/nyc_taxi_ingest.py                           1           0  1.55s           2026-08-15T21:37:55
================================================================================
[2026-08-15T21:38:53.066+0000] {manager.py:878} INFO - 
================================================================================
DAG File Processing Stats

File Path                             PID    Runtime      # DAGs    # Errors  Last Runtime    Last Run
------------------------------------  -----  ---------  --------  ----------  --------------  -------------------
/opt/airflow/dags/nyc_taxi_ingest.py                           1           0  1.26s           2026-08-15T21:38:26
================================================================================
[2026-08-15T21:39:23.301+0000] {manager.py:878} INFO - 
================================================================================
DAG File Processing Stats

File Path                             PID    Runtime      # DAGs    # Errors  Last Runtime    Last Run
------------------------------------  -----  ---------  --------  ----------  --------------  -------------------
/opt/airflow/dags/nyc_taxi_ingest.py                           1           0  0.90s           2026-08-15T21:38:57
================================================================================
[2026-08-15T21:39:53.394+0000] {manager.py:878} INFO - 
================================================================================
DAG File Processing Stats

File Path                             PID    Runtime      # DAGs    # Errors  Last Runtime    Last Run
------------------------------------  -----  ---------  --------  ----------  --------------  -------------------
/opt/airflow/dags/nyc_taxi_ingest.py                           1           0  1.00s           2026-08-15T21:39:29
================================================================================
[2026-08-15T21:40:23.957+0000] {manager.py:878} INFO - 
================================================================================
DAG File Processing Stats

File Path                             PID    Runtime      # DAGs    # Errors  Last Runtime    Last Run
------------------------------------  -----  ---------  --------  ----------  --------------  -------------------
/opt/airflow/dags/nyc_taxi_ingest.py                           1           0  1.50s           2026-08-15T21:40:00
================================================================================
[2026-08-15T21:40:54.583+0000] {manager.py:878} INFO - 
================================================================================
DAG File Processing Stats

File Path                             PID    Runtime      # DAGs    # Errors  Last Runtime    Last Run
------------------------------------  -----  ---------  --------  ----------  --------------  -------------------
/opt/airflow/dags/nyc_taxi_ingest.py                           1           0  1.42s           2026-08-15T21:40:32
================================================================================
[2026-08-15T21:41:03.858+0000] {manager.py:737} INFO - Searching for files in /opt/airflow/dags
[2026-08-15T21:41:03.926+0000] {manager.py:740} INFO - There are 1 files in /opt/airflow/dags
[2026-08-15T21:41:24.804+0000] {manager.py:878} INFO - 
================================================================================
DAG File Processing Stats

File Path                             PID    Runtime      # DAGs    # Errors  Last Runtime    Last Run
------------------------------------  -----  ---------  --------  ----------  --------------  -------------------
/opt/airflow/dags/nyc_taxi_ingest.py                           1           0  0.90s           2026-08-15T21:41:03
================================================================================
[2026-08-15T21:41:55.575+0000] {manager.py:878} INFO - 
================================================================================
DAG File Processing Stats

File Path                             PID    Runtime      # DAGs    # Errors  Last Runtime    Last Run
------------------------------------  -----  ---------  --------  ----------  --------------  -------------------
/opt/airflow/dags/nyc_taxi_ingest.py                           1           0  2.42s           2026-08-15T21:41:36
================================================================================
[2026-08-15T21:42:26.028+0000] {manager.py:878} INFO - 
================================================================================
DAG File Processing Stats

File Path                             PID    Runtime      # DAGs    # Errors  Last Runtime    Last Run
------------------------------------  -----  ---------  --------  ----------  --------------  -------------------
/opt/airflow/dags/nyc_taxi_ingest.py                           1           0  1.19s           2026-08-15T21:42:07
================================================================================
[2026-08-15T21:42:56.450+0000] {manager.py:878} INFO - 
================================================================================
DAG File Processing Stats

File Path                             PID    Runtime      # DAGs    # Errors  Last Runtime    Last Run
------------------------------------  -----  ---------  --------  ----------  --------------  -------------------
/opt/airflow/dags/nyc_taxi_ingest.py                           1           0  1.20s           2026-08-15T21:42:39
================================================================================
[2026-08-15T21:43:26.808+0000] {manager.py:878} INFO - 
================================================================================
DAG File Processing Stats

File Path                             PID    Runtime      # DAGs    # Errors  Last Runtime    Last Run
------------------------------------  -----  ---------  --------  ----------  --------------  -------------------
/opt/airflow/dags/nyc_taxi_ingest.py                           1           0  1.38s           2026-08-15T21:43:10
================================================================================
[2026-08-15T21:43:57.091+0000] {manager.py:878} INFO - 
================================================================================
DAG File Processing Stats

File Path                             PID    Runtime      # DAGs    # Errors  Last Runtime    Last Run
------------------------------------  -----  ---------  --------  ----------  --------------  -------------------
/opt/airflow/dags/nyc_taxi_ingest.py                           1           0  0.72s           2026-08-15T21:43:41
================================================================================
[2026-08-15T21:44:27.217+0000] {manager.py:878} INFO - 
================================================================================
DAG File Processing Stats

File Path                             PID    Runtime      # DAGs    # Errors  Last Runtime    Last Run
------------------------------------  -----  ---------  --------  ----------  --------------  -------------------
/opt/airflow/dags/nyc_taxi_ingest.py                           1           0  0.67s           2026-08-15T21:44:13
================================================================================
[2026-08-15T21:44:57.363+0000] {manager.py:878} INFO - 
================================================================================
DAG File Processing Stats

File Path                             PID    Runtime      # DAGs    # Errors  Last Runtime    Last Run
------------------------------------  -----  ---------  --------  ----------  --------------  -------------------
/opt/airflow/dags/nyc_taxi_ingest.py                           1           0  0.83s           2026-08-15T21:44:44
================================================================================
[2026-08-15T21:45:27.521+0000] {manager.py:878} INFO - 
================================================================================
DAG File Processing Stats

File Path                             PID    Runtime      # DAGs    # Errors  Last Runtime    Last Run
------------------------------------  -----  ---------  --------  ----------  --------------  -------------------
/opt/airflow/dags/nyc_taxi_ingest.py                           1           0  0.85s           2026-08-15T21:45:15
================================================================================
[2026-08-15T21:45:57.852+0000] {manager.py:878} INFO - 
================================================================================
DAG File Processing Stats

File Path                             PID    Runtime      # DAGs    # Errors  Last Runtime    Last Run
------------------------------------  -----  ---------  --------  ----------  --------------  -------------------
/opt/airflow/dags/nyc_taxi_ingest.py                           1           0  1.29s           2026-08-15T21:45:47
================================================================================
[2026-08-15T21:46:03.914+0000] {manager.py:737} INFO - Searching for files in /opt/airflow/dags
[2026-08-15T21:46:03.983+0000] {manager.py:740} INFO - There are 1 files in /opt/airflow/dags
[2026-08-15T21:46:28.406+0000] {manager.py:878} INFO - 
================================================================================
DAG File Processing Stats

File Path                             PID    Runtime      # DAGs    # Errors  Last Runtime    Last Run
------------------------------------  -----  ---------  --------  ----------  --------------  -------------------
/opt/airflow/dags/nyc_taxi_ingest.py                           1           0  1.50s           2026-08-15T21:46:18
================================================================================
[2026-08-15T21:46:58.691+0000] {manager.py:878} INFO - 
================================================================================
DAG File Processing Stats

File Path                             PID    Runtime      # DAGs    # Errors  Last Runtime    Last Run
------------------------------------  -----  ---------  --------  ----------  --------------  -------------------
/opt/airflow/dags/nyc_taxi_ingest.py                           1           0  0.88s           2026-08-15T21:46:49
================================================================================
[2026-08-15T21:47:28.921+0000] {manager.py:878} INFO - 
================================================================================
DAG File Processing Stats

File Path                             PID    Runtime      # DAGs    # Errors  Last Runtime    Last Run
------------------------------------  -----  ---------  --------  ----------  --------------  -------------------
/opt/airflow/dags/nyc_taxi_ingest.py                           1           0  0.89s           2026-08-15T21:47:20
================================================================================
[2026-08-15T21:47:59.083+0000] {manager.py:878} INFO - 
================================================================================
DAG File Processing Stats

File Path                             PID    Runtime      # DAGs    # Errors  Last Runtime    Last Run
------------------------------------  -----  ---------  --------  ----------  --------------  -------------------
/opt/airflow/dags/nyc_taxi_ingest.py                           1           0  0.87s           2026-08-15T21:47:52
================================================================================
[2026-08-15T21:48:29.172+0000] {manager.py:878} INFO - 
================================================================================
DAG File Processing Stats

File Path                             PID    Runtime      # DAGs    # Errors  Last Runtime    Last Run
------------------------------------  -----  ---------  --------  ----------  --------------  -------------------
/opt/airflow/dags/nyc_taxi_ingest.py                           1           0  0.76s           2026-08-15T21:48:23
================================================================================
[2026-08-15T21:48:59.296+0000] {manager.py:878} INFO - 
================================================================================
DAG File Processing Stats

File Path                             PID    Runtime      # DAGs    # Errors  Last Runtime    Last Run
------------------------------------  -----  ---------  --------  ----------  --------------  -------------------
/opt/airflow/dags/nyc_taxi_ingest.py                           1           0  0.83s           2026-08-15T21:48:54
================================================================================
[2026-08-15T21:49:29.788+0000] {manager.py:878} INFO - 
================================================================================
DAG File Processing Stats

File Path                             PID    Runtime      # DAGs    # Errors  Last Runtime    Last Run
------------------------------------  -----  ---------  --------  ----------  --------------  -------------------
/opt/airflow/dags/nyc_taxi_ingest.py                           1           0  1.39s           2026-08-15T21:49:26
================================================================================
[2026-08-15T21:50:00.059+0000] {manager.py:878} INFO - 
================================================================================
DAG File Processing Stats

File Path                             PID    Runtime      # DAGs    # Errors  Last Runtime    Last Run
------------------------------------  -----  ---------  --------  ----------  --------------  -------------------
/opt/airflow/dags/nyc_taxi_ingest.py                           1           0  0.83s           2026-08-15T21:49:57
================================================================================
[2026-08-15T21:50:30.365+0000] {manager.py:878} INFO - 
================================================================================
DAG File Processing Stats

File Path                             PID    Runtime      # DAGs    # Errors  Last Runtime    Last Run
------------------------------------  -----  ---------  --------  ----------  --------------  -------------------
/opt/airflow/dags/nyc_taxi_ingest.py                           1           0  1.04s           2026-08-15T21:50:28
================================================================================
[2026-08-15T21:51:00.403+0000] {manager.py:878} INFO - 
================================================================================
DAG File Processing Stats

File Path                             PID    Runtime      # DAGs    # Errors  Last Runtime    Last Run
------------------------------------  -----  ---------  --------  ----------  --------------  -------------------
/opt/airflow/dags/nyc_taxi_ingest.py                           1           0  0.68s           2026-08-15T21:50:59
================================================================================
[2026-08-15T21:51:04.439+0000] {manager.py:737} INFO - Searching for files in /opt/airflow/dags
[2026-08-15T21:51:04.491+0000] {manager.py:740} INFO - There are 1 files in /opt/airflow/dags
[2026-08-15T21:51:30.775+0000] {manager.py:878} INFO - 
================================================================================
DAG File Processing Stats

File Path                               PID  Runtime      # DAGs    # Errors  Last Runtime    Last Run
------------------------------------  -----  ---------  --------  ----------  --------------  -------------------
/opt/airflow/dags/nyc_taxi_ingest.py    234  1.01s             1           0  0.68s           2026-08-15T21:50:59
================================================================================
[2026-08-15T21:52:01.080+0000] {manager.py:878} INFO - 
================================================================================
DAG File Processing Stats

File Path                               PID  Runtime      # DAGs    # Errors  Last Runtime    Last Run
------------------------------------  -----  ---------  --------  ----------  --------------  -------------------
/opt/airflow/dags/nyc_taxi_ingest.py    236  0.00s             1           0  1.12s           2026-08-15T21:51:30
================================================================================
[2026-08-15T21:52:31.433+0000] {manager.py:878} INFO - 
================================================================================
DAG File Processing Stats

File Path                             PID    Runtime      # DAGs    # Errors  Last Runtime    Last Run
------------------------------------  -----  ---------  --------  ----------  --------------  -------------------
/opt/airflow/dags/nyc_taxi_ingest.py                           1           0  1.22s           2026-08-15T21:52:02
================================================================================
[2026-08-15T21:53:01.749+0000] {manager.py:878} INFO - 
================================================================================
DAG File Processing Stats

File Path                             PID    Runtime      # DAGs    # Errors  Last Runtime    Last Run
------------------------------------  -----  ---------  --------  ----------  --------------  -------------------
/opt/airflow/dags/nyc_taxi_ingest.py                           1           0  1.10s           2026-08-15T21:52:33
================================================================================
[2026-08-15T21:53:32.050+0000] {manager.py:878} INFO - 
================================================================================
DAG File Processing Stats

File Path                             PID    Runtime      # DAGs    # Errors  Last Runtime    Last Run
------------------------------------  -----  ---------  --------  ----------  --------------  -------------------
/opt/airflow/dags/nyc_taxi_ingest.py                           1           0  0.69s           2026-08-15T21:53:04
================================================================================
[2026-08-15T21:54:02.319+0000] {manager.py:878} INFO - 
================================================================================
DAG File Processing Stats

File Path                             PID    Runtime      # DAGs    # Errors  Last Runtime    Last Run
------------------------------------  -----  ---------  --------  ----------  --------------  -------------------
/opt/airflow/dags/nyc_taxi_ingest.py                           1           0  0.68s           2026-08-15T21:53:35
================================================================================
[2026-08-15T21:54:32.335+0000] {manager.py:878} INFO - 
================================================================================
DAG File Processing Stats

File Path                             PID    Runtime      # DAGs    # Errors  Last Runtime    Last Run
------------------------------------  -----  ---------  --------  ----------  --------------  -------------------
/opt/airflow/dags/nyc_taxi_ingest.py                           1           0  0.66s           2026-08-15T21:54:06
================================================================================
[2026-08-15T21:55:02.681+0000] {manager.py:878} INFO - 
================================================================================
DAG File Processing Stats

File Path                             PID    Runtime      # DAGs    # Errors  Last Runtime    Last Run
------------------------------------  -----  ---------  --------  ----------  --------------  -------------------
/opt/airflow/dags/nyc_taxi_ingest.py                           1           0  1.42s           2026-08-15T21:54:38
================================================================================
[2026-08-15T21:55:33.105+0000] {manager.py:878} INFO - 
================================================================================
DAG File Processing Stats

File Path                             PID    Runtime      # DAGs    # Errors  Last Runtime    Last Run
------------------------------------  -----  ---------  --------  ----------  --------------  -------------------
/opt/airflow/dags/nyc_taxi_ingest.py                           1           0  1.51s           2026-08-15T21:55:10
================================================================================
[2026-08-15T21:56:03.385+0000] {manager.py:878} INFO - 
================================================================================
DAG File Processing Stats

File Path                             PID    Runtime      # DAGs    # Errors  Last Runtime    Last Run
------------------------------------  -----  ---------  --------  ----------  --------------  -------------------
/opt/airflow/dags/nyc_taxi_ingest.py                           1           0  0.72s           2026-08-15T21:55:41
================================================================================
[2026-08-15T21:56:04.501+0000] {manager.py:737} INFO - Searching for files in /opt/airflow/dags
[2026-08-15T21:56:04.581+0000] {manager.py:740} INFO - There are 1 files in /opt/airflow/dags
[2026-08-15T21:56:33.463+0000] {manager.py:878} INFO - 
================================================================================
DAG File Processing Stats

File Path                             PID    Runtime      # DAGs    # Errors  Last Runtime    Last Run
------------------------------------  -----  ---------  --------  ----------  --------------  -------------------
/opt/airflow/dags/nyc_taxi_ingest.py                           1           0  0.78s           2026-08-15T21:56:12
================================================================================
[2026-08-15T21:57:03.644+0000] {manager.py:878} INFO - 
================================================================================
DAG File Processing Stats

File Path                             PID    Runtime      # DAGs    # Errors  Last Runtime    Last Run
------------------------------------  -----  ---------  --------  ----------  --------------  -------------------
/opt/airflow/dags/nyc_taxi_ingest.py                           1           0  0.88s           2026-08-15T21:56:43
================================================================================
[2026-08-15T21:57:33.957+0000] {manager.py:878} INFO - 
================================================================================
DAG File Processing Stats

File Path                             PID    Runtime      # DAGs    # Errors  Last Runtime    Last Run
------------------------------------  -----  ---------  --------  ----------  --------------  -------------------
/opt/airflow/dags/nyc_taxi_ingest.py                           1           0  1.15s           2026-08-15T21:57:14
================================================================================
[2026-08-15T21:58:03.998+0000] {manager.py:878} INFO - 
================================================================================
DAG File Processing Stats

File Path                             PID    Runtime      # DAGs    # Errors  Last Runtime    Last Run
------------------------------------  -----  ---------  --------  ----------  --------------  -------------------
/opt/airflow/dags/nyc_taxi_ingest.py                           1           0  0.74s           2026-08-15T21:57:45
================================================================================
[2026-08-15T21:58:34.154+0000] {manager.py:878} INFO - 
================================================================================
DAG File Processing Stats

File Path                             PID    Runtime      # DAGs    # Errors  Last Runtime    Last Run
------------------------------------  -----  ---------  --------  ----------  --------------  -------------------
/opt/airflow/dags/nyc_taxi_ingest.py                           1           0  0.80s           2026-08-15T21:58:16
================================================================================
[2026-08-15T21:59:04.660+0000] {manager.py:878} INFO - 
================================================================================
DAG File Processing Stats

File Path                             PID    Runtime      # DAGs    # Errors  Last Runtime    Last Run
------------------------------------  -----  ---------  --------  ----------  --------------  -------------------
/opt/airflow/dags/nyc_taxi_ingest.py                           1           0  1.21s           2026-08-15T21:58:48
================================================================================
[2026-08-15T21:59:34.763+0000] {manager.py:878} INFO - 
================================================================================
DAG File Processing Stats

File Path                             PID    Runtime      # DAGs    # Errors  Last Runtime    Last Run
------------------------------------  -----  ---------  --------  ----------  --------------  -------------------
/opt/airflow/dags/nyc_taxi_ingest.py                           1           0  0.78s           2026-08-15T21:59:19
================================================================================
[2026-08-15T22:00:04.952+0000] {manager.py:878} INFO - 
================================================================================
DAG File Processing Stats

File Path                             PID    Runtime      # DAGs    # Errors  Last Runtime    Last Run
------------------------------------  -----  ---------  --------  ----------  --------------  -------------------
/opt/airflow/dags/nyc_taxi_ingest.py                           1           0  0.87s           2026-08-15T21:59:50
================================================================================
[2026-08-15T22:00:35.132+0000] {manager.py:878} INFO - 
================================================================================
DAG File Processing Stats

File Path                             PID    Runtime      # DAGs    # Errors  Last Runtime    Last Run
------------------------------------  -----  ---------  --------  ----------  --------------  -------------------
/opt/airflow/dags/nyc_taxi_ingest.py                           1           0  0.86s           2026-08-15T22:00:22
================================================================================
[2026-08-15T22:01:04.909+0000] {manager.py:737} INFO - Searching for files in /opt/airflow/dags
[2026-08-15T22:01:04.983+0000] {manager.py:740} INFO - There are 1 files in /opt/airflow/dags
[2026-08-15T22:01:05.303+0000] {manager.py:878} INFO - 
================================================================================
DAG File Processing Stats

File Path                             PID    Runtime      # DAGs    # Errors  Last Runtime    Last Run
------------------------------------  -----  ---------  --------  ----------  --------------  -------------------
/opt/airflow/dags/nyc_taxi_ingest.py                           1           0  0.86s           2026-08-15T22:00:53
================================================================================
[2026-08-15T22:01:35.586+0000] {manager.py:878} INFO - 
================================================================================
DAG File Processing Stats

File Path                             PID    Runtime      # DAGs    # Errors  Last Runtime    Last Run
------------------------------------  -----  ---------  --------  ----------  --------------  -------------------
/opt/airflow/dags/nyc_taxi_ingest.py                           1           0  1.39s           2026-08-15T22:01:24
================================================================================
[2026-08-15T22:02:05.742+0000] {manager.py:878} INFO - 
================================================================================
DAG File Processing Stats

File Path                             PID    Runtime      # DAGs    # Errors  Last Runtime    Last Run
------------------------------------  -----  ---------  --------  ----------  --------------  -------------------
/opt/airflow/dags/nyc_taxi_ingest.py                           1           0  0.89s           2026-08-15T22:01:55
================================================================================
[2026-08-15T22:02:36.215+0000] {manager.py:878} INFO - 
================================================================================
DAG File Processing Stats

File Path                             PID    Runtime      # DAGs    # Errors  Last Runtime    Last Run
------------------------------------  -----  ---------  --------  ----------  --------------  -------------------
/opt/airflow/dags/nyc_taxi_ingest.py                           1           0  1.46s           2026-08-15T22:02:27
================================================================================
[2026-08-15T22:03:06.433+0000] {manager.py:878} INFO - 
================================================================================
DAG File Processing Stats

File Path                             PID    Runtime      # DAGs    # Errors  Last Runtime    Last Run
------------------------------------  -----  ---------  --------  ----------  --------------  -------------------
/opt/airflow/dags/nyc_taxi_ingest.py                           1           0  0.88s           2026-08-15T22:02:58
================================================================================
[2026-08-15T22:03:36.601+0000] {manager.py:878} INFO - 
================================================================================
DAG File Processing Stats

File Path                             PID    Runtime      # DAGs    # Errors  Last Runtime    Last Run
------------------------------------  -----  ---------  --------  ----------  --------------  -------------------
/opt/airflow/dags/nyc_taxi_ingest.py                           1           0  0.90s           2026-08-15T22:03:29
================================================================================
[2026-08-15T22:04:07.283+0000] {manager.py:878} INFO - 
================================================================================
DAG File Processing Stats

File Path                             PID    Runtime      # DAGs    # Errors  Last Runtime    Last Run
------------------------------------  -----  ---------  --------  ----------  --------------  -------------------
/opt/airflow/dags/nyc_taxi_ingest.py                           1           0  1.45s           2026-08-15T22:04:01
================================================================================
[2026-08-15T22:04:37.614+0000] {manager.py:878} INFO - 
================================================================================
DAG File Processing Stats

File Path                             PID    Runtime      # DAGs    # Errors  Last Runtime    Last Run
------------------------------------  -----  ---------  --------  ----------  --------------  -------------------
/opt/airflow/dags/nyc_taxi_ingest.py                           1           0  0.70s           2026-08-15T22:04:32
================================================================================
[2026-08-15T22:05:07.868+0000] {manager.py:878} INFO - 
================================================================================
DAG File Processing Stats

File Path                             PID    Runtime      # DAGs    # Errors  Last Runtime    Last Run
------------------------------------  -----  ---------  --------  ----------  --------------  -------------------
/opt/airflow/dags/nyc_taxi_ingest.py                           1           0  0.70s           2026-08-15T22:05:03
================================================================================
[2026-08-15T22:05:38.145+0000] {manager.py:878} INFO - 
================================================================================
DAG File Processing Stats

File Path                             PID    Runtime      # DAGs    # Errors  Last Runtime    Last Run
------------------------------------  -----  ---------  --------  ----------  --------------  -------------------
/opt/airflow/dags/nyc_taxi_ingest.py                           1           0  0.66s           2026-08-15T22:05:34
================================================================================
[2026-08-15T22:06:05.120+0000] {manager.py:737} INFO - Searching for files in /opt/airflow/dags
[2026-08-15T22:06:05.152+0000] {manager.py:740} INFO - There are 1 files in /opt/airflow/dags
[2026-08-15T22:06:08.188+0000] {manager.py:878} INFO - 
================================================================================
DAG File Processing Stats

File Path                             PID    Runtime      # DAGs    # Errors  Last Runtime    Last Run
------------------------------------  -----  ---------  --------  ----------  --------------  -------------------
/opt/airflow/dags/nyc_taxi_ingest.py                           1           0  0.72s           2026-08-15T22:06:05
================================================================================
[2026-08-15T22:06:38.710+0000] {manager.py:878} INFO - 
================================================================================
DAG File Processing Stats

File Path                             PID    Runtime      # DAGs    # Errors  Last Runtime    Last Run
------------------------------------  -----  ---------  --------  ----------  --------------  -------------------
/opt/airflow/dags/nyc_taxi_ingest.py                           1           0  0.66s           2026-08-15T22:06:36
================================================================================
[2026-08-15T22:07:09.008+0000] {manager.py:878} INFO - 
================================================================================
DAG File Processing Stats

File Path                             PID    Runtime      # DAGs    # Errors  Last Runtime    Last Run
------------------------------------  -----  ---------  --------  ----------  --------------  -------------------
/opt/airflow/dags/nyc_taxi_ingest.py                           1           0  0.73s           2026-08-15T22:07:07
================================================================================
[2026-08-15T22:07:39.376+0000] {manager.py:878} INFO - 
================================================================================
DAG File Processing Stats

File Path                             PID    Runtime      # DAGs    # Errors  Last Runtime    Last Run
------------------------------------  -----  ---------  --------  ----------  --------------  -------------------
/opt/airflow/dags/nyc_taxi_ingest.py                           1           0  0.67s           2026-08-15T22:07:37
================================================================================
[2026-08-15T22:08:09.625+0000] {manager.py:878} INFO - 
================================================================================
DAG File Processing Stats

File Path                             PID    Runtime      # DAGs    # Errors  Last Runtime    Last Run
------------------------------------  -----  ---------  --------  ----------  --------------  -------------------
/opt/airflow/dags/nyc_taxi_ingest.py                           1           0  0.71s           2026-08-15T22:08:08
================================================================================
[2026-08-15T22:08:39.907+0000] {manager.py:878} INFO - 
================================================================================
DAG File Processing Stats

File Path                               PID  Runtime      # DAGs    # Errors  Last Runtime    Last Run
------------------------------------  -----  ---------  --------  ----------  --------------  -------------------
/opt/airflow/dags/nyc_taxi_ingest.py    300  0.71s             1           0  0.71s           2026-08-15T22:08:08
================================================================================
[2026-08-15T22:09:10.202+0000] {manager.py:878} INFO - 
================================================================================
DAG File Processing Stats

File Path                               PID  Runtime      # DAGs    # Errors  Last Runtime    Last Run
------------------------------------  -----  ---------  --------  ----------  --------------  -------------------
/opt/airflow/dags/nyc_taxi_ingest.py    302  0.01s             1           0  0.82s           2026-08-15T22:08:40
================================================================================
[2026-08-15T22:09:40.518+0000] {manager.py:878} INFO - 
================================================================================
DAG File Processing Stats

File Path                             PID    Runtime      # DAGs    # Errors  Last Runtime    Last Run
------------------------------------  -----  ---------  --------  ----------  --------------  -------------------
/opt/airflow/dags/nyc_taxi_ingest.py                           1           0  0.68s           2026-08-15T22:09:10
================================================================================
[2026-08-15T22:10:10.805+0000] {manager.py:878} INFO - 
================================================================================
DAG File Processing Stats

File Path                             PID    Runtime      # DAGs    # Errors  Last Runtime    Last Run
------------------------------------  -----  ---------  --------  ----------  --------------  -------------------
/opt/airflow/dags/nyc_taxi_ingest.py                           1           0  0.71s           2026-08-15T22:09:41
================================================================================
[2026-08-15T22:10:41.087+0000] {manager.py:878} INFO - 
================================================================================
DAG File Processing Stats

File Path                             PID    Runtime      # DAGs    # Errors  Last Runtime    Last Run
------------------------------------  -----  ---------  --------  ----------  --------------  -------------------
/opt/airflow/dags/nyc_taxi_ingest.py                           1           0  0.71s           2026-08-15T22:10:12
================================================================================
[2026-08-15T22:11:05.313+0000] {manager.py:737} INFO - Searching for files in /opt/airflow/dags
[2026-08-15T22:11:05.370+0000] {manager.py:740} INFO - There are 1 files in /opt/airflow/dags
[2026-08-15T22:11:11.434+0000] {manager.py:878} INFO - 
================================================================================
DAG File Processing Stats

File Path                             PID    Runtime      # DAGs    # Errors  Last Runtime    Last Run
------------------------------------  -----  ---------  --------  ----------  --------------  -------------------
/opt/airflow/dags/nyc_taxi_ingest.py                           1           0  0.67s           2026-08-15T22:10:43
================================================================================
[2026-08-15T22:11:41.715+0000] {manager.py:878} INFO - 
================================================================================
DAG File Processing Stats

File Path                             PID    Runtime      # DAGs    # Errors  Last Runtime    Last Run
------------------------------------  -----  ---------  --------  ----------  --------------  -------------------
/opt/airflow/dags/nyc_taxi_ingest.py                           1           0  0.69s           2026-08-15T22:11:14
================================================================================
[2026-08-15T22:12:11.977+0000] {manager.py:878} INFO - 
================================================================================
DAG File Processing Stats

File Path                             PID    Runtime      # DAGs    # Errors  Last Runtime    Last Run
------------------------------------  -----  ---------  --------  ----------  --------------  -------------------
/opt/airflow/dags/nyc_taxi_ingest.py                           1           0  0.70s           2026-08-15T22:11:45
================================================================================
[2026-08-15T22:12:42.002+0000] {manager.py:878} INFO - 
================================================================================
DAG File Processing Stats

File Path                             PID    Runtime      # DAGs    # Errors  Last Runtime    Last Run
------------------------------------  -----  ---------  --------  ----------  --------------  -------------------
/opt/airflow/dags/nyc_taxi_ingest.py                           1           0  0.76s           2026-08-15T22:12:16
================================================================================
[2026-08-15T22:13:12.034+0000] {manager.py:878} INFO - 
================================================================================
DAG File Processing Stats

File Path                             PID    Runtime      # DAGs    # Errors  Last Runtime    Last Run
------------------------------------  -----  ---------  --------  ----------  --------------  -------------------
/opt/airflow/dags/nyc_taxi_ingest.py                           1           0  0.75s           2026-08-15T22:12:47
================================================================================
[2026-08-15T22:13:42.039+0000] {manager.py:878} INFO - 
================================================================================
DAG File Processing Stats

File Path                             PID    Runtime      # DAGs    # Errors  Last Runtime    Last Run
------------------------------------  -----  ---------  --------  ----------  --------------  -------------------
/opt/airflow/dags/nyc_taxi_ingest.py                           1           0  0.72s           2026-08-15T22:13:18
================================================================================
[2026-08-15T22:14:13.000+0000] {manager.py:878} INFO - 
================================================================================
DAG File Processing Stats

File Path                             PID    Runtime      # DAGs    # Errors  Last Runtime    Last Run
------------------------------------  -----  ---------  --------  ----------  --------------  -------------------
/opt/airflow/dags/nyc_taxi_ingest.py                           1           0  0.72s           2026-08-15T22:13:49
================================================================================
[2026-08-15T22:14:43.335+0000] {manager.py:878} INFO - 
================================================================================
DAG File Processing Stats

File Path                             PID    Runtime      # DAGs    # Errors  Last Runtime    Last Run
------------------------------------  -----  ---------  --------  ----------  --------------  -------------------
/opt/airflow/dags/nyc_taxi_ingest.py                           1           0  0.65s           2026-08-15T22:14:20
================================================================================
[2026-08-15T22:15:13.588+0000] {manager.py:878} INFO - 
================================================================================
DAG File Processing Stats

File Path                             PID    Runtime      # DAGs    # Errors  Last Runtime    Last Run
------------------------------------  -----  ---------  --------  ----------  --------------  -------------------
/opt/airflow/dags/nyc_taxi_ingest.py                           1           0  0.69s           2026-08-15T22:14:51
================================================================================
[2026-08-15T22:15:43.878+0000] {manager.py:878} INFO - 
================================================================================
DAG File Processing Stats

File Path                             PID    Runtime      # DAGs    # Errors  Last Runtime    Last Run
------------------------------------  -----  ---------  --------  ----------  --------------  -------------------
/opt/airflow/dags/nyc_taxi_ingest.py                           1           0  0.74s           2026-08-15T22:15:22
================================================================================
[2026-08-15T22:16:05.753+0000] {manager.py:737} INFO - Searching for files in /opt/airflow/dags
[2026-08-15T22:16:05.818+0000] {manager.py:740} INFO - There are 1 files in /opt/airflow/dags
[2026-08-15T22:16:13.907+0000] {manager.py:878} INFO - 
================================================================================
DAG File Processing Stats

File Path                             PID    Runtime      # DAGs    # Errors  Last Runtime    Last Run
------------------------------------  -----  ---------  --------  ----------  --------------  -------------------
/opt/airflow/dags/nyc_taxi_ingest.py                           1           0  0.66s           2026-08-15T22:15:53
================================================================================
[2026-08-15T22:16:44.430+0000] {manager.py:878} INFO - 
================================================================================
DAG File Processing Stats

File Path                             PID    Runtime      # DAGs    # Errors  Last Runtime    Last Run
------------------------------------  -----  ---------  --------  ----------  --------------  -------------------
/opt/airflow/dags/nyc_taxi_ingest.py                           1           0  0.63s           2026-08-15T22:16:24
================================================================================
[2026-08-15T22:17:14.705+0000] {manager.py:878} INFO - 
================================================================================
DAG File Processing Stats

File Path                             PID    Runtime      # DAGs    # Errors  Last Runtime    Last Run
------------------------------------  -----  ---------  --------  ----------  --------------  -------------------
/opt/airflow/dags/nyc_taxi_ingest.py                           1           0  0.69s           2026-08-15T22:16:55
================================================================================
[2026-08-15T22:17:45.016+0000] {manager.py:878} INFO - 
================================================================================
DAG File Processing Stats

File Path                             PID    Runtime      # DAGs    # Errors  Last Runtime    Last Run
------------------------------------  -----  ---------  --------  ----------  --------------  -------------------
/opt/airflow/dags/nyc_taxi_ingest.py                           1           0  0.67s           2026-08-15T22:17:26
================================================================================
[2026-08-15T22:18:15.265+0000] {manager.py:878} INFO - 
================================================================================
DAG File Processing Stats

File Path                             PID    Runtime      # DAGs    # Errors  Last Runtime    Last Run
------------------------------------  -----  ---------  --------  ----------  --------------  -------------------
/opt/airflow/dags/nyc_taxi_ingest.py                           1           0  0.66s           2026-08-15T22:17:57
================================================================================
[2026-08-15T22:18:45.516+0000] {manager.py:878} INFO - 
================================================================================
DAG File Processing Stats

File Path                             PID    Runtime      # DAGs    # Errors  Last Runtime    Last Run
------------------------------------  -----  ---------  --------  ----------  --------------  -------------------
/opt/airflow/dags/nyc_taxi_ingest.py                           1           0  0.73s           2026-08-15T22:18:28
================================================================================
[2026-08-15T22:19:16.277+0000] {manager.py:878} INFO - 
================================================================================
DAG File Processing Stats

File Path                             PID    Runtime      # DAGs    # Errors  Last Runtime    Last Run
------------------------------------  -----  ---------  --------  ----------  --------------  -------------------
/opt/airflow/dags/nyc_taxi_ingest.py                           1           0  0.89s           2026-08-15T22:18:59
================================================================================
[2026-08-15T22:19:46.440+0000] {manager.py:878} INFO - 
================================================================================
DAG File Processing Stats

File Path                             PID    Runtime      # DAGs    # Errors  Last Runtime    Last Run
------------------------------------  -----  ---------  --------  ----------  --------------  -------------------
/opt/airflow/dags/nyc_taxi_ingest.py                           1           0  1.50s           2026-08-15T22:19:31
================================================================================
[2026-08-15T22:20:16.526+0000] {manager.py:878} INFO - 
================================================================================
DAG File Processing Stats

File Path                             PID    Runtime      # DAGs    # Errors  Last Runtime    Last Run
------------------------------------  -----  ---------  --------  ----------  --------------  -------------------
/opt/airflow/dags/nyc_taxi_ingest.py                           1           0  0.81s           2026-08-15T22:20:02
================================================================================
[2026-08-15T22:20:46.612+0000] {manager.py:878} INFO - 
================================================================================
DAG File Processing Stats

File Path                             PID    Runtime      # DAGs    # Errors  Last Runtime    Last Run
------------------------------------  -----  ---------  --------  ----------  --------------  -------------------
/opt/airflow/dags/nyc_taxi_ingest.py                           1           0  0.79s           2026-08-15T22:20:33
================================================================================
[2026-08-15T22:21:06.370+0000] {manager.py:737} INFO - Searching for files in /opt/airflow/dags
[2026-08-15T22:21:06.424+0000] {manager.py:740} INFO - There are 1 files in /opt/airflow/dags
[2026-08-15T22:21:16.668+0000] {manager.py:878} INFO - 
================================================================================
DAG File Processing Stats

File Path                             PID    Runtime      # DAGs    # Errors  Last Runtime    Last Run
------------------------------------  -----  ---------  --------  ----------  --------------  -------------------
/opt/airflow/dags/nyc_taxi_ingest.py                           1           0  0.78s           2026-08-15T22:21:04
================================================================================
[2026-08-15T22:21:46.916+0000] {manager.py:878} INFO - 
================================================================================
DAG File Processing Stats

File Path                             PID    Runtime      # DAGs    # Errors  Last Runtime    Last Run
------------------------------------  -----  ---------  --------  ----------  --------------  -------------------
/opt/airflow/dags/nyc_taxi_ingest.py                           1           0  0.73s           2026-08-15T22:21:35
================================================================================
[2026-08-15T22:22:17.381+0000] {manager.py:878} INFO - 
================================================================================
DAG File Processing Stats

File Path                             PID    Runtime      # DAGs    # Errors  Last Runtime    Last Run
------------------------------------  -----  ---------  --------  ----------  --------------  -------------------
/opt/airflow/dags/nyc_taxi_ingest.py                           1           0  2.64s           2026-08-15T22:22:08
================================================================================
[2026-08-15T22:22:47.657+0000] {manager.py:878} INFO - 
================================================================================
DAG File Processing Stats

File Path                             PID    Runtime      # DAGs    # Errors  Last Runtime    Last Run
------------------------------------  -----  ---------  --------  ----------  --------------  -------------------
/opt/airflow/dags/nyc_taxi_ingest.py                           1           0  0.54s           2026-08-15T22:22:39
================================================================================
[2026-08-15T22:23:17.841+0000] {manager.py:878} INFO - 
================================================================================
DAG File Processing Stats

File Path                             PID    Runtime      # DAGs    # Errors  Last Runtime    Last Run
------------------------------------  -----  ---------  --------  ----------  --------------  -------------------
/opt/airflow/dags/nyc_taxi_ingest.py                           1           0  0.72s           2026-08-15T22:23:09
================================================================================
[2026-08-15T22:23:47.927+0000] {manager.py:878} INFO - 
================================================================================
DAG File Processing Stats

File Path                             PID    Runtime      # DAGs    # Errors  Last Runtime    Last Run
------------------------------------  -----  ---------  --------  ----------  --------------  -------------------
/opt/airflow/dags/nyc_taxi_ingest.py                           1           0  0.73s           2026-08-15T22:23:40
================================================================================
[2026-08-15T22:24:18.021+0000] {manager.py:878} INFO - 
================================================================================
DAG File Processing Stats

File Path                             PID    Runtime      # DAGs    # Errors  Last Runtime    Last Run
------------------------------------  -----  ---------  --------  ----------  --------------  -------------------
/opt/airflow/dags/nyc_taxi_ingest.py                           1           0  1.60s           2026-08-15T22:24:12
================================================================================
[2026-08-15T22:24:48.763+0000] {manager.py:878} INFO - 
================================================================================
DAG File Processing Stats

File Path                             PID    Runtime      # DAGs    # Errors  Last Runtime    Last Run
------------------------------------  -----  ---------  --------  ----------  --------------  -------------------
/opt/airflow/dags/nyc_taxi_ingest.py                           1           0  0.68s           2026-08-15T22:24:43
================================================================================
[2026-08-15T22:25:19.057+0000] {manager.py:878} INFO - 
================================================================================
DAG File Processing Stats

File Path                             PID    Runtime      # DAGs    # Errors  Last Runtime    Last Run
------------------------------------  -----  ---------  --------  ----------  --------------  -------------------
/opt/airflow/dags/nyc_taxi_ingest.py                           1           0  0.65s           2026-08-15T22:25:14
================================================================================
[2026-08-15T22:25:49.304+0000] {manager.py:878} INFO - 
================================================================================
DAG File Processing Stats

File Path                             PID    Runtime      # DAGs    # Errors  Last Runtime    Last Run
------------------------------------  -----  ---------  --------  ----------  --------------  -------------------
/opt/airflow/dags/nyc_taxi_ingest.py                           1           0  1.63s           2026-08-15T22:25:46
================================================================================
[2026-08-15T22:26:06.422+0000] {manager.py:737} INFO - Searching for files in /opt/airflow/dags
[2026-08-15T22:26:06.465+0000] {manager.py:740} INFO - There are 1 files in /opt/airflow/dags
[2026-08-15T22:26:19.719+0000] {manager.py:878} INFO - 
================================================================================
DAG File Processing Stats

File Path                             PID    Runtime      # DAGs    # Errors  Last Runtime    Last Run
------------------------------------  -----  ---------  --------  ----------  --------------  -------------------
/opt/airflow/dags/nyc_taxi_ingest.py                           1           0  0.69s           2026-08-15T22:26:17
================================================================================
[2026-08-15T22:26:49.900+0000] {manager.py:878} INFO - 
================================================================================
DAG File Processing Stats

File Path                             PID    Runtime      # DAGs    # Errors  Last Runtime    Last Run
------------------------------------  -----  ---------  --------  ----------  --------------  -------------------
/opt/airflow/dags/nyc_taxi_ingest.py                           1           0  0.98s           2026-08-15T22:26:48
================================================================================
[2026-08-15T22:27:20.097+0000] {manager.py:878} INFO - 
================================================================================
DAG File Processing Stats

File Path                             PID    Runtime      # DAGs    # Errors  Last Runtime    Last Run
------------------------------------  -----  ---------  --------  ----------  --------------  -------------------
/opt/airflow/dags/nyc_taxi_ingest.py                           1           0  0.71s           2026-08-15T22:27:19
================================================================================
[2026-08-15T22:27:50.285+0000] {manager.py:878} INFO - 
================================================================================
DAG File Processing Stats

File Path                               PID  Runtime      # DAGs    # Errors  Last Runtime    Last Run
------------------------------------  -----  ---------  --------  ----------  --------------  -------------------
/opt/airflow/dags/nyc_taxi_ingest.py    374  0.73s             1           0  0.71s           2026-08-15T22:27:19
================================================================================
[2026-08-15T22:28:20.492+0000] {manager.py:878} INFO - 
================================================================================
DAG File Processing Stats

File Path                               PID  Runtime      # DAGs    # Errors  Last Runtime    Last Run
------------------------------------  -----  ---------  --------  ----------  --------------  -------------------
/opt/airflow/dags/nyc_taxi_ingest.py    376  0.00s             1           0  0.80s           2026-08-15T22:27:50
================================================================================
[2026-08-15T22:28:50.699+0000] {manager.py:878} INFO - 
================================================================================
DAG File Processing Stats

File Path                             PID    Runtime      # DAGs    # Errors  Last Runtime    Last Run
------------------------------------  -----  ---------  --------  ----------  --------------  -------------------
/opt/airflow/dags/nyc_taxi_ingest.py                           1           0  0.67s           2026-08-15T22:28:21
================================================================================
[2026-08-15T22:29:20.885+0000] {manager.py:878} INFO - 
================================================================================
DAG File Processing Stats

File Path                             PID    Runtime      # DAGs    # Errors  Last Runtime    Last Run
------------------------------------  -----  ---------  --------  ----------  --------------  -------------------
/opt/airflow/dags/nyc_taxi_ingest.py                           1           0  0.77s           2026-08-15T22:28:52
================================================================================
[2026-08-15T22:29:51.070+0000] {manager.py:878} INFO - 
================================================================================
DAG File Processing Stats

File Path                             PID    Runtime      # DAGs    # Errors  Last Runtime    Last Run
------------------------------------  -----  ---------  --------  ----------  --------------  -------------------
/opt/airflow/dags/nyc_taxi_ingest.py                           1           0  0.92s           2026-08-15T22:29:23
================================================================================
[2026-08-15T22:30:21.258+0000] {manager.py:878} INFO - 
================================================================================
DAG File Processing Stats

File Path                             PID    Runtime      # DAGs    # Errors  Last Runtime    Last Run
------------------------------------  -----  ---------  --------  ----------  --------------  -------------------
/opt/airflow/dags/nyc_taxi_ingest.py                           1           0  1.01s           2026-08-15T22:29:54
================================================================================
[2026-08-15T22:30:51.880+0000] {manager.py:878} INFO - 
================================================================================
DAG File Processing Stats

File Path                             PID    Runtime      # DAGs    # Errors  Last Runtime    Last Run
------------------------------------  -----  ---------  --------  ----------  --------------  -------------------
/opt/airflow/dags/nyc_taxi_ingest.py                           1           0  1.14s           2026-08-15T22:30:25
================================================================================
[2026-08-15T22:31:06.804+0000] {manager.py:737} INFO - Searching for files in /opt/airflow/dags
[2026-08-15T22:31:06.864+0000] {manager.py:740} INFO - There are 1 files in /opt/airflow/dags
[2026-08-15T22:31:22.005+0000] {manager.py:878} INFO - 
================================================================================
DAG File Processing Stats

File Path                             PID    Runtime      # DAGs    # Errors  Last Runtime    Last Run
------------------------------------  -----  ---------  --------  ----------  --------------  -------------------
/opt/airflow/dags/nyc_taxi_ingest.py                           1           0  0.80s           2026-08-15T22:30:56
================================================================================
[2026-08-15T22:31:52.300+0000] {manager.py:878} INFO - 
================================================================================
DAG File Processing Stats

File Path                             PID    Runtime      # DAGs    # Errors  Last Runtime    Last Run
------------------------------------  -----  ---------  --------  ----------  --------------  -------------------
/opt/airflow/dags/nyc_taxi_ingest.py                           1           0  0.64s           2026-08-15T22:31:27
================================================================================
[2026-08-15T22:32:22.506+0000] {manager.py:878} INFO - 
================================================================================
DAG File Processing Stats

File Path                             PID    Runtime      # DAGs    # Errors  Last Runtime    Last Run
------------------------------------  -----  ---------  --------  ----------  --------------  -------------------
/opt/airflow/dags/nyc_taxi_ingest.py                           1           0  0.65s           2026-08-15T22:31:58
================================================================================
[2026-08-15T22:32:52.616+0000] {manager.py:878} INFO - 
================================================================================
DAG File Processing Stats

File Path                             PID    Runtime      # DAGs    # Errors  Last Runtime    Last Run
------------------------------------  -----  ---------  --------  ----------  --------------  -------------------
/opt/airflow/dags/nyc_taxi_ingest.py                           1           0  0.65s           2026-08-15T22:32:29
================================================================================
[2026-08-15T22:33:23.097+0000] {manager.py:878} INFO - 
================================================================================
DAG File Processing Stats

File Path                             PID    Runtime      # DAGs    # Errors  Last Runtime    Last Run
------------------------------------  -----  ---------  --------  ----------  --------------  -------------------
/opt/airflow/dags/nyc_taxi_ingest.py                           1           0  0.79s           2026-08-15T22:33:00
================================================================================
[2026-08-15T22:33:53.336+0000] {manager.py:878} INFO - 
================================================================================
DAG File Processing Stats

File Path                             PID    Runtime      # DAGs    # Errors  Last Runtime    Last Run
------------------------------------  -----  ---------  --------  ----------  --------------  -------------------
/opt/airflow/dags/nyc_taxi_ingest.py                           1           0  0.73s           2026-08-15T22:33:31
================================================================================
[2026-08-15T22:34:23.580+0000] {manager.py:878} INFO - 
================================================================================
DAG File Processing Stats

File Path                             PID    Runtime      # DAGs    # Errors  Last Runtime    Last Run
------------------------------------  -----  ---------  --------  ----------  --------------  -------------------
/opt/airflow/dags/nyc_taxi_ingest.py                           1           0  0.91s           2026-08-15T22:34:02
================================================================================
[2026-08-15T22:34:53.629+0000] {manager.py:878} INFO - 
================================================================================
DAG File Processing Stats

File Path                             PID    Runtime      # DAGs    # Errors  Last Runtime    Last Run
------------------------------------  -----  ---------  --------  ----------  --------------  -------------------
/opt/airflow/dags/nyc_taxi_ingest.py                           1           0  0.84s           2026-08-15T22:34:33
================================================================================
[2026-08-15T22:35:24.078+0000] {manager.py:878} INFO - 
================================================================================
DAG File Processing Stats

File Path                             PID    Runtime      # DAGs    # Errors  Last Runtime    Last Run
------------------------------------  -----  ---------  --------  ----------  --------------  -------------------
/opt/airflow/dags/nyc_taxi_ingest.py                           1           0  0.65s           2026-08-15T22:35:04
================================================================================
[2026-08-15T22:35:54.276+0000] {manager.py:878} INFO - 
================================================================================
DAG File Processing Stats

File Path                             PID    Runtime      # DAGs    # Errors  Last Runtime    Last Run
------------------------------------  -----  ---------  --------  ----------  --------------  -------------------
/opt/airflow/dags/nyc_taxi_ingest.py                           1           0  0.62s           2026-08-15T22:35:35
================================================================================
[2026-08-15T22:36:07.153+0000] {manager.py:737} INFO - Searching for files in /opt/airflow/dags
[2026-08-15T22:36:07.183+0000] {manager.py:740} INFO - There are 1 files in /opt/airflow/dags
[2026-08-15T22:36:24.301+0000] {manager.py:878} INFO - 
================================================================================
DAG File Processing Stats

File Path                             PID    Runtime      # DAGs    # Errors  Last Runtime    Last Run
------------------------------------  -----  ---------  --------  ----------  --------------  -------------------
/opt/airflow/dags/nyc_taxi_ingest.py                           1           0  0.78s           2026-08-15T22:36:06
================================================================================
[2026-08-15T22:36:54.345+0000] {manager.py:878} INFO - 
================================================================================
DAG File Processing Stats

File Path                             PID    Runtime      # DAGs    # Errors  Last Runtime    Last Run
------------------------------------  -----  ---------  --------  ----------  --------------  -------------------
/opt/airflow/dags/nyc_taxi_ingest.py                           1           0  0.81s           2026-08-15T22:36:37
================================================================================
[2026-08-15T22:37:24.375+0000] {manager.py:878} INFO - 
================================================================================
DAG File Processing Stats

File Path                             PID    Runtime      # DAGs    # Errors  Last Runtime    Last Run
------------------------------------  -----  ---------  --------  ----------  --------------  -------------------
/opt/airflow/dags/nyc_taxi_ingest.py                           1           0  0.81s           2026-08-15T22:37:08
================================================================================
[2026-08-15T22:37:55.124+0000] {manager.py:878} INFO - 
================================================================================
DAG File Processing Stats

File Path                             PID    Runtime      # DAGs    # Errors  Last Runtime    Last Run
------------------------------------  -----  ---------  --------  ----------  --------------  -------------------
/opt/airflow/dags/nyc_taxi_ingest.py                           1           0  0.63s           2026-08-15T22:37:39
================================================================================
[2026-08-15T22:38:25.404+0000] {manager.py:878} INFO - 
================================================================================
DAG File Processing Stats

File Path                             PID    Runtime      # DAGs    # Errors  Last Runtime    Last Run
------------------------------------  -----  ---------  --------  ----------  --------------  -------------------
/opt/airflow/dags/nyc_taxi_ingest.py                           1           0  0.71s           2026-08-15T22:38:09
================================================================================
[2026-08-15T22:38:55.586+0000] {manager.py:878} INFO - 
================================================================================
DAG File Processing Stats

File Path                             PID    Runtime      # DAGs    # Errors  Last Runtime    Last Run
------------------------------------  -----  ---------  --------  ----------  --------------  -------------------
/opt/airflow/dags/nyc_taxi_ingest.py                           1           0  0.66s           2026-08-15T22:38:40
================================================================================
[2026-08-15T22:39:25.806+0000] {manager.py:878} INFO - 
================================================================================
DAG File Processing Stats

File Path                             PID    Runtime      # DAGs    # Errors  Last Runtime    Last Run
------------------------------------  -----  ---------  --------  ----------  --------------  -------------------
/opt/airflow/dags/nyc_taxi_ingest.py                           1           0  0.82s           2026-08-15T22:39:11
================================================================================
[2026-08-15T22:39:56.073+0000] {manager.py:878} INFO - 
================================================================================
DAG File Processing Stats

File Path                             PID    Runtime      # DAGs    # Errors  Last Runtime    Last Run
------------------------------------  -----  ---------  --------  ----------  --------------  -------------------
/opt/airflow/dags/nyc_taxi_ingest.py                           1           0  0.63s           2026-08-15T22:39:42
================================================================================
[2026-08-15T22:40:26.274+0000] {manager.py:878} INFO - 
================================================================================
DAG File Processing Stats

File Path                             PID    Runtime      # DAGs    # Errors  Last Runtime    Last Run
------------------------------------  -----  ---------  --------  ----------  --------------  -------------------
/opt/airflow/dags/nyc_taxi_ingest.py                           1           0  0.62s           2026-08-15T22:40:13
================================================================================
[2026-08-15T22:40:56.309+0000] {manager.py:878} INFO - 
================================================================================
DAG File Processing Stats

File Path                             PID    Runtime      # DAGs    # Errors  Last Runtime    Last Run
------------------------------------  -----  ---------  --------  ----------  --------------  -------------------
/opt/airflow/dags/nyc_taxi_ingest.py                           1           0  0.65s           2026-08-15T22:40:44
================================================================================
[2026-08-15T22:41:07.378+0000] {manager.py:737} INFO - Searching for files in /opt/airflow/dags
[2026-08-15T22:41:07.403+0000] {manager.py:740} INFO - There are 1 files in /opt/airflow/dags
[2026-08-15T22:41:26.881+0000] {manager.py:878} INFO - 
================================================================================
DAG File Processing Stats

File Path                             PID    Runtime      # DAGs    # Errors  Last Runtime    Last Run
------------------------------------  -----  ---------  --------  ----------  --------------  -------------------
/opt/airflow/dags/nyc_taxi_ingest.py                           1           0  0.62s           2026-08-15T22:41:15
================================================================================
[2026-08-15T22:41:56.975+0000] {manager.py:878} INFO - 
================================================================================
DAG File Processing Stats

File Path                             PID    Runtime      # DAGs    # Errors  Last Runtime    Last Run
------------------------------------  -----  ---------  --------  ----------  --------------  -------------------
/opt/airflow/dags/nyc_taxi_ingest.py                           1           0  0.62s           2026-08-15T22:41:45
================================================================================
[2026-08-15T22:42:27.523+0000] {manager.py:878} INFO - 
================================================================================
DAG File Processing Stats

File Path                             PID    Runtime      # DAGs    # Errors  Last Runtime    Last Run
------------------------------------  -----  ---------  --------  ----------  --------------  -------------------
/opt/airflow/dags/nyc_taxi_ingest.py                           1           0  0.62s           2026-08-15T22:42:16
================================================================================
[2026-08-15T22:42:57.654+0000] {manager.py:878} INFO - 
================================================================================
DAG File Processing Stats

File Path                             PID    Runtime      # DAGs    # Errors  Last Runtime    Last Run
------------------------------------  -----  ---------  --------  ----------  --------------  -------------------
/opt/airflow/dags/nyc_taxi_ingest.py                           1           0  0.65s           2026-08-15T22:42:47
================================================================================
[2026-08-15T22:43:28.187+0000] {manager.py:878} INFO - 
================================================================================
DAG File Processing Stats

File Path                             PID    Runtime      # DAGs    # Errors  Last Runtime    Last Run
------------------------------------  -----  ---------  --------  ----------  --------------  -------------------
/opt/airflow/dags/nyc_taxi_ingest.py                           1           0  0.62s           2026-08-15T22:43:18
================================================================================
[2026-08-15T22:43:58.281+0000] {manager.py:878} INFO - 
================================================================================
DAG File Processing Stats

File Path                             PID    Runtime      # DAGs    # Errors  Last Runtime    Last Run
------------------------------------  -----  ---------  --------  ----------  --------------  -------------------
/opt/airflow/dags/nyc_taxi_ingest.py                           1           0  0.63s           2026-08-15T22:43:49
================================================================================
[2026-08-15T22:44:28.838+0000] {manager.py:878} INFO - 
================================================================================
DAG File Processing Stats

File Path                             PID    Runtime      # DAGs    # Errors  Last Runtime    Last Run
------------------------------------  -----  ---------  --------  ----------  --------------  -------------------
/opt/airflow/dags/nyc_taxi_ingest.py                           1           0  0.68s           2026-08-15T22:44:20
================================================================================
[2026-08-15T22:44:59.039+0000] {manager.py:878} INFO - 
================================================================================
DAG File Processing Stats

File Path                             PID    Runtime      # DAGs    # Errors  Last Runtime    Last Run
------------------------------------  -----  ---------  --------  ----------  --------------  -------------------
/opt/airflow/dags/nyc_taxi_ingest.py                           1           0  0.63s           2026-08-15T22:44:50
================================================================================
[2026-08-15T22:45:29.562+0000] {manager.py:878} INFO - 
================================================================================
DAG File Processing Stats

File Path                             PID    Runtime      # DAGs    # Errors  Last Runtime    Last Run
------------------------------------  -----  ---------  --------  ----------  --------------  -------------------
/opt/airflow/dags/nyc_taxi_ingest.py                           1           0  0.68s           2026-08-15T22:45:21
================================================================================
[2026-08-15T22:45:59.781+0000] {manager.py:878} INFO - 
================================================================================
DAG File Processing Stats

File Path                             PID    Runtime      # DAGs    # Errors  Last Runtime    Last Run
------------------------------------  -----  ---------  --------  ----------  --------------  -------------------
/opt/airflow/dags/nyc_taxi_ingest.py                           1           0  0.94s           2026-08-15T22:45:53
================================================================================
[2026-08-15T22:46:07.831+0000] {manager.py:737} INFO - Searching for files in /opt/airflow/dags
[2026-08-15T22:46:07.861+0000] {manager.py:740} INFO - There are 1 files in /opt/airflow/dags
[2026-08-15T22:46:29.861+0000] {manager.py:878} INFO - 
================================================================================
DAG File Processing Stats

File Path                             PID    Runtime      # DAGs    # Errors  Last Runtime    Last Run
------------------------------------  -----  ---------  --------  ----------  --------------  -------------------
/opt/airflow/dags/nyc_taxi_ingest.py                           1           0  0.63s           2026-08-15T22:46:23
================================================================================
[2026-08-15T22:47:00.441+0000] {manager.py:878} INFO - 
================================================================================
DAG File Processing Stats

File Path                             PID    Runtime      # DAGs    # Errors  Last Runtime    Last Run
------------------------------------  -----  ---------  --------  ----------  --------------  -------------------
/opt/airflow/dags/nyc_taxi_ingest.py                           1           0  0.64s           2026-08-15T22:46:54
================================================================================
[2026-08-15T22:47:30.601+0000] {manager.py:878} INFO - 
================================================================================
DAG File Processing Stats

File Path                             PID    Runtime      # DAGs    # Errors  Last Runtime    Last Run
------------------------------------  -----  ---------  --------  ----------  --------------  -------------------
/opt/airflow/dags/nyc_taxi_ingest.py                           1           0  0.69s           2026-08-15T22:47:25
================================================================================
[2026-08-15T22:48:00.607+0000] {manager.py:878} INFO - 
================================================================================
DAG File Processing Stats

File Path                             PID    Runtime      # DAGs    # Errors  Last Runtime    Last Run
------------------------------------  -----  ---------  --------  ----------  --------------  -------------------
/opt/airflow/dags/nyc_taxi_ingest.py                           1           0  0.77s           2026-08-15T22:47:56
================================================================================
[2026-08-15T22:48:30.686+0000] {manager.py:878} INFO - 
================================================================================
DAG File Processing Stats

File Path                             PID    Runtime      # DAGs    # Errors  Last Runtime    Last Run
------------------------------------  -----  ---------  --------  ----------  --------------  -------------------
/opt/airflow/dags/nyc_taxi_ingest.py                           1           0  0.91s           2026-08-15T22:48:27
================================================================================
[2026-08-15T22:49:01.487+0000] {manager.py:878} INFO - 
================================================================================
DAG File Processing Stats

File Path                             PID    Runtime      # DAGs    # Errors  Last Runtime    Last Run
------------------------------------  -----  ---------  --------  ----------  --------------  -------------------
/opt/airflow/dags/nyc_taxi_ingest.py                           1           0  0.70s           2026-08-15T22:48:58
================================================================================
[2026-08-15T22:49:31.781+0000] {manager.py:878} INFO - 
================================================================================
DAG File Processing Stats

File Path                             PID    Runtime      # DAGs    # Errors  Last Runtime    Last Run
------------------------------------  -----  ---------  --------  ----------  --------------  -------------------
/opt/airflow/dags/nyc_taxi_ingest.py                           1           0  0.66s           2026-08-15T22:49:29
================================================================================
[2026-08-15T22:50:01.958+0000] {manager.py:878} INFO - 
================================================================================
DAG File Processing Stats

File Path                             PID    Runtime      # DAGs    # Errors  Last Runtime    Last Run
------------------------------------  -----  ---------  --------  ----------  --------------  -------------------
/opt/airflow/dags/nyc_taxi_ingest.py                           1           0  0.73s           2026-08-15T22:50:00
================================================================================
[2026-08-15T22:50:32.142+0000] {manager.py:878} INFO - 
================================================================================
DAG File Processing Stats

File Path                             PID    Runtime      # DAGs    # Errors  Last Runtime    Last Run
------------------------------------  -----  ---------  --------  ----------  --------------  -------------------
/opt/airflow/dags/nyc_taxi_ingest.py                           1           0  0.92s           2026-08-15T22:50:31
================================================================================
[2026-08-15T22:51:02.312+0000] {manager.py:878} INFO - 
================================================================================
DAG File Processing Stats

File Path                             PID    Runtime      # DAGs    # Errors  Last Runtime    Last Run
------------------------------------  -----  ---------  --------  ----------  --------------  -------------------
/opt/airflow/dags/nyc_taxi_ingest.py                           1           0  0.73s           2026-08-15T22:51:02
================================================================================
[2026-08-15T22:51:08.347+0000] {manager.py:737} INFO - Searching for files in /opt/airflow/dags
[2026-08-15T22:51:08.375+0000] {manager.py:740} INFO - There are 1 files in /opt/airflow/dags
[2026-08-15T22:51:32.563+0000] {manager.py:878} INFO - 
================================================================================
DAG File Processing Stats

File Path                               PID  Runtime      # DAGs    # Errors  Last Runtime    Last Run
------------------------------------  -----  ---------  --------  ----------  --------------  -------------------
/opt/airflow/dags/nyc_taxi_ingest.py    466  0.01s             1           0  0.73s           2026-08-15T22:51:02
================================================================================
[2026-08-15T22:52:02.947+0000] {manager.py:878} INFO - 
================================================================================
DAG File Processing Stats

File Path                             PID    Runtime      # DAGs    # Errors  Last Runtime    Last Run
------------------------------------  -----  ---------  --------  ----------  --------------  -------------------
/opt/airflow/dags/nyc_taxi_ingest.py                           1           0  0.70s           2026-08-15T22:51:33
================================================================================
[2026-08-15T22:52:33.144+0000] {manager.py:878} INFO - 
================================================================================
DAG File Processing Stats

File Path                             PID    Runtime      # DAGs    # Errors  Last Runtime    Last Run
------------------------------------  -----  ---------  --------  ----------  --------------  -------------------
/opt/airflow/dags/nyc_taxi_ingest.py                           1           0  0.76s           2026-08-15T22:52:04
================================================================================
[2026-08-15T22:53:03.388+0000] {manager.py:878} INFO - 
================================================================================
DAG File Processing Stats

File Path                             PID    Runtime      # DAGs    # Errors  Last Runtime    Last Run
------------------------------------  -----  ---------  --------  ----------  --------------  -------------------
/opt/airflow/dags/nyc_taxi_ingest.py                           1           0  2.75s           2026-08-15T22:52:37
================================================================================
[2026-08-15T22:53:33.623+0000] {manager.py:878} INFO - 
================================================================================
DAG File Processing Stats

File Path                             PID    Runtime      # DAGs    # Errors  Last Runtime    Last Run
------------------------------------  -----  ---------  --------  ----------  --------------  -------------------
/opt/airflow/dags/nyc_taxi_ingest.py                           1           0  0.66s           2026-08-15T22:53:08
================================================================================
[2026-08-15T22:54:03.827+0000] {manager.py:878} INFO - 
================================================================================
DAG File Processing Stats

File Path                             PID    Runtime      # DAGs    # Errors  Last Runtime    Last Run
------------------------------------  -----  ---------  --------  ----------  --------------  -------------------
/opt/airflow/dags/nyc_taxi_ingest.py                           1           0  0.76s           2026-08-15T22:53:39
================================================================================
[2026-08-15T22:54:34.441+0000] {manager.py:878} INFO - 
================================================================================
DAG File Processing Stats

File Path                             PID    Runtime      # DAGs    # Errors  Last Runtime    Last Run
------------------------------------  -----  ---------  --------  ----------  --------------  -------------------
/opt/airflow/dags/nyc_taxi_ingest.py                           1           0  1.03s           2026-08-15T22:54:10
================================================================================
[2026-08-15T22:55:04.573+0000] {manager.py:878} INFO - 
================================================================================
DAG File Processing Stats

File Path                             PID    Runtime      # DAGs    # Errors  Last Runtime    Last Run
------------------------------------  -----  ---------  --------  ----------  --------------  -------------------
/opt/airflow/dags/nyc_taxi_ingest.py                           1           0  0.85s           2026-08-15T22:54:41
================================================================================
[2026-08-15T22:55:34.851+0000] {manager.py:878} INFO - 
================================================================================
DAG File Processing Stats

File Path                             PID    Runtime      # DAGs    # Errors  Last Runtime    Last Run
------------------------------------  -----  ---------  --------  ----------  --------------  -------------------
/opt/airflow/dags/nyc_taxi_ingest.py                           1           0  0.76s           2026-08-15T22:55:12
================================================================================
[2026-08-15T22:56:05.069+0000] {manager.py:878} INFO - 
================================================================================
DAG File Processing Stats

File Path                             PID    Runtime      # DAGs    # Errors  Last Runtime    Last Run
------------------------------------  -----  ---------  --------  ----------  --------------  -------------------
/opt/airflow/dags/nyc_taxi_ingest.py                           1           0  0.73s           2026-08-15T22:55:43
================================================================================
[2026-08-15T22:56:08.520+0000] {manager.py:737} INFO - Searching for files in /opt/airflow/dags
[2026-08-15T22:56:08.551+0000] {manager.py:740} INFO - There are 1 files in /opt/airflow/dags
[2026-08-15T22:56:35.286+0000] {manager.py:878} INFO - 
================================================================================
DAG File Processing Stats

File Path                             PID    Runtime      # DAGs    # Errors  Last Runtime    Last Run
------------------------------------  -----  ---------  --------  ----------  --------------  -------------------
/opt/airflow/dags/nyc_taxi_ingest.py                           1           0  0.61s           2026-08-15T22:56:14
================================================================================
[2026-08-15T22:57:05.602+0000] {manager.py:878} INFO - 
================================================================================
DAG File Processing Stats

File Path                             PID    Runtime      # DAGs    # Errors  Last Runtime    Last Run
------------------------------------  -----  ---------  --------  ----------  --------------  -------------------
/opt/airflow/dags/nyc_taxi_ingest.py                           1           0  0.63s           2026-08-15T22:56:45
================================================================================
[2026-08-15T22:57:35.818+0000] {manager.py:878} INFO - 
================================================================================
DAG File Processing Stats

File Path                             PID    Runtime      # DAGs    # Errors  Last Runtime    Last Run
------------------------------------  -----  ---------  --------  ----------  --------------  -------------------
/opt/airflow/dags/nyc_taxi_ingest.py                           1           0  0.68s           2026-08-15T22:57:15
================================================================================
[2026-08-15T22:58:06.024+0000] {manager.py:878} INFO - 
================================================================================
DAG File Processing Stats

File Path                             PID    Runtime      # DAGs    # Errors  Last Runtime    Last Run
------------------------------------  -----  ---------  --------  ----------  --------------  -------------------
/opt/airflow/dags/nyc_taxi_ingest.py                           1           0  0.68s           2026-08-15T22:57:46
================================================================================
[2026-08-15T22:58:36.130+0000] {manager.py:878} INFO - 
================================================================================
DAG File Processing Stats

File Path                             PID    Runtime      # DAGs    # Errors  Last Runtime    Last Run
------------------------------------  -----  ---------  --------  ----------  --------------  -------------------
/opt/airflow/dags/nyc_taxi_ingest.py                           1           0  0.82s           2026-08-15T22:58:17
================================================================================
[2026-08-15T22:59:06.466+0000] {manager.py:878} INFO - 
================================================================================
DAG File Processing Stats

File Path                             PID    Runtime      # DAGs    # Errors  Last Runtime    Last Run
------------------------------------  -----  ---------  --------  ----------  --------------  -------------------
/opt/airflow/dags/nyc_taxi_ingest.py                           1           0  1.17s           2026-08-15T22:58:49
================================================================================
[2026-08-15T22:59:36.750+0000] {manager.py:878} INFO - 
================================================================================
DAG File Processing Stats

File Path                             PID    Runtime      # DAGs    # Errors  Last Runtime    Last Run
------------------------------------  -----  ---------  --------  ----------  --------------  -------------------
/opt/airflow/dags/nyc_taxi_ingest.py                           1           0  1.99s           2026-08-15T22:59:21
================================================================================
[2026-08-15T23:00:07.054+0000] {manager.py:878} INFO - 
================================================================================
DAG File Processing Stats

File Path                             PID    Runtime      # DAGs    # Errors  Last Runtime    Last Run
------------------------------------  -----  ---------  --------  ----------  --------------  -------------------
/opt/airflow/dags/nyc_taxi_ingest.py                           1           0  1.45s           2026-08-15T22:59:53
================================================================================
[2026-08-15T23:00:37.248+0000] {manager.py:878} INFO - 
================================================================================
DAG File Processing Stats

File Path                             PID    Runtime      # DAGs    # Errors  Last Runtime    Last Run
------------------------------------  -----  ---------  --------  ----------  --------------  -------------------
/opt/airflow/dags/nyc_taxi_ingest.py                           1           0  1.46s           2026-08-15T23:00:25
================================================================================
[2026-08-15T23:01:07.510+0000] {manager.py:878} INFO - 
================================================================================
DAG File Processing Stats

File Path                             PID    Runtime      # DAGs    # Errors  Last Runtime    Last Run
------------------------------------  -----  ---------  --------  ----------  --------------  -------------------
/opt/airflow/dags/nyc_taxi_ingest.py                           1           0  1.05s           2026-08-15T23:00:56
================================================================================
[2026-08-15T23:01:08.543+0000] {manager.py:737} INFO - Searching for files in /opt/airflow/dags
[2026-08-15T23:01:08.588+0000] {manager.py:740} INFO - There are 1 files in /opt/airflow/dags
[2026-08-15T23:01:37.683+0000] {manager.py:878} INFO - 
================================================================================
DAG File Processing Stats

File Path                             PID    Runtime      # DAGs    # Errors  Last Runtime    Last Run
------------------------------------  -----  ---------  --------  ----------  --------------  -------------------
/opt/airflow/dags/nyc_taxi_ingest.py                           1           0  0.97s           2026-08-15T23:01:27
================================================================================
[2026-08-15T23:02:07.909+0000] {manager.py:878} INFO - 
================================================================================
DAG File Processing Stats

File Path                             PID    Runtime      # DAGs    # Errors  Last Runtime    Last Run
------------------------------------  -----  ---------  --------  ----------  --------------  -------------------
/opt/airflow/dags/nyc_taxi_ingest.py                           1           0  1.02s           2026-08-15T23:01:58
================================================================================
[2026-08-15T23:02:38.640+0000] {manager.py:878} INFO - 
================================================================================
DAG File Processing Stats

File Path                             PID    Runtime      # DAGs    # Errors  Last Runtime    Last Run
------------------------------------  -----  ---------  --------  ----------  --------------  -------------------
/opt/airflow/dags/nyc_taxi_ingest.py                           1           0  0.84s           2026-08-15T23:02:29
================================================================================
[2026-08-15T23:03:08.910+0000] {manager.py:878} INFO - 
================================================================================
DAG File Processing Stats

File Path                             PID    Runtime      # DAGs    # Errors  Last Runtime    Last Run
------------------------------------  -----  ---------  --------  ----------  --------------  -------------------
/opt/airflow/dags/nyc_taxi_ingest.py                           1           0  1.22s           2026-08-15T23:03:02
================================================================================
[2026-08-15T23:03:39.086+0000] {manager.py:878} INFO - 
================================================================================
DAG File Processing Stats

File Path                             PID    Runtime      # DAGs    # Errors  Last Runtime    Last Run
------------------------------------  -----  ---------  --------  ----------  --------------  -------------------
/opt/airflow/dags/nyc_taxi_ingest.py                           1           0  0.94s           2026-08-15T23:03:33
================================================================================
[2026-08-15T23:04:09.148+0000] {manager.py:878} INFO - 
================================================================================
DAG File Processing Stats

File Path                             PID    Runtime      # DAGs    # Errors  Last Runtime    Last Run
------------------------------------  -----  ---------  --------  ----------  --------------  -------------------
/opt/airflow/dags/nyc_taxi_ingest.py                           1           0  0.82s           2026-08-15T23:04:04
================================================================================
[2026-08-15T23:04:39.370+0000] {manager.py:878} INFO - 
================================================================================
DAG File Processing Stats

File Path                             PID    Runtime      # DAGs    # Errors  Last Runtime    Last Run
------------------------------------  -----  ---------  --------  ----------  --------------  -------------------
/opt/airflow/dags/nyc_taxi_ingest.py                           1           0  1.01s           2026-08-15T23:04:35
================================================================================
[2026-08-15T23:05:09.384+0000] {manager.py:878} INFO - 
================================================================================
DAG File Processing Stats

File Path                             PID    Runtime      # DAGs    # Errors  Last Runtime    Last Run
------------------------------------  -----  ---------  --------  ----------  --------------  -------------------
/opt/airflow/dags/nyc_taxi_ingest.py                           1           0  0.81s           2026-08-15T23:05:06
================================================================================
[2026-08-15T23:05:39.450+0000] {manager.py:878} INFO - 
================================================================================
DAG File Processing Stats

File Path                             PID    Runtime      # DAGs    # Errors  Last Runtime    Last Run
------------------------------------  -----  ---------  --------  ----------  --------------  -------------------
/opt/airflow/dags/nyc_taxi_ingest.py                           1           0  0.87s           2026-08-15T23:05:37
================================================================================
[2026-08-15T23:06:09.113+0000] {manager.py:737} INFO - Searching for files in /opt/airflow/dags
[2026-08-15T23:06:09.141+0000] {manager.py:740} INFO - There are 1 files in /opt/airflow/dags
[2026-08-15T23:06:10.162+0000] {manager.py:878} INFO - 
================================================================================
DAG File Processing Stats

File Path                             PID    Runtime      # DAGs    # Errors  Last Runtime    Last Run
------------------------------------  -----  ---------  --------  ----------  --------------  -------------------
/opt/airflow/dags/nyc_taxi_ingest.py                           1           0  0.65s           2026-08-15T23:06:08
================================================================================
[2026-08-15T23:06:40.652+0000] {manager.py:878} INFO - 
================================================================================
DAG File Processing Stats

File Path                               PID  Runtime      # DAGs    # Errors  Last Runtime    Last Run
------------------------------------  -----  ---------  --------  ----------  --------------  -------------------
/opt/airflow/dags/nyc_taxi_ingest.py    524  1.97s             1           0  0.65s           2026-08-15T23:06:08
================================================================================
[2026-08-15T23:07:10.941+0000] {manager.py:878} INFO - 
================================================================================
DAG File Processing Stats

File Path                             PID    Runtime      # DAGs    # Errors  Last Runtime    Last Run
------------------------------------  -----  ---------  --------  ----------  --------------  -------------------
/opt/airflow/dags/nyc_taxi_ingest.py                           1           0  5.87s           2026-08-15T23:06:44
================================================================================
[2026-08-15T23:07:41.523+0000] {manager.py:878} INFO - 
================================================================================
DAG File Processing Stats

File Path                             PID    Runtime      # DAGs    # Errors  Last Runtime    Last Run
------------------------------------  -----  ---------  --------  ----------  --------------  -------------------
/opt/airflow/dags/nyc_taxi_ingest.py                           1           0  1.54s           2026-08-15T23:07:16
================================================================================
[2026-08-15T23:08:11.844+0000] {manager.py:878} INFO - 
================================================================================
DAG File Processing Stats

File Path                             PID    Runtime      # DAGs    # Errors  Last Runtime    Last Run
------------------------------------  -----  ---------  --------  ----------  --------------  -------------------
/opt/airflow/dags/nyc_taxi_ingest.py                           1           0  0.80s           2026-08-15T23:07:47
================================================================================
[2026-08-15T23:08:42.311+0000] {manager.py:878} INFO - 
================================================================================
DAG File Processing Stats

File Path                             PID    Runtime      # DAGs    # Errors  Last Runtime    Last Run
------------------------------------  -----  ---------  --------  ----------  --------------  -------------------
/opt/airflow/dags/nyc_taxi_ingest.py                           1           0  0.96s           2026-08-15T23:08:18
================================================================================
[2026-08-15T23:09:12.547+0000] {manager.py:878} INFO - 
================================================================================
DAG File Processing Stats

File Path                             PID    Runtime      # DAGs    # Errors  Last Runtime    Last Run
------------------------------------  -----  ---------  --------  ----------  --------------  -------------------
/opt/airflow/dags/nyc_taxi_ingest.py                           1           0  0.74s           2026-08-15T23:08:49
================================================================================
[2026-08-15T23:09:43.076+0000] {manager.py:878} INFO - 
================================================================================
DAG File Processing Stats

File Path                             PID    Runtime      # DAGs    # Errors  Last Runtime    Last Run
------------------------------------  -----  ---------  --------  ----------  --------------  -------------------
/opt/airflow/dags/nyc_taxi_ingest.py                           1           0  1.36s           2026-08-15T23:09:20
================================================================================
[2026-08-15T23:10:13.440+0000] {manager.py:878} INFO - 
================================================================================
DAG File Processing Stats

File Path                             PID    Runtime      # DAGs    # Errors  Last Runtime    Last Run
------------------------------------  -----  ---------  --------  ----------  --------------  -------------------
/opt/airflow/dags/nyc_taxi_ingest.py                           1           0  1.12s           2026-08-15T23:09:52
================================================================================
[2026-08-15T23:10:43.783+0000] {manager.py:878} INFO - 
================================================================================
DAG File Processing Stats

File Path                             PID    Runtime      # DAGs    # Errors  Last Runtime    Last Run
------------------------------------  -----  ---------  --------  ----------  --------------  -------------------
/opt/airflow/dags/nyc_taxi_ingest.py                           1           0  1.92s           2026-08-15T23:10:24
================================================================================
[2026-08-15T23:11:09.441+0000] {manager.py:737} INFO - Searching for files in /opt/airflow/dags
[2026-08-15T23:11:09.675+0000] {manager.py:740} INFO - There are 1 files in /opt/airflow/dags
[2026-08-15T23:11:13.881+0000] {manager.py:878} INFO - 
================================================================================
DAG File Processing Stats

File Path                             PID    Runtime      # DAGs    # Errors  Last Runtime    Last Run
------------------------------------  -----  ---------  --------  ----------  --------------  -------------------
/opt/airflow/dags/nyc_taxi_ingest.py                           1           0  1.76s           2026-08-15T23:10:56
================================================================================
[2026-08-15T23:11:44.532+0000] {manager.py:878} INFO - 
================================================================================
DAG File Processing Stats

File Path                             PID    Runtime      # DAGs    # Errors  Last Runtime    Last Run
------------------------------------  -----  ---------  --------  ----------  --------------  -------------------
/opt/airflow/dags/nyc_taxi_ingest.py                           1           0  2.07s           2026-08-15T23:11:29
================================================================================
[2026-08-15T23:12:15.184+0000] {manager.py:878} INFO - 
================================================================================
DAG File Processing Stats

File Path                             PID    Runtime      # DAGs    # Errors  Last Runtime    Last Run
------------------------------------  -----  ---------  --------  ----------  --------------  -------------------
/opt/airflow/dags/nyc_taxi_ingest.py                           1           0  1.35s           2026-08-15T23:12:01
================================================================================
[2026-08-15T23:12:45.416+0000] {manager.py:878} INFO - 
================================================================================
DAG File Processing Stats

File Path                             PID    Runtime      # DAGs    # Errors  Last Runtime    Last Run
------------------------------------  -----  ---------  --------  ----------  --------------  -------------------
/opt/airflow/dags/nyc_taxi_ingest.py                           1           0  0.87s           2026-08-15T23:12:32
================================================================================
[2026-08-15T23:13:15.700+0000] {manager.py:878} INFO - 
================================================================================
DAG File Processing Stats

File Path                             PID    Runtime      # DAGs    # Errors  Last Runtime    Last Run
------------------------------------  -----  ---------  --------  ----------  --------------  -------------------
/opt/airflow/dags/nyc_taxi_ingest.py                           1           0  1.02s           2026-08-15T23:13:03
================================================================================
[2026-08-15T23:13:45.944+0000] {manager.py:878} INFO - 
================================================================================
DAG File Processing Stats

File Path                             PID    Runtime      # DAGs    # Errors  Last Runtime    Last Run
------------------------------------  -----  ---------  --------  ----------  --------------  -------------------
/opt/airflow/dags/nyc_taxi_ingest.py                           1           0  1.10s           2026-08-15T23:13:34
================================================================================
[2026-08-15T23:14:16.101+0000] {manager.py:878} INFO - 
================================================================================
DAG File Processing Stats

File Path                             PID    Runtime      # DAGs    # Errors  Last Runtime    Last Run
------------------------------------  -----  ---------  --------  ----------  --------------  -------------------
/opt/airflow/dags/nyc_taxi_ingest.py                           1           0  0.92s           2026-08-15T23:14:06
================================================================================
[2026-08-15T23:14:46.277+0000] {manager.py:878} INFO - 
================================================================================
DAG File Processing Stats

File Path                             PID    Runtime      # DAGs    # Errors  Last Runtime    Last Run
------------------------------------  -----  ---------  --------  ----------  --------------  -------------------
/opt/airflow/dags/nyc_taxi_ingest.py                           1           0  0.95s           2026-08-15T23:14:37
================================================================================
[2026-08-15T23:15:16.415+0000] {manager.py:878} INFO - 
================================================================================
DAG File Processing Stats

File Path                             PID    Runtime      # DAGs    # Errors  Last Runtime    Last Run
------------------------------------  -----  ---------  --------  ----------  --------------  -------------------
/opt/airflow/dags/nyc_taxi_ingest.py                           1           0  0.90s           2026-08-15T23:15:08
================================================================================
[2026-08-15T23:15:46.647+0000] {manager.py:878} INFO - 
================================================================================
DAG File Processing Stats

File Path                             PID    Runtime      # DAGs    # Errors  Last Runtime    Last Run
------------------------------------  -----  ---------  --------  ----------  --------------  -------------------
/opt/airflow/dags/nyc_taxi_ingest.py                           1           0  1.02s           2026-08-15T23:15:39
================================================================================
[2026-08-15T23:16:09.816+0000] {manager.py:737} INFO - Searching for files in /opt/airflow/dags
[2026-08-15T23:16:09.894+0000] {manager.py:740} INFO - There are 1 files in /opt/airflow/dags
[2026-08-15T23:16:17.025+0000] {manager.py:878} INFO - 
================================================================================
DAG File Processing Stats

File Path                             PID    Runtime      # DAGs    # Errors  Last Runtime    Last Run
------------------------------------  -----  ---------  --------  ----------  --------------  -------------------
/opt/airflow/dags/nyc_taxi_ingest.py                           1           0  1.22s           2026-08-15T23:16:11
================================================================================
[2026-08-15T23:16:47.282+0000] {manager.py:878} INFO - 
================================================================================
DAG File Processing Stats

File Path                             PID    Runtime      # DAGs    # Errors  Last Runtime    Last Run
------------------------------------  -----  ---------  --------  ----------  --------------  -------------------
/opt/airflow/dags/nyc_taxi_ingest.py                           1           0  1.06s           2026-08-15T23:16:42
================================================================================
[2026-08-15T23:17:17.364+0000] {manager.py:878} INFO - 
================================================================================
DAG File Processing Stats

File Path                             PID    Runtime      # DAGs    # Errors  Last Runtime    Last Run
------------------------------------  -----  ---------  --------  ----------  --------------  -------------------
/opt/airflow/dags/nyc_taxi_ingest.py                           1           0  0.85s           2026-08-15T23:17:13
================================================================================
[2026-08-15T23:17:47.744+0000] {manager.py:878} INFO - 
================================================================================
DAG File Processing Stats

File Path                             PID    Runtime      # DAGs    # Errors  Last Runtime    Last Run
------------------------------------  -----  ---------  --------  ----------  --------------  -------------------
/opt/airflow/dags/nyc_taxi_ingest.py                           1           0  1.47s           2026-08-15T23:17:45
================================================================================
[2026-08-15T23:18:17.950+0000] {manager.py:878} INFO - 
================================================================================
DAG File Processing Stats

File Path                             PID    Runtime      # DAGs    # Errors  Last Runtime    Last Run
------------------------------------  -----  ---------  --------  ----------  --------------  -------------------
/opt/airflow/dags/nyc_taxi_ingest.py                           1           0  0.91s           2026-08-15T23:18:16
================================================================================
[2026-08-15T23:18:48.172+0000] {manager.py:878} INFO - 
================================================================================
DAG File Processing Stats

File Path                             PID    Runtime      # DAGs    # Errors  Last Runtime    Last Run
------------------------------------  -----  ---------  --------  ----------  --------------  -------------------
/opt/airflow/dags/nyc_taxi_ingest.py                           1           0  0.95s           2026-08-15T23:18:47
================================================================================
[2026-08-15T23:19:18.479+0000] {manager.py:878} INFO - 
================================================================================
DAG File Processing Stats

File Path                               PID  Runtime      # DAGs    # Errors  Last Runtime    Last Run
------------------------------------  -----  ---------  --------  ----------  --------------  -------------------
/opt/airflow/dags/nyc_taxi_ingest.py    572  1.04s             1           0  0.95s           2026-08-15T23:18:47
================================================================================
[2026-08-15T23:19:49.165+0000] {manager.py:878} INFO - 
================================================================================
DAG File Processing Stats

File Path                             PID    Runtime      # DAGs    # Errors  Last Runtime    Last Run
------------------------------------  -----  ---------  --------  ----------  --------------  -------------------
/opt/airflow/dags/nyc_taxi_ingest.py                           1           0  2.16s           2026-08-15T23:19:19
================================================================================
[2026-08-15T23:20:19.470+0000] {manager.py:878} INFO - 
================================================================================
DAG File Processing Stats

File Path                             PID    Runtime      # DAGs    # Errors  Last Runtime    Last Run
------------------------------------  -----  ---------  --------  ----------  --------------  -------------------
/opt/airflow/dags/nyc_taxi_ingest.py                           1           0  1.29s           2026-08-15T23:19:51
================================================================================
[2026-08-15T23:20:50.097+0000] {manager.py:878} INFO - 
================================================================================
DAG File Processing Stats

File Path                             PID    Runtime      # DAGs    # Errors  Last Runtime    Last Run
------------------------------------  -----  ---------  --------  ----------  --------------  -------------------
/opt/airflow/dags/nyc_taxi_ingest.py                           1           0  1.45s           2026-08-15T23:20:23
================================================================================
[2026-08-15T23:21:10.402+0000] {manager.py:737} INFO - Searching for files in /opt/airflow/dags
[2026-08-15T23:21:10.448+0000] {manager.py:740} INFO - There are 1 files in /opt/airflow/dags
[2026-08-15T23:21:20.576+0000] {manager.py:878} INFO - 
================================================================================
DAG File Processing Stats

File Path                             PID    Runtime      # DAGs    # Errors  Last Runtime    Last Run
------------------------------------  -----  ---------  --------  ----------  --------------  -------------------
/opt/airflow/dags/nyc_taxi_ingest.py                           1           0  1.44s           2026-08-15T23:20:54
================================================================================
[2026-08-15T23:21:51.055+0000] {manager.py:878} INFO - 
================================================================================
DAG File Processing Stats

File Path                             PID    Runtime      # DAGs    # Errors  Last Runtime    Last Run
------------------------------------  -----  ---------  --------  ----------  --------------  -------------------
/opt/airflow/dags/nyc_taxi_ingest.py                           1           0  1.65s           2026-08-15T23:21:26
================================================================================
[2026-08-15T23:22:21.811+0000] {manager.py:878} INFO - 
================================================================================
DAG File Processing Stats

File Path                             PID    Runtime      # DAGs    # Errors  Last Runtime    Last Run
------------------------------------  -----  ---------  --------  ----------  --------------  -------------------
/opt/airflow/dags/nyc_taxi_ingest.py                           1           0  1.11s           2026-08-15T23:21:57
================================================================================
[2026-08-15T23:22:51.891+0000] {manager.py:878} INFO - 
================================================================================
DAG File Processing Stats

File Path                             PID    Runtime      # DAGs    # Errors  Last Runtime    Last Run
------------------------------------  -----  ---------  --------  ----------  --------------  -------------------
/opt/airflow/dags/nyc_taxi_ingest.py                           1           0  0.78s           2026-08-15T23:22:28
================================================================================
[2026-08-15T23:23:22.391+0000] {manager.py:878} INFO - 
================================================================================
DAG File Processing Stats

File Path                             PID    Runtime      # DAGs    # Errors  Last Runtime    Last Run
------------------------------------  -----  ---------  --------  ----------  --------------  -------------------
/opt/airflow/dags/nyc_taxi_ingest.py                           1           0  1.33s           2026-08-15T23:23:00
================================================================================
[2026-08-15T23:23:52.733+0000] {manager.py:878} INFO - 
================================================================================
DAG File Processing Stats

File Path                             PID    Runtime      # DAGs    # Errors  Last Runtime    Last Run
------------------------------------  -----  ---------  --------  ----------  --------------  -------------------
/opt/airflow/dags/nyc_taxi_ingest.py                           1           0  1.35s           2026-08-15T23:23:31
================================================================================
[2026-08-15T23:24:23.374+0000] {manager.py:878} INFO - 
================================================================================
DAG File Processing Stats

File Path                             PID    Runtime      # DAGs    # Errors  Last Runtime    Last Run
------------------------------------  -----  ---------  --------  ----------  --------------  -------------------
/opt/airflow/dags/nyc_taxi_ingest.py                           1           0  1.06s           2026-08-15T23:24:03
================================================================================
[2026-08-15T23:24:53.669+0000] {manager.py:878} INFO - 
================================================================================
DAG File Processing Stats

File Path                             PID    Runtime      # DAGs    # Errors  Last Runtime    Last Run
------------------------------------  -----  ---------  --------  ----------  --------------  -------------------
/opt/airflow/dags/nyc_taxi_ingest.py                           1           0  1.33s           2026-08-15T23:24:34
================================================================================
[2026-08-15T23:25:24.232+0000] {manager.py:878} INFO - 
================================================================================
DAG File Processing Stats

File Path                             PID    Runtime      # DAGs    # Errors  Last Runtime    Last Run
------------------------------------  -----  ---------  --------  ----------  --------------  -------------------
/opt/airflow/dags/nyc_taxi_ingest.py                           1           0  1.37s           2026-08-15T23:25:06
================================================================================
[2026-08-15T23:25:54.880+0000] {manager.py:878} INFO - 
================================================================================
DAG File Processing Stats

File Path                             PID    Runtime      # DAGs    # Errors  Last Runtime    Last Run
------------------------------------  -----  ---------  --------  ----------  --------------  -------------------
/opt/airflow/dags/nyc_taxi_ingest.py                           1           0  1.29s           2026-08-15T23:25:38
================================================================================
[2026-08-15T23:26:11.064+0000] {manager.py:737} INFO - Searching for files in /opt/airflow/dags
[2026-08-15T23:26:11.294+0000] {manager.py:740} INFO - There are 1 files in /opt/airflow/dags
[2026-08-15T23:26:25.417+0000] {manager.py:878} INFO - 
================================================================================
DAG File Processing Stats

File Path                             PID    Runtime      # DAGs    # Errors  Last Runtime    Last Run
------------------------------------  -----  ---------  --------  ----------  --------------  -------------------
/opt/airflow/dags/nyc_taxi_ingest.py                           1           0  3.82s           2026-08-15T23:26:12
================================================================================
[2026-08-15T23:26:55.445+0000] {manager.py:878} INFO - 
================================================================================
DAG File Processing Stats

File Path                             PID    Runtime      # DAGs    # Errors  Last Runtime    Last Run
------------------------------------  -----  ---------  --------  ----------  --------------  -------------------
/opt/airflow/dags/nyc_taxi_ingest.py                           1           0  1.67s           2026-08-15T23:26:44
================================================================================
[2026-08-15T23:27:25.796+0000] {manager.py:878} INFO - 
================================================================================
DAG File Processing Stats

File Path                             PID    Runtime      # DAGs    # Errors  Last Runtime    Last Run
------------------------------------  -----  ---------  --------  ----------  --------------  -------------------
/opt/airflow/dags/nyc_taxi_ingest.py                           1           0  2.36s           2026-08-15T23:27:17
================================================================================
[2026-08-15T23:27:56.138+0000] {manager.py:878} INFO - 
================================================================================
DAG File Processing Stats

File Path                             PID    Runtime      # DAGs    # Errors  Last Runtime    Last Run
------------------------------------  -----  ---------  --------  ----------  --------------  -------------------
/opt/airflow/dags/nyc_taxi_ingest.py                           1           0  1.00s           2026-08-15T23:27:48
================================================================================
[2026-08-15T23:28:26.660+0000] {manager.py:878} INFO - 
================================================================================
DAG File Processing Stats

File Path                             PID    Runtime      # DAGs    # Errors  Last Runtime    Last Run
------------------------------------  -----  ---------  --------  ----------  --------------  -------------------
/opt/airflow/dags/nyc_taxi_ingest.py                           1           0  1.42s           2026-08-15T23:28:19
================================================================================
[2026-08-15T23:28:56.754+0000] {manager.py:878} INFO - 
================================================================================
DAG File Processing Stats

File Path                             PID    Runtime      # DAGs    # Errors  Last Runtime    Last Run
------------------------------------  -----  ---------  --------  ----------  --------------  -------------------
/opt/airflow/dags/nyc_taxi_ingest.py                           1           0  0.84s           2026-08-15T23:28:50
================================================================================
[2026-08-15T23:29:27.035+0000] {manager.py:878} INFO - 
================================================================================
DAG File Processing Stats

File Path                             PID    Runtime      # DAGs    # Errors  Last Runtime    Last Run
------------------------------------  -----  ---------  --------  ----------  --------------  -------------------
/opt/airflow/dags/nyc_taxi_ingest.py                           1           0  1.32s           2026-08-15T23:29:22
================================================================================
[2026-08-15T23:29:57.583+0000] {manager.py:878} INFO - 
================================================================================
DAG File Processing Stats

File Path                             PID    Runtime      # DAGs    # Errors  Last Runtime    Last Run
------------------------------------  -----  ---------  --------  ----------  --------------  -------------------
/opt/airflow/dags/nyc_taxi_ingest.py                           1           0  1.46s           2026-08-15T23:29:53
================================================================================
[2026-08-15T23:30:28.288+0000] {manager.py:878} INFO - 
================================================================================
DAG File Processing Stats

File Path                             PID    Runtime      # DAGs    # Errors  Last Runtime    Last Run
------------------------------------  -----  ---------  --------  ----------  --------------  -------------------
/opt/airflow/dags/nyc_taxi_ingest.py                           1           0  1.06s           2026-08-15T23:30:25
================================================================================
[2026-08-15T23:30:58.512+0000] {manager.py:878} INFO - 
================================================================================
DAG File Processing Stats

File Path                             PID    Runtime      # DAGs    # Errors  Last Runtime    Last Run
------------------------------------  -----  ---------  --------  ----------  --------------  -------------------
/opt/airflow/dags/nyc_taxi_ingest.py                           1           0  0.95s           2026-08-15T23:30:56
================================================================================
[2026-08-15T23:31:11.676+0000] {manager.py:737} INFO - Searching for files in /opt/airflow/dags
[2026-08-15T23:31:11.726+0000] {manager.py:740} INFO - There are 1 files in /opt/airflow/dags
[2026-08-15T23:31:28.942+0000] {manager.py:878} INFO - 
================================================================================
DAG File Processing Stats

File Path                             PID    Runtime      # DAGs    # Errors  Last Runtime    Last Run
------------------------------------  -----  ---------  --------  ----------  --------------  -------------------
/opt/airflow/dags/nyc_taxi_ingest.py                           1           0  1.09s           2026-08-15T23:31:27
================================================================================
[2026-08-15T23:31:59.077+0000] {manager.py:878} INFO - 
================================================================================
DAG File Processing Stats

File Path                             PID    Runtime      # DAGs    # Errors  Last Runtime    Last Run
------------------------------------  -----  ---------  --------  ----------  --------------  -------------------
/opt/airflow/dags/nyc_taxi_ingest.py                           1           0  0.84s           2026-08-15T23:31:59
================================================================================
[2026-08-15T23:32:29.360+0000] {manager.py:878} INFO - 
================================================================================
DAG File Processing Stats

File Path                               PID  Runtime      # DAGs    # Errors  Last Runtime    Last Run
------------------------------------  -----  ---------  --------  ----------  --------------  -------------------
/opt/airflow/dags/nyc_taxi_ingest.py    622  0.00s             1           0  0.84s           2026-08-15T23:31:59
================================================================================
[2026-08-15T23:32:59.396+0000] {manager.py:878} INFO - 
================================================================================
DAG File Processing Stats

File Path                             PID    Runtime      # DAGs    # Errors  Last Runtime    Last Run
------------------------------------  -----  ---------  --------  ----------  --------------  -------------------
/opt/airflow/dags/nyc_taxi_ingest.py                           1           0  0.78s           2026-08-15T23:32:30
================================================================================
[2026-08-15T23:33:29.617+0000] {manager.py:878} INFO - 
================================================================================
DAG File Processing Stats

File Path                             PID    Runtime      # DAGs    # Errors  Last Runtime    Last Run
------------------------------------  -----  ---------  --------  ----------  --------------  -------------------
/opt/airflow/dags/nyc_taxi_ingest.py                           1           0  0.94s           2026-08-15T23:33:01
================================================================================
[2026-08-15T23:34:00.339+0000] {manager.py:878} INFO - 
================================================================================
DAG File Processing Stats

File Path                             PID    Runtime      # DAGs    # Errors  Last Runtime    Last Run
------------------------------------  -----  ---------  --------  ----------  --------------  -------------------
/opt/airflow/dags/nyc_taxi_ingest.py                           1           0  0.72s           2026-08-15T23:33:32
================================================================================
[2026-08-15T23:34:30.643+0000] {manager.py:878} INFO - 
================================================================================
DAG File Processing Stats

File Path                             PID    Runtime      # DAGs    # Errors  Last Runtime    Last Run
------------------------------------  -----  ---------  --------  ----------  --------------  -------------------
/opt/airflow/dags/nyc_taxi_ingest.py                           1           0  0.84s           2026-08-15T23:34:03
================================================================================
[2026-08-15T23:35:00.796+0000] {manager.py:878} INFO - 
================================================================================
DAG File Processing Stats

File Path                             PID    Runtime      # DAGs    # Errors  Last Runtime    Last Run
------------------------------------  -----  ---------  --------  ----------  --------------  -------------------
/opt/airflow/dags/nyc_taxi_ingest.py                           1           0  0.82s           2026-08-15T23:34:34
================================================================================
[2026-08-15T23:35:31.096+0000] {manager.py:878} INFO - 
================================================================================
DAG File Processing Stats

File Path                             PID    Runtime      # DAGs    # Errors  Last Runtime    Last Run
------------------------------------  -----  ---------  --------  ----------  --------------  -------------------
/opt/airflow/dags/nyc_taxi_ingest.py                           1           0  0.89s           2026-08-15T23:35:05
================================================================================
[2026-08-15T23:36:01.350+0000] {manager.py:878} INFO - 
================================================================================
DAG File Processing Stats

File Path                             PID    Runtime      # DAGs    # Errors  Last Runtime    Last Run
------------------------------------  -----  ---------  --------  ----------  --------------  -------------------
/opt/airflow/dags/nyc_taxi_ingest.py                           1           0  0.92s           2026-08-15T23:35:37
================================================================================
[2026-08-15T23:36:11.685+0000] {manager.py:737} INFO - Searching for files in /opt/airflow/dags
[2026-08-15T23:36:11.745+0000] {manager.py:740} INFO - There are 1 files in /opt/airflow/dags
[2026-08-15T23:36:31.530+0000] {manager.py:878} INFO - 
================================================================================
DAG File Processing Stats

File Path                             PID    Runtime      # DAGs    # Errors  Last Runtime    Last Run
------------------------------------  -----  ---------  --------  ----------  --------------  -------------------
/opt/airflow/dags/nyc_taxi_ingest.py                           1           0  0.86s           2026-08-15T23:36:08
================================================================================
[2026-08-15T23:37:01.631+0000] {manager.py:878} INFO - 
================================================================================
DAG File Processing Stats

File Path                             PID    Runtime      # DAGs    # Errors  Last Runtime    Last Run
------------------------------------  -----  ---------  --------  ----------  --------------  -------------------
/opt/airflow/dags/nyc_taxi_ingest.py                           1           0  0.79s           2026-08-15T23:36:39
================================================================================
[2026-08-15T23:37:32.516+0000] {manager.py:878} INFO - 
================================================================================
DAG File Processing Stats

File Path                             PID    Runtime      # DAGs    # Errors  Last Runtime    Last Run
------------------------------------  -----  ---------  --------  ----------  --------------  -------------------
/opt/airflow/dags/nyc_taxi_ingest.py                           1           0  0.63s           2026-08-15T23:37:10
================================================================================
[2026-08-15T23:38:02.525+0000] {manager.py:878} INFO - 
================================================================================
DAG File Processing Stats

File Path                             PID    Runtime      # DAGs    # Errors  Last Runtime    Last Run
------------------------------------  -----  ---------  --------  ----------  --------------  -------------------
/opt/airflow/dags/nyc_taxi_ingest.py                           1           0  0.71s           2026-08-15T23:37:41
================================================================================
[2026-08-15T23:38:32.553+0000] {manager.py:878} INFO - 
================================================================================
DAG File Processing Stats

File Path                             PID    Runtime      # DAGs    # Errors  Last Runtime    Last Run
------------------------------------  -----  ---------  --------  ----------  --------------  -------------------
/opt/airflow/dags/nyc_taxi_ingest.py                           1           0  0.74s           2026-08-15T23:38:12
================================================================================
[2026-08-15T23:39:03.499+0000] {manager.py:878} INFO - 
================================================================================
DAG File Processing Stats

File Path                             PID    Runtime      # DAGs    # Errors  Last Runtime    Last Run
------------------------------------  -----  ---------  --------  ----------  --------------  -------------------
/opt/airflow/dags/nyc_taxi_ingest.py                           1           0  0.67s           2026-08-15T23:38:43
================================================================================
[2026-08-15T23:39:33.851+0000] {manager.py:878} INFO - 
================================================================================
DAG File Processing Stats

File Path                             PID    Runtime      # DAGs    # Errors  Last Runtime    Last Run
------------------------------------  -----  ---------  --------  ----------  --------------  -------------------
/opt/airflow/dags/nyc_taxi_ingest.py                           1           0  1.36s           2026-08-15T23:39:14
================================================================================
[2026-08-15T23:40:04.173+0000] {manager.py:878} INFO - 
================================================================================
DAG File Processing Stats

File Path                             PID    Runtime      # DAGs    # Errors  Last Runtime    Last Run
------------------------------------  -----  ---------  --------  ----------  --------------  -------------------
/opt/airflow/dags/nyc_taxi_ingest.py                           1           0  0.82s           2026-08-15T23:39:46
================================================================================
[2026-08-15T23:40:34.527+0000] {manager.py:878} INFO - 
================================================================================
DAG File Processing Stats

File Path                             PID    Runtime      # DAGs    # Errors  Last Runtime    Last Run
------------------------------------  -----  ---------  --------  ----------  --------------  -------------------
/opt/airflow/dags/nyc_taxi_ingest.py                           1           0  1.18s           2026-08-15T23:40:17
================================================================================
[2026-08-15T23:41:04.630+0000] {manager.py:878} INFO - 
================================================================================
DAG File Processing Stats

File Path                             PID    Runtime      # DAGs    # Errors  Last Runtime    Last Run
------------------------------------  -----  ---------  --------  ----------  --------------  -------------------
/opt/airflow/dags/nyc_taxi_ingest.py                           1           0  0.80s           2026-08-15T23:40:48
================================================================================
[2026-08-15T23:41:11.693+0000] {manager.py:737} INFO - Searching for files in /opt/airflow/dags
[2026-08-15T23:41:11.763+0000] {manager.py:740} INFO - There are 1 files in /opt/airflow/dags
[2026-08-15T23:41:35.201+0000] {manager.py:878} INFO - 
================================================================================
DAG File Processing Stats

File Path                             PID    Runtime      # DAGs    # Errors  Last Runtime    Last Run
------------------------------------  -----  ---------  --------  ----------  --------------  -------------------
/opt/airflow/dags/nyc_taxi_ingest.py                           1           0  1.46s           2026-08-15T23:41:20
================================================================================
[2026-08-15T23:42:05.757+0000] {manager.py:878} INFO - 
================================================================================
DAG File Processing Stats

File Path                             PID    Runtime      # DAGs    # Errors  Last Runtime    Last Run
------------------------------------  -----  ---------  --------  ----------  --------------  -------------------
/opt/airflow/dags/nyc_taxi_ingest.py                           1           0  0.67s           2026-08-15T23:41:51
================================================================================
[2026-08-15T23:42:36.034+0000] {manager.py:878} INFO - 
================================================================================
DAG File Processing Stats

File Path                             PID    Runtime      # DAGs    # Errors  Last Runtime    Last Run
------------------------------------  -----  ---------  --------  ----------  --------------  -------------------
/opt/airflow/dags/nyc_taxi_ingest.py                           1           0  0.67s           2026-08-15T23:42:22
================================================================================
[2026-08-15T23:43:06.118+0000] {manager.py:878} INFO - 
================================================================================
DAG File Processing Stats

File Path                             PID    Runtime      # DAGs    # Errors  Last Runtime    Last Run
------------------------------------  -----  ---------  --------  ----------  --------------  -------------------
/opt/airflow/dags/nyc_taxi_ingest.py                           1           0  0.76s           2026-08-15T23:42:52
================================================================================
[2026-08-15T23:43:36.237+0000] {manager.py:878} INFO - 
================================================================================
DAG File Processing Stats

File Path                             PID    Runtime      # DAGs    # Errors  Last Runtime    Last Run
------------------------------------  -----  ---------  --------  ----------  --------------  -------------------
/opt/airflow/dags/nyc_taxi_ingest.py                           1           0  0.84s           2026-08-15T23:43:24
================================================================================
[2026-08-15T23:44:06.301+0000] {manager.py:878} INFO - 
================================================================================
DAG File Processing Stats

File Path                             PID    Runtime      # DAGs    # Errors  Last Runtime    Last Run
------------------------------------  -----  ---------  --------  ----------  --------------  -------------------
/opt/airflow/dags/nyc_taxi_ingest.py                           1           0  0.78s           2026-08-15T23:43:55
================================================================================
[2026-08-15T23:44:36.661+0000] {manager.py:878} INFO - 
================================================================================
DAG File Processing Stats

File Path                             PID    Runtime      # DAGs    # Errors  Last Runtime    Last Run
------------------------------------  -----  ---------  --------  ----------  --------------  -------------------
/opt/airflow/dags/nyc_taxi_ingest.py                           1           0  1.27s           2026-08-15T23:44:26
================================================================================
[2026-08-15T23:45:06.792+0000] {manager.py:878} INFO - 
================================================================================
DAG File Processing Stats

File Path                             PID    Runtime      # DAGs    # Errors  Last Runtime    Last Run
------------------------------------  -----  ---------  --------  ----------  --------------  -------------------
/opt/airflow/dags/nyc_taxi_ingest.py                           1           0  0.82s           2026-08-15T23:44:57
================================================================================
[2026-08-15T23:45:37.447+0000] {manager.py:878} INFO - 
================================================================================
DAG File Processing Stats

File Path                             PID    Runtime      # DAGs    # Errors  Last Runtime    Last Run
------------------------------------  -----  ---------  --------  ----------  --------------  -------------------
/opt/airflow/dags/nyc_taxi_ingest.py                           1           0  0.70s           2026-08-15T23:45:28
================================================================================
[2026-08-15T23:46:07.741+0000] {manager.py:878} INFO - 
================================================================================
DAG File Processing Stats

File Path                             PID    Runtime      # DAGs    # Errors  Last Runtime    Last Run
------------------------------------  -----  ---------  --------  ----------  --------------  -------------------
/opt/airflow/dags/nyc_taxi_ingest.py                           1           0  0.76s           2026-08-15T23:45:59
================================================================================
[2026-08-15T23:46:11.828+0000] {manager.py:737} INFO - Searching for files in /opt/airflow/dags
[2026-08-15T23:46:11.897+0000] {manager.py:740} INFO - There are 1 files in /opt/airflow/dags
[2026-08-15T23:46:37.919+0000] {manager.py:878} INFO - 
================================================================================
DAG File Processing Stats

File Path                             PID    Runtime      # DAGs    # Errors  Last Runtime    Last Run
------------------------------------  -----  ---------  --------  ----------  --------------  -------------------
/opt/airflow/dags/nyc_taxi_ingest.py                           1           0  0.75s           2026-08-15T23:46:30
================================================================================
[2026-08-15T23:47:08.005+0000] {manager.py:878} INFO - 
================================================================================
DAG File Processing Stats

File Path                             PID    Runtime      # DAGs    # Errors  Last Runtime    Last Run
------------------------------------  -----  ---------  --------  ----------  --------------  -------------------
/opt/airflow/dags/nyc_taxi_ingest.py                           1           0  0.79s           2026-08-15T23:47:01
================================================================================
[2026-08-15T23:47:38.017+0000] {manager.py:878} INFO - 
================================================================================
DAG File Processing Stats

File Path                             PID    Runtime      # DAGs    # Errors  Last Runtime    Last Run
------------------------------------  -----  ---------  --------  ----------  --------------  -------------------
/opt/airflow/dags/nyc_taxi_ingest.py                           1           0  0.73s           2026-08-15T23:47:32
================================================================================
[2026-08-15T23:48:08.308+0000] {manager.py:878} INFO - 
================================================================================
DAG File Processing Stats

File Path                             PID    Runtime      # DAGs    # Errors  Last Runtime    Last Run
------------------------------------  -----  ---------  --------  ----------  --------------  -------------------
/opt/airflow/dags/nyc_taxi_ingest.py                           1           0  0.99s           2026-08-15T23:48:04
================================================================================
[2026-08-15T23:48:38.586+0000] {manager.py:878} INFO - 
================================================================================
DAG File Processing Stats

File Path                             PID    Runtime      # DAGs    # Errors  Last Runtime    Last Run
------------------------------------  -----  ---------  --------  ----------  --------------  -------------------
/opt/airflow/dags/nyc_taxi_ingest.py                           1           0  1.27s           2026-08-15T23:48:35
================================================================================
[2026-08-15T23:49:08.668+0000] {manager.py:878} INFO - 
================================================================================
DAG File Processing Stats

File Path                             PID    Runtime      # DAGs    # Errors  Last Runtime    Last Run
------------------------------------  -----  ---------  --------  ----------  --------------  -------------------
/opt/airflow/dags/nyc_taxi_ingest.py                           1           0  0.76s           2026-08-15T23:49:06
================================================================================
[2026-08-15T23:49:38.798+0000] {manager.py:878} INFO - 
================================================================================
DAG File Processing Stats

File Path                             PID    Runtime      # DAGs    # Errors  Last Runtime    Last Run
------------------------------------  -----  ---------  --------  ----------  --------------  -------------------
/opt/airflow/dags/nyc_taxi_ingest.py                           1           0  0.82s           2026-08-15T23:49:37
================================================================================
[2026-08-15T23:50:09.088+0000] {manager.py:878} INFO - 
================================================================================
DAG File Processing Stats

File Path                             PID    Runtime      # DAGs    # Errors  Last Runtime    Last Run
------------------------------------  -----  ---------  --------  ----------  --------------  -------------------
/opt/airflow/dags/nyc_taxi_ingest.py                           1           0  0.79s           2026-08-15T23:50:08
================================================================================
[2026-08-15T23:50:39.359+0000] {manager.py:878} INFO - 
================================================================================
DAG File Processing Stats

File Path                               PID  Runtime      # DAGs    # Errors  Last Runtime    Last Run
------------------------------------  -----  ---------  --------  ----------  --------------  -------------------
/opt/airflow/dags/nyc_taxi_ingest.py    692  0.45s             1           0  0.79s           2026-08-15T23:50:08
================================================================================
[2026-08-15T23:51:10.256+0000] {manager.py:878} INFO - 
================================================================================
DAG File Processing Stats

File Path                               PID  Runtime      # DAGs    # Errors  Last Runtime    Last Run
------------------------------------  -----  ---------  --------  ----------  --------------  -------------------
/opt/airflow/dags/nyc_taxi_ingest.py    694  0.01s             1           0  1.02s           2026-08-15T23:50:39
================================================================================
[2026-08-15T23:51:12.293+0000] {manager.py:737} INFO - Searching for files in /opt/airflow/dags
[2026-08-15T23:51:12.369+0000] {manager.py:740} INFO - There are 1 files in /opt/airflow/dags
[2026-08-15T23:51:40.663+0000] {manager.py:878} INFO - 
================================================================================
DAG File Processing Stats

File Path                             PID    Runtime      # DAGs    # Errors  Last Runtime    Last Run
------------------------------------  -----  ---------  --------  ----------  --------------  -------------------
/opt/airflow/dags/nyc_taxi_ingest.py                           1           0  1.18s           2026-08-15T23:51:11
================================================================================
[2026-08-15T23:52:10.707+0000] {manager.py:878} INFO - 
================================================================================
DAG File Processing Stats

File Path                             PID    Runtime      # DAGs    # Errors  Last Runtime    Last Run
------------------------------------  -----  ---------  --------  ----------  --------------  -------------------
/opt/airflow/dags/nyc_taxi_ingest.py                           1           0  0.73s           2026-08-15T23:51:42
================================================================================
[2026-08-15T23:52:41.204+0000] {manager.py:878} INFO - 
================================================================================
DAG File Processing Stats

File Path                             PID    Runtime      # DAGs    # Errors  Last Runtime    Last Run
------------------------------------  -----  ---------  --------  ----------  --------------  -------------------
/opt/airflow/dags/nyc_taxi_ingest.py                           1           0  0.67s           2026-08-15T23:52:13
================================================================================
[2026-08-15T23:53:11.206+0000] {manager.py:878} INFO - 
================================================================================
DAG File Processing Stats

File Path                             PID    Runtime      # DAGs    # Errors  Last Runtime    Last Run
------------------------------------  -----  ---------  --------  ----------  --------------  -------------------
/opt/airflow/dags/nyc_taxi_ingest.py                           1           0  1.27s           2026-08-15T23:52:44
================================================================================
[2026-08-15T23:53:41.533+0000] {manager.py:878} INFO - 
================================================================================
DAG File Processing Stats

File Path                             PID    Runtime      # DAGs    # Errors  Last Runtime    Last Run
------------------------------------  -----  ---------  --------  ----------  --------------  -------------------
/opt/airflow/dags/nyc_taxi_ingest.py                           1           0  0.73s           2026-08-15T23:53:15
================================================================================
[2026-08-15T23:54:11.837+0000] {manager.py:878} INFO - 
================================================================================
DAG File Processing Stats

File Path                             PID    Runtime      # DAGs    # Errors  Last Runtime    Last Run
------------------------------------  -----  ---------  --------  ----------  --------------  -------------------
/opt/airflow/dags/nyc_taxi_ingest.py                           1           0  0.74s           2026-08-15T23:53:46
================================================================================
[2026-08-15T23:54:41.929+0000] {manager.py:878} INFO - 
================================================================================
DAG File Processing Stats

File Path                             PID    Runtime      # DAGs    # Errors  Last Runtime    Last Run
------------------------------------  -----  ---------  --------  ----------  --------------  -------------------
/opt/airflow/dags/nyc_taxi_ingest.py                           1           0  0.81s           2026-08-15T23:54:17
================================================================================
[2026-08-15T23:55:12.093+0000] {manager.py:878} INFO - 
================================================================================
DAG File Processing Stats

File Path                             PID    Runtime      # DAGs    # Errors  Last Runtime    Last Run
------------------------------------  -----  ---------  --------  ----------  --------------  -------------------
/opt/airflow/dags/nyc_taxi_ingest.py                           1           0  0.85s           2026-08-15T23:54:48
================================================================================
[2026-08-15T23:55:42.825+0000] {manager.py:878} INFO - 
================================================================================
DAG File Processing Stats

File Path                             PID    Runtime      # DAGs    # Errors  Last Runtime    Last Run
------------------------------------  -----  ---------  --------  ----------  --------------  -------------------
/opt/airflow/dags/nyc_taxi_ingest.py                           1           0  0.70s           2026-08-15T23:55:19
================================================================================
[2026-08-15T23:56:12.528+0000] {manager.py:737} INFO - Searching for files in /opt/airflow/dags
[2026-08-15T23:56:12.587+0000] {manager.py:740} INFO - There are 1 files in /opt/airflow/dags
[2026-08-15T23:56:13.190+0000] {manager.py:878} INFO - 
================================================================================
DAG File Processing Stats

File Path                             PID    Runtime      # DAGs    # Errors  Last Runtime    Last Run
------------------------------------  -----  ---------  --------  ----------  --------------  -------------------
/opt/airflow/dags/nyc_taxi_ingest.py                           1           0  0.68s           2026-08-15T23:55:50
================================================================================
[2026-08-15T23:56:43.889+0000] {manager.py:878} INFO - 
================================================================================
DAG File Processing Stats

File Path                             PID    Runtime      # DAGs    # Errors  Last Runtime    Last Run
------------------------------------  -----  ---------  --------  ----------  --------------  -------------------
/opt/airflow/dags/nyc_taxi_ingest.py                           1           0  0.54s           2026-08-15T23:56:21
================================================================================
[2026-08-15T23:57:14.319+0000] {manager.py:878} INFO - 
================================================================================
DAG File Processing Stats

File Path                             PID    Runtime      # DAGs    # Errors  Last Runtime    Last Run
------------------------------------  -----  ---------  --------  ----------  --------------  -------------------
/opt/airflow/dags/nyc_taxi_ingest.py                           1           0  0.55s           2026-08-15T23:56:52
================================================================================
[2026-08-15T23:57:44.511+0000] {manager.py:878} INFO - 
================================================================================
DAG File Processing Stats

File Path                             PID    Runtime      # DAGs    # Errors  Last Runtime    Last Run
------------------------------------  -----  ---------  --------  ----------  --------------  -------------------
/opt/airflow/dags/nyc_taxi_ingest.py                           1           0  0.49s           2026-08-15T23:57:23
================================================================================
[2026-08-15T23:58:15.300+0000] {manager.py:878} INFO - 
================================================================================
DAG File Processing Stats

File Path                             PID    Runtime      # DAGs    # Errors  Last Runtime    Last Run
------------------------------------  -----  ---------  --------  ----------  --------------  -------------------
/opt/airflow/dags/nyc_taxi_ingest.py                           1           0  0.52s           2026-08-15T23:57:54
================================================================================
[2026-08-15T23:58:45.593+0000] {manager.py:878} INFO - 
================================================================================
DAG File Processing Stats

File Path                             PID    Runtime      # DAGs    # Errors  Last Runtime    Last Run
------------------------------------  -----  ---------  --------  ----------  --------------  -------------------
/opt/airflow/dags/nyc_taxi_ingest.py                           1           0  0.63s           2026-08-15T23:58:25
================================================================================
[2026-08-15T23:59:15.866+0000] {manager.py:878} INFO - 
================================================================================
DAG File Processing Stats

File Path                             PID    Runtime      # DAGs    # Errors  Last Runtime    Last Run
------------------------------------  -----  ---------  --------  ----------  --------------  -------------------
/opt/airflow/dags/nyc_taxi_ingest.py                           1           0  0.58s           2026-08-15T23:58:55
================================================================================
[2026-08-15T23:59:46.359+0000] {manager.py:878} INFO - 
================================================================================
DAG File Processing Stats

File Path                             PID    Runtime      # DAGs    # Errors  Last Runtime    Last Run
------------------------------------  -----  ---------  --------  ----------  --------------  -------------------
/opt/airflow/dags/nyc_taxi_ingest.py                           1           0  0.56s           2026-08-15T23:59:26
================================================================================
[2026-08-16T00:00:16.608+0000] {manager.py:878} INFO - 
================================================================================
DAG File Processing Stats

File Path                             PID    Runtime      # DAGs    # Errors  Last Runtime    Last Run
------------------------------------  -----  ---------  --------  ----------  --------------  -------------------
/opt/airflow/dags/nyc_taxi_ingest.py                           1           0  0.58s           2026-08-15T23:59:57
================================================================================
[2026-08-16T00:00:47.316+0000] {manager.py:878} INFO - 
================================================================================
DAG File Processing Stats

File Path                             PID    Runtime      # DAGs    # Errors  Last Runtime    Last Run
------------------------------------  -----  ---------  --------  ----------  --------------  -------------------
/opt/airflow/dags/nyc_taxi_ingest.py                           1           0  0.54s           2026-08-16T00:00:28
================================================================================
[2026-08-16T00:01:12.653+0000] {manager.py:737} INFO - Searching for files in /opt/airflow/dags
[2026-08-16T00:01:12.716+0000] {manager.py:740} INFO - There are 1 files in /opt/airflow/dags
[2026-08-16T00:01:17.775+0000] {manager.py:878} INFO - 
================================================================================
DAG File Processing Stats

File Path                             PID    Runtime      # DAGs    # Errors  Last Runtime    Last Run
------------------------------------  -----  ---------  --------  ----------  --------------  -------------------
/opt/airflow/dags/nyc_taxi_ingest.py                           1           0  0.56s           2026-08-16T00:00:59
================================================================================
[2026-08-16T00:01:48.025+0000] {manager.py:878} INFO - 
================================================================================
DAG File Processing Stats

File Path                             PID    Runtime      # DAGs    # Errors  Last Runtime    Last Run
------------------------------------  -----  ---------  --------  ----------  --------------  -------------------
/opt/airflow/dags/nyc_taxi_ingest.py                           1           0  0.53s           2026-08-16T00:01:29
================================================================================
[2026-08-16T00:02:18.744+0000] {manager.py:878} INFO - 
================================================================================
DAG File Processing Stats

File Path                             PID    Runtime      # DAGs    # Errors  Last Runtime    Last Run
------------------------------------  -----  ---------  --------  ----------  --------------  -------------------
/opt/airflow/dags/nyc_taxi_ingest.py                           1           0  0.52s           2026-08-16T00:02:00
================================================================================
[2026-08-16T00:12:05.298+0000] {manager.py:737} INFO - Searching for files in /opt/airflow/dags
[2026-08-16T00:12:09.292+0000] {manager.py:740} INFO - There are 1 files in /opt/airflow/dags
[2026-08-16T00:12:27.819+0000] {manager.py:878} INFO - 
================================================================================
DAG File Processing Stats

File Path                             PID    Runtime      # DAGs    # Errors  Last Runtime    Last Run
------------------------------------  -----  ---------  --------  ----------  --------------  -------------------
/opt/airflow/dags/nyc_taxi_ingest.py                           1           0  2.18s           2026-08-16T00:12:11
================================================================================
[2026-08-16T00:12:57.926+0000] {manager.py:878} INFO - 
================================================================================
DAG File Processing Stats

File Path                             PID    Runtime      # DAGs    # Errors  Last Runtime    Last Run
------------------------------------  -----  ---------  --------  ----------  --------------  -------------------
/opt/airflow/dags/nyc_taxi_ingest.py                           1           0  0.85s           2026-08-16T00:12:42
================================================================================
[2026-08-16T00:13:28.394+0000] {manager.py:878} INFO - 
================================================================================
DAG File Processing Stats

File Path                             PID    Runtime      # DAGs    # Errors  Last Runtime    Last Run
------------------------------------  -----  ---------  --------  ----------  --------------  -------------------
/opt/airflow/dags/nyc_taxi_ingest.py                           1           0  0.53s           2026-08-16T00:13:13
================================================================================
[2026-08-16T00:13:58.699+0000] {manager.py:878} INFO - 
================================================================================
DAG File Processing Stats

File Path                             PID    Runtime      # DAGs    # Errors  Last Runtime    Last Run
------------------------------------  -----  ---------  --------  ----------  --------------  -------------------
/opt/airflow/dags/nyc_taxi_ingest.py                           1           0  0.65s           2026-08-16T00:13:44
================================================================================
[2026-08-16T00:14:28.994+0000] {manager.py:878} INFO - 
================================================================================
DAG File Processing Stats

File Path                             PID    Runtime      # DAGs    # Errors  Last Runtime    Last Run
------------------------------------  -----  ---------  --------  ----------  --------------  -------------------
/opt/airflow/dags/nyc_taxi_ingest.py                           1           0  0.61s           2026-08-16T00:14:15
================================================================================
[2026-08-16T00:14:59.263+0000] {manager.py:878} INFO - 
================================================================================
DAG File Processing Stats

File Path                             PID    Runtime      # DAGs    # Errors  Last Runtime    Last Run
------------------------------------  -----  ---------  --------  ----------  --------------  -------------------
/opt/airflow/dags/nyc_taxi_ingest.py                           1           0  0.58s           2026-08-16T00:14:46
================================================================================
[2026-08-16T00:15:29.714+0000] {manager.py:878} INFO - 
================================================================================
DAG File Processing Stats

File Path                             PID    Runtime      # DAGs    # Errors  Last Runtime    Last Run
------------------------------------  -----  ---------  --------  ----------  --------------  -------------------
/opt/airflow/dags/nyc_taxi_ingest.py                           1           0  0.64s           2026-08-16T00:15:17
================================================================================
[2026-08-16T00:15:59.996+0000] {manager.py:878} INFO - 
================================================================================
DAG File Processing Stats

File Path                             PID    Runtime      # DAGs    # Errors  Last Runtime    Last Run
------------------------------------  -----  ---------  --------  ----------  --------------  -------------------
/opt/airflow/dags/nyc_taxi_ingest.py                           1           0  0.53s           2026-08-16T00:15:47
================================================================================
[2026-08-16T00:16:30.316+0000] {manager.py:878} INFO - 
================================================================================
DAG File Processing Stats

File Path                             PID    Runtime      # DAGs    # Errors  Last Runtime    Last Run
------------------------------------  -----  ---------  --------  ----------  --------------  -------------------
/opt/airflow/dags/nyc_taxi_ingest.py                           1           0  0.50s           2026-08-16T00:16:18
================================================================================
[2026-08-16T00:17:00.588+0000] {manager.py:878} INFO - 
================================================================================
DAG File Processing Stats

File Path                             PID    Runtime      # DAGs    # Errors  Last Runtime    Last Run
------------------------------------  -----  ---------  --------  ----------  --------------  -------------------
/opt/airflow/dags/nyc_taxi_ingest.py                           1           0  0.50s           2026-08-16T00:16:49
================================================================================
[2026-08-16T00:17:05.637+0000] {manager.py:737} INFO - Searching for files in /opt/airflow/dags
[2026-08-16T00:17:05.704+0000] {manager.py:740} INFO - There are 1 files in /opt/airflow/dags
[2026-08-16T00:17:31.016+0000] {manager.py:878} INFO - 
================================================================================
DAG File Processing Stats

File Path                             PID    Runtime      # DAGs    # Errors  Last Runtime    Last Run
------------------------------------  -----  ---------  --------  ----------  --------------  -------------------
/opt/airflow/dags/nyc_taxi_ingest.py                           1           0  0.55s           2026-08-16T00:17:20
================================================================================
[2026-08-16T00:18:01.338+0000] {manager.py:878} INFO - 
================================================================================
DAG File Processing Stats

File Path                             PID    Runtime      # DAGs    # Errors  Last Runtime    Last Run
------------------------------------  -----  ---------  --------  ----------  --------------  -------------------
/opt/airflow/dags/nyc_taxi_ingest.py                           1           0  0.61s           2026-08-16T00:17:51
================================================================================
[2026-08-16T00:18:31.690+0000] {manager.py:878} INFO - 
================================================================================
DAG File Processing Stats

File Path                             PID    Runtime      # DAGs    # Errors  Last Runtime    Last Run
------------------------------------  -----  ---------  --------  ----------  --------------  -------------------
/opt/airflow/dags/nyc_taxi_ingest.py                           1           0  0.63s           2026-08-16T00:18:22
================================================================================
[2026-08-16T00:19:01.960+0000] {manager.py:878} INFO - 
================================================================================
DAG File Processing Stats

File Path                             PID    Runtime      # DAGs    # Errors  Last Runtime    Last Run
------------------------------------  -----  ---------  --------  ----------  --------------  -------------------
/opt/airflow/dags/nyc_taxi_ingest.py                           1           0  0.65s           2026-08-16T00:18:53
================================================================================
[2026-08-16T00:19:32.269+0000] {manager.py:878} INFO - 
================================================================================
DAG File Processing Stats

File Path                             PID    Runtime      # DAGs    # Errors  Last Runtime    Last Run
------------------------------------  -----  ---------  --------  ----------  --------------  -------------------
/opt/airflow/dags/nyc_taxi_ingest.py                           1           0  1.01s           2026-08-16T00:19:24
================================================================================
[2026-08-16T00:20:02.742+0000] {manager.py:878} INFO - 
================================================================================
DAG File Processing Stats

File Path                             PID    Runtime      # DAGs    # Errors  Last Runtime    Last Run
------------------------------------  -----  ---------  --------  ----------  --------------  -------------------
/opt/airflow/dags/nyc_taxi_ingest.py                           1           0  0.52s           2026-08-16T00:19:55
================================================================================
[2026-08-16T00:20:32.908+0000] {manager.py:878} INFO - 
================================================================================
DAG File Processing Stats

File Path                             PID    Runtime      # DAGs    # Errors  Last Runtime    Last Run
------------------------------------  -----  ---------  --------  ----------  --------------  -------------------
/opt/airflow/dags/nyc_taxi_ingest.py                           1           0  0.53s           2026-08-16T00:20:25
================================================================================
[2026-08-16T00:21:03.660+0000] {manager.py:878} INFO - 
================================================================================
DAG File Processing Stats

File Path                             PID    Runtime      # DAGs    # Errors  Last Runtime    Last Run
------------------------------------  -----  ---------  --------  ----------  --------------  -------------------
/opt/airflow/dags/nyc_taxi_ingest.py                           1           0  0.56s           2026-08-16T00:20:56
================================================================================
[2026-08-16T00:21:34.048+0000] {manager.py:878} INFO - 
================================================================================
DAG File Processing Stats

File Path                             PID    Runtime      # DAGs    # Errors  Last Runtime    Last Run
------------------------------------  -----  ---------  --------  ----------  --------------  -------------------
/opt/airflow/dags/nyc_taxi_ingest.py                           1           0  0.62s           2026-08-16T00:21:27
================================================================================
[2026-08-16T00:22:04.390+0000] {manager.py:878} INFO - 
================================================================================
DAG File Processing Stats

File Path                             PID    Runtime      # DAGs    # Errors  Last Runtime    Last Run
------------------------------------  -----  ---------  --------  ----------  --------------  -------------------
/opt/airflow/dags/nyc_taxi_ingest.py                           1           0  0.60s           2026-08-16T00:21:58
================================================================================
[2026-08-16T00:22:06.410+0000] {manager.py:737} INFO - Searching for files in /opt/airflow/dags
[2026-08-16T00:22:06.479+0000] {manager.py:740} INFO - There are 1 files in /opt/airflow/dags
[2026-08-16T00:22:34.838+0000] {manager.py:878} INFO - 
================================================================================
DAG File Processing Stats

File Path                             PID    Runtime      # DAGs    # Errors  Last Runtime    Last Run
------------------------------------  -----  ---------  --------  ----------  --------------  -------------------
/opt/airflow/dags/nyc_taxi_ingest.py                           1           0  0.58s           2026-08-16T00:22:29
================================================================================
[2026-08-16T00:23:04.878+0000] {manager.py:878} INFO - 
================================================================================
DAG File Processing Stats

File Path                             PID    Runtime      # DAGs    # Errors  Last Runtime    Last Run
------------------------------------  -----  ---------  --------  ----------  --------------  -------------------
/opt/airflow/dags/nyc_taxi_ingest.py                           1           0  0.95s           2026-08-16T00:23:00
================================================================================
[2026-08-16T00:23:35.454+0000] {manager.py:878} INFO - 
================================================================================
DAG File Processing Stats

File Path                             PID    Runtime      # DAGs    # Errors  Last Runtime    Last Run
------------------------------------  -----  ---------  --------  ----------  --------------  -------------------
/opt/airflow/dags/nyc_taxi_ingest.py                           1           0  0.50s           2026-08-16T00:23:31
================================================================================
[2026-08-16T00:24:05.969+0000] {manager.py:878} INFO - 
================================================================================
DAG File Processing Stats

File Path                             PID    Runtime      # DAGs    # Errors  Last Runtime    Last Run
------------------------------------  -----  ---------  --------  ----------  --------------  -------------------
/opt/airflow/dags/nyc_taxi_ingest.py                           1           0  0.62s           2026-08-16T00:24:02
================================================================================
[2026-08-16T00:24:36.226+0000] {manager.py:878} INFO - 
================================================================================
DAG File Processing Stats

File Path                             PID    Runtime      # DAGs    # Errors  Last Runtime    Last Run
------------------------------------  -----  ---------  --------  ----------  --------------  -------------------
/opt/airflow/dags/nyc_taxi_ingest.py                           1           0  0.57s           2026-08-16T00:24:33
================================================================================
[2026-08-16T00:25:06.934+0000] {manager.py:878} INFO - 
================================================================================
DAG File Processing Stats

File Path                             PID    Runtime      # DAGs    # Errors  Last Runtime    Last Run
------------------------------------  -----  ---------  --------  ----------  --------------  -------------------
/opt/airflow/dags/nyc_taxi_ingest.py                           1           0  0.58s           2026-08-16T00:25:04
================================================================================
[2026-08-16T00:25:37.371+0000] {manager.py:878} INFO - 
================================================================================
DAG File Processing Stats

File Path                             PID    Runtime      # DAGs    # Errors  Last Runtime    Last Run
------------------------------------  -----  ---------  --------  ----------  --------------  -------------------
/opt/airflow/dags/nyc_taxi_ingest.py                           1           0  0.61s           2026-08-16T00:25:34
================================================================================
[2026-08-16T00:26:07.664+0000] {manager.py:878} INFO - 
================================================================================
DAG File Processing Stats

File Path                             PID    Runtime      # DAGs    # Errors  Last Runtime    Last Run
------------------------------------  -----  ---------  --------  ----------  --------------  -------------------
/opt/airflow/dags/nyc_taxi_ingest.py                           1           0  0.67s           2026-08-16T00:26:05
================================================================================
[2026-08-16T00:26:37.900+0000] {manager.py:878} INFO - 
================================================================================
DAG File Processing Stats

File Path                             PID    Runtime      # DAGs    # Errors  Last Runtime    Last Run
------------------------------------  -----  ---------  --------  ----------  --------------  -------------------
/opt/airflow/dags/nyc_taxi_ingest.py                           1           0  0.91s           2026-08-16T00:26:36
================================================================================
[2026-08-16T00:27:07.148+0000] {manager.py:737} INFO - Searching for files in /opt/airflow/dags
[2026-08-16T00:27:07.187+0000] {manager.py:740} INFO - There are 1 files in /opt/airflow/dags
[2026-08-16T00:27:08.310+0000] {manager.py:878} INFO - 
================================================================================
DAG File Processing Stats

File Path                             PID    Runtime      # DAGs    # Errors  Last Runtime    Last Run
------------------------------------  -----  ---------  --------  ----------  --------------  -------------------
/opt/airflow/dags/nyc_taxi_ingest.py                           1           0  0.48s           2026-08-16T00:27:07
================================================================================
[2026-08-16T00:27:38.442+0000] {manager.py:878} INFO - 
================================================================================
DAG File Processing Stats

File Path                             PID    Runtime      # DAGs    # Errors  Last Runtime    Last Run
------------------------------------  -----  ---------  --------  ----------  --------------  -------------------
/opt/airflow/dags/nyc_taxi_ingest.py                           1           0  0.47s           2026-08-16T00:27:38
================================================================================
[2026-08-16T00:28:08.752+0000] {manager.py:878} INFO - 
================================================================================
DAG File Processing Stats

File Path                               PID  Runtime      # DAGs    # Errors  Last Runtime    Last Run
------------------------------------  -----  ---------  --------  ----------  --------------  -------------------
/opt/airflow/dags/nyc_taxi_ingest.py    800  0.02s             1           0  0.47s           2026-08-16T00:27:38
================================================================================
[2026-08-16T00:28:38.815+0000] {manager.py:878} INFO - 
================================================================================
DAG File Processing Stats

File Path                             PID    Runtime      # DAGs    # Errors  Last Runtime    Last Run
------------------------------------  -----  ---------  --------  ----------  --------------  -------------------
/opt/airflow/dags/nyc_taxi_ingest.py                           1           0  0.85s           2026-08-16T00:28:09
================================================================================
[2026-08-16T00:29:09.073+0000] {manager.py:878} INFO - 
================================================================================
DAG File Processing Stats

File Path                             PID    Runtime      # DAGs    # Errors  Last Runtime    Last Run
------------------------------------  -----  ---------  --------  ----------  --------------  -------------------
/opt/airflow/dags/nyc_taxi_ingest.py                           1           0  0.51s           2026-08-16T00:28:40
================================================================================
[2026-08-16T00:29:39.336+0000] {manager.py:878} INFO - 
================================================================================
DAG File Processing Stats

File Path                             PID    Runtime      # DAGs    # Errors  Last Runtime    Last Run
------------------------------------  -----  ---------  --------  ----------  --------------  -------------------
/opt/airflow/dags/nyc_taxi_ingest.py                           1           0  0.54s           2026-08-16T00:29:11
================================================================================
[2026-08-16T00:30:09.629+0000] {manager.py:878} INFO - 
================================================================================
DAG File Processing Stats

File Path                             PID    Runtime      # DAGs    # Errors  Last Runtime    Last Run
------------------------------------  -----  ---------  --------  ----------  --------------  -------------------
/opt/airflow/dags/nyc_taxi_ingest.py                           1           0  0.67s           2026-08-16T00:29:42
================================================================================
[2026-08-16T00:30:39.852+0000] {manager.py:878} INFO - 
================================================================================
DAG File Processing Stats

File Path                             PID    Runtime      # DAGs    # Errors  Last Runtime    Last Run
------------------------------------  -----  ---------  --------  ----------  --------------  -------------------
/opt/airflow/dags/nyc_taxi_ingest.py                           1           0  0.86s           2026-08-16T00:30:13
================================================================================
[2026-08-16T00:31:10.146+0000] {manager.py:878} INFO - 
================================================================================
DAG File Processing Stats

File Path                             PID    Runtime      # DAGs    # Errors  Last Runtime    Last Run
------------------------------------  -----  ---------  --------  ----------  --------------  -------------------
/opt/airflow/dags/nyc_taxi_ingest.py                           1           0  0.60s           2026-08-16T00:30:44
================================================================================
[2026-08-16T00:31:40.508+0000] {manager.py:878} INFO - 
================================================================================
DAG File Processing Stats

File Path                             PID    Runtime      # DAGs    # Errors  Last Runtime    Last Run
------------------------------------  -----  ---------  --------  ----------  --------------  -------------------
/opt/airflow/dags/nyc_taxi_ingest.py                           1           0  0.51s           2026-08-16T00:31:14
================================================================================
[2026-08-16T00:32:07.707+0000] {manager.py:737} INFO - Searching for files in /opt/airflow/dags
[2026-08-16T00:32:07.744+0000] {manager.py:740} INFO - There are 1 files in /opt/airflow/dags
[2026-08-16T00:32:10.787+0000] {manager.py:878} INFO - 
================================================================================
DAG File Processing Stats

File Path                             PID    Runtime      # DAGs    # Errors  Last Runtime    Last Run
------------------------------------  -----  ---------  --------  ----------  --------------  -------------------
/opt/airflow/dags/nyc_taxi_ingest.py                           1           0  0.65s           2026-08-16T00:31:45
================================================================================
[2026-08-16T00:32:41.064+0000] {manager.py:878} INFO - 
================================================================================
DAG File Processing Stats

File Path                             PID    Runtime      # DAGs    # Errors  Last Runtime    Last Run
------------------------------------  -----  ---------  --------  ----------  --------------  -------------------
/opt/airflow/dags/nyc_taxi_ingest.py                           1           0  0.49s           2026-08-16T00:32:16
================================================================================
[2026-08-16T00:33:11.294+0000] {manager.py:878} INFO - 
================================================================================
DAG File Processing Stats

File Path                             PID    Runtime      # DAGs    # Errors  Last Runtime    Last Run
------------------------------------  -----  ---------  --------  ----------  --------------  -------------------
/opt/airflow/dags/nyc_taxi_ingest.py                           1           0  0.50s           2026-08-16T00:32:47
================================================================================
[2026-08-16T00:33:41.576+0000] {manager.py:878} INFO - 
================================================================================
DAG File Processing Stats

File Path                             PID    Runtime      # DAGs    # Errors  Last Runtime    Last Run
------------------------------------  -----  ---------  --------  ----------  --------------  -------------------
/opt/airflow/dags/nyc_taxi_ingest.py                           1           0  0.50s           2026-08-16T00:33:17
================================================================================
[2026-08-16T00:34:11.731+0000] {manager.py:878} INFO - 
================================================================================
DAG File Processing Stats

File Path                             PID    Runtime      # DAGs    # Errors  Last Runtime    Last Run
------------------------------------  -----  ---------  --------  ----------  --------------  -------------------
/opt/airflow/dags/nyc_taxi_ingest.py                           1           0  0.42s           2026-08-16T00:33:48
================================================================================
[2026-08-16T00:34:42.025+0000] {manager.py:878} INFO - 
================================================================================
DAG File Processing Stats

File Path                             PID    Runtime      # DAGs    # Errors  Last Runtime    Last Run
------------------------------------  -----  ---------  --------  ----------  --------------  -------------------
/opt/airflow/dags/nyc_taxi_ingest.py                           1           0  0.48s           2026-08-16T00:34:19
================================================================================
[2026-08-16T00:35:12.297+0000] {manager.py:878} INFO - 
================================================================================
DAG File Processing Stats

File Path                             PID    Runtime      # DAGs    # Errors  Last Runtime    Last Run
------------------------------------  -----  ---------  --------  ----------  --------------  -------------------
/opt/airflow/dags/nyc_taxi_ingest.py                           1           0  0.58s           2026-08-16T00:34:50
================================================================================
[2026-08-16T00:35:42.595+0000] {manager.py:878} INFO - 
================================================================================
DAG File Processing Stats

File Path                             PID    Runtime      # DAGs    # Errors  Last Runtime    Last Run
------------------------------------  -----  ---------  --------  ----------  --------------  -------------------
/opt/airflow/dags/nyc_taxi_ingest.py                           1           0  0.68s           2026-08-16T00:35:21
================================================================================
[2026-08-16T00:36:12.871+0000] {manager.py:878} INFO - 
================================================================================
DAG File Processing Stats

File Path                             PID    Runtime      # DAGs    # Errors  Last Runtime    Last Run
------------------------------------  -----  ---------  --------  ----------  --------------  -------------------
/opt/airflow/dags/nyc_taxi_ingest.py                           1           0  0.52s           2026-08-16T00:35:51
================================================================================
[2026-08-16T00:36:43.345+0000] {manager.py:878} INFO - 
================================================================================
DAG File Processing Stats

File Path                             PID    Runtime      # DAGs    # Errors  Last Runtime    Last Run
------------------------------------  -----  ---------  --------  ----------  --------------  -------------------
/opt/airflow/dags/nyc_taxi_ingest.py                           1           0  0.54s           2026-08-16T00:36:22
================================================================================
[2026-08-16T00:37:07.967+0000] {manager.py:737} INFO - Searching for files in /opt/airflow/dags
[2026-08-16T00:37:08.029+0000] {manager.py:740} INFO - There are 1 files in /opt/airflow/dags
[2026-08-16T00:37:13.545+0000] {manager.py:878} INFO - 
================================================================================
DAG File Processing Stats

File Path                             PID    Runtime      # DAGs    # Errors  Last Runtime    Last Run
------------------------------------  -----  ---------  --------  ----------  --------------  -------------------
/opt/airflow/dags/nyc_taxi_ingest.py                           1           0  0.55s           2026-08-16T00:36:53
================================================================================
[2026-08-16T00:37:44.378+0000] {manager.py:878} INFO - 
================================================================================
DAG File Processing Stats

File Path                             PID    Runtime      # DAGs    # Errors  Last Runtime    Last Run
------------------------------------  -----  ---------  --------  ----------  --------------  -------------------
/opt/airflow/dags/nyc_taxi_ingest.py                           1           0  0.61s           2026-08-16T00:37:24
================================================================================
[2026-08-16T00:38:14.648+0000] {manager.py:878} INFO - 
================================================================================
DAG File Processing Stats

File Path                             PID    Runtime      # DAGs    # Errors  Last Runtime    Last Run
------------------------------------  -----  ---------  --------  ----------  --------------  -------------------
/opt/airflow/dags/nyc_taxi_ingest.py                           1           0  0.57s           2026-08-16T00:37:55
================================================================================
[2026-08-16T00:38:44.930+0000] {manager.py:878} INFO - 
================================================================================
DAG File Processing Stats

File Path                             PID    Runtime      # DAGs    # Errors  Last Runtime    Last Run
------------------------------------  -----  ---------  --------  ----------  --------------  -------------------
/opt/airflow/dags/nyc_taxi_ingest.py                           1           0  0.51s           2026-08-16T00:38:25
================================================================================
[2026-08-16T00:39:15.276+0000] {manager.py:878} INFO - 
================================================================================
DAG File Processing Stats

File Path                             PID    Runtime      # DAGs    # Errors  Last Runtime    Last Run
------------------------------------  -----  ---------  --------  ----------  --------------  -------------------
/opt/airflow/dags/nyc_taxi_ingest.py                           1           0  0.55s           2026-08-16T00:38:56
================================================================================
[2026-08-16T00:39:45.573+0000] {manager.py:878} INFO - 
================================================================================
DAG File Processing Stats

File Path                             PID    Runtime      # DAGs    # Errors  Last Runtime    Last Run
------------------------------------  -----  ---------  --------  ----------  --------------  -------------------
/opt/airflow/dags/nyc_taxi_ingest.py                           1           0  0.54s           2026-08-16T00:39:27
================================================================================
[2026-08-16T00:40:15.878+0000] {manager.py:878} INFO - 
================================================================================
DAG File Processing Stats

File Path                             PID    Runtime      # DAGs    # Errors  Last Runtime    Last Run
------------------------------------  -----  ---------  --------  ----------  --------------  -------------------
/opt/airflow/dags/nyc_taxi_ingest.py                           1           0  0.58s           2026-08-16T00:39:58
================================================================================
[2026-08-16T00:40:46.145+0000] {manager.py:878} INFO - 
================================================================================
DAG File Processing Stats

File Path                             PID    Runtime      # DAGs    # Errors  Last Runtime    Last Run
------------------------------------  -----  ---------  --------  ----------  --------------  -------------------
/opt/airflow/dags/nyc_taxi_ingest.py                           1           0  0.52s           2026-08-16T00:40:29
================================================================================
[2026-08-16T00:41:16.511+0000] {manager.py:878} INFO - 
================================================================================
DAG File Processing Stats

File Path                             PID    Runtime      # DAGs    # Errors  Last Runtime    Last Run
------------------------------------  -----  ---------  --------  ----------  --------------  -------------------
/opt/airflow/dags/nyc_taxi_ingest.py                           1           0  0.52s           2026-08-16T00:40:59
================================================================================
[2026-08-16T00:41:46.749+0000] {manager.py:878} INFO - 
================================================================================
DAG File Processing Stats

File Path                             PID    Runtime      # DAGs    # Errors  Last Runtime    Last Run
------------------------------------  -----  ---------  --------  ----------  --------------  -------------------
/opt/airflow/dags/nyc_taxi_ingest.py                           1           0  0.50s           2026-08-16T00:41:30
================================================================================
[2026-08-16T00:42:08.409+0000] {manager.py:737} INFO - Searching for files in /opt/airflow/dags
[2026-08-16T00:42:08.443+0000] {manager.py:740} INFO - There are 1 files in /opt/airflow/dags
[2026-08-16T00:42:17.544+0000] {manager.py:878} INFO - 
================================================================================
DAG File Processing Stats

File Path                             PID    Runtime      # DAGs    # Errors  Last Runtime    Last Run
------------------------------------  -----  ---------  --------  ----------  --------------  -------------------
/opt/airflow/dags/nyc_taxi_ingest.py                           1           0  0.70s           2026-08-16T00:42:01
================================================================================
[2026-08-16T00:42:48.108+0000] {manager.py:878} INFO - 
================================================================================
DAG File Processing Stats

File Path                             PID    Runtime      # DAGs    # Errors  Last Runtime    Last Run
------------------------------------  -----  ---------  --------  ----------  --------------  -------------------
/opt/airflow/dags/nyc_taxi_ingest.py                           1           0  0.51s           2026-08-16T00:42:32
================================================================================
[2026-08-16T00:43:18.258+0000] {manager.py:878} INFO - 
================================================================================
DAG File Processing Stats

File Path                             PID    Runtime      # DAGs    # Errors  Last Runtime    Last Run
------------------------------------  -----  ---------  --------  ----------  --------------  -------------------
/opt/airflow/dags/nyc_taxi_ingest.py                           1           0  0.86s           2026-08-16T00:43:03
================================================================================
[2026-08-16T00:43:48.860+0000] {manager.py:878} INFO - 
================================================================================
DAG File Processing Stats

File Path                             PID    Runtime      # DAGs    # Errors  Last Runtime    Last Run
------------------------------------  -----  ---------  --------  ----------  --------------  -------------------
/opt/airflow/dags/nyc_taxi_ingest.py                           1           0  0.59s           2026-08-16T00:43:34
================================================================================
[2026-08-16T00:44:19.049+0000] {manager.py:878} INFO - 
================================================================================
DAG File Processing Stats

File Path                             PID    Runtime      # DAGs    # Errors  Last Runtime    Last Run
------------------------------------  -----  ---------  --------  ----------  --------------  -------------------
/opt/airflow/dags/nyc_taxi_ingest.py                           1           0  0.56s           2026-08-16T00:44:04
================================================================================
[2026-08-16T00:44:49.793+0000] {manager.py:878} INFO - 
================================================================================
DAG File Processing Stats

File Path                             PID    Runtime      # DAGs    # Errors  Last Runtime    Last Run
------------------------------------  -----  ---------  --------  ----------  --------------  -------------------
/opt/airflow/dags/nyc_taxi_ingest.py                           1           0  0.54s           2026-08-16T00:44:35
================================================================================
[2026-08-16T00:45:20.131+0000] {manager.py:878} INFO - 
================================================================================
DAG File Processing Stats

File Path                             PID    Runtime      # DAGs    # Errors  Last Runtime    Last Run
------------------------------------  -----  ---------  --------  ----------  --------------  -------------------
/opt/airflow/dags/nyc_taxi_ingest.py                           1           0  0.62s           2026-08-16T00:45:06
================================================================================
[2026-08-16T00:45:50.400+0000] {manager.py:878} INFO - 
================================================================================
DAG File Processing Stats

File Path                             PID    Runtime      # DAGs    # Errors  Last Runtime    Last Run
------------------------------------  -----  ---------  --------  ----------  --------------  -------------------
/opt/airflow/dags/nyc_taxi_ingest.py                           1           0  0.52s           2026-08-16T00:45:37
================================================================================
[2026-08-16T00:46:20.729+0000] {manager.py:878} INFO - 
================================================================================
DAG File Processing Stats

File Path                             PID    Runtime      # DAGs    # Errors  Last Runtime    Last Run
------------------------------------  -----  ---------  --------  ----------  --------------  -------------------
/opt/airflow/dags/nyc_taxi_ingest.py                           1           0  0.52s           2026-08-16T00:46:08
================================================================================
[2026-08-16T16:13:31.985+0000] {manager.py:470} INFO - Processing files using up to 2 processes at a time 
[2026-08-16T16:13:32.032+0000] {manager.py:471} INFO - Process each file at most once every 30 seconds
[2026-08-16T16:13:32.082+0000] {manager.py:472} INFO - Checking for new files in /opt/airflow/dags every 300 seconds
[2026-08-16T16:13:32.119+0000] {manager.py:737} INFO - Searching for files in /opt/airflow/dags
[2026-08-16T16:13:33.275+0000] {manager.py:740} INFO - There are 1 files in /opt/airflow/dags
[2026-08-16T16:13:40.277+0000] {manager.py:878} INFO - 
================================================================================
DAG File Processing Stats

File Path                               PID  Runtime      # DAGs    # Errors  Last Runtime    Last Run
------------------------------------  -----  ---------  --------  ----------  --------------  ----------
/opt/airflow/dags/nyc_taxi_ingest.py     47  3.81s             0           0
================================================================================
[2026-08-16T16:14:11.141+0000] {manager.py:878} INFO - 
================================================================================
DAG File Processing Stats

File Path                               PID  Runtime      # DAGs    # Errors  Last Runtime    Last Run
------------------------------------  -----  ---------  --------  ----------  --------------  ----------
/opt/airflow/dags/nyc_taxi_ingest.py     47  35.25s            0           0
================================================================================
[2026-08-16T16:14:41.640+0000] {manager.py:878} INFO - 
================================================================================
DAG File Processing Stats

File Path                             PID    Runtime      # DAGs    # Errors  Last Runtime    Last Run
------------------------------------  -----  ---------  --------  ----------  --------------  -------------------
/opt/airflow/dags/nyc_taxi_ingest.py                           1           0  38.91s          2026-08-16T16:14:14
================================================================================
[2026-08-16T16:15:12.233+0000] {manager.py:878} INFO - 
================================================================================
DAG File Processing Stats

File Path                               PID  Runtime      # DAGs    # Errors  Last Runtime    Last Run
------------------------------------  -----  ---------  --------  ----------  --------------  -------------------
/opt/airflow/dags/nyc_taxi_ingest.py     49  26.61s            1           0  38.91s          2026-08-16T16:14:14
================================================================================
[2026-08-16T16:15:35.819+0000] {manager.py:1203} ERROR - Processor for /opt/airflow/dags/nyc_taxi_ingest.py with PID 49 started at 2026-08-16T16:14:45.601761+00:00 has timed out, killing it.
[2026-08-16T16:15:42.514+0000] {manager.py:878} INFO - 
================================================================================
DAG File Processing Stats

File Path                             PID    Runtime      # DAGs    # Errors  Last Runtime    Last Run
------------------------------------  -----  ---------  --------  ----------  --------------  -------------------
/opt/airflow/dags/nyc_taxi_ingest.py                           0           1  50.22s          2026-08-16T16:15:35
================================================================================
[2026-08-16T16:16:12.968+0000] {manager.py:878} INFO - 
================================================================================
DAG File Processing Stats

File Path                               PID  Runtime      # DAGs    # Errors  Last Runtime    Last Run
------------------------------------  -----  ---------  --------  ----------  --------------  -------------------
/opt/airflow/dags/nyc_taxi_ingest.py     51  6.38s             0           1  50.22s          2026-08-16T16:15:35
================================================================================
[2026-08-16T16:16:43.021+0000] {manager.py:878} INFO - 
================================================================================
DAG File Processing Stats

File Path                             PID    Runtime      # DAGs    # Errors  Last Runtime    Last Run
------------------------------------  -----  ---------  --------  ----------  --------------  -------------------
/opt/airflow/dags/nyc_taxi_ingest.py                           1           0  14.70s          2026-08-16T16:16:21
================================================================================
[2026-08-16T16:17:13.301+0000] {manager.py:878} INFO - 
================================================================================
DAG File Processing Stats

File Path                             PID    Runtime      # DAGs    # Errors  Last Runtime    Last Run
------------------------------------  -----  ---------  --------  ----------  --------------  -------------------
/opt/airflow/dags/nyc_taxi_ingest.py                           1           0  13.41s          2026-08-16T16:17:04
================================================================================
[2026-08-16T16:17:53.933+0000] {manager.py:878} INFO - 
================================================================================
DAG File Processing Stats

File Path                               PID  Runtime      # DAGs    # Errors  Last Runtime    Last Run
------------------------------------  -----  ---------  --------  ----------  --------------  -------------------
/opt/airflow/dags/nyc_taxi_ingest.py     55  0.42s             1           0  13.41s          2026-08-16T16:17:04
================================================================================
[2026-08-16T16:18:24.457+0000] {manager.py:878} INFO - 
================================================================================
DAG File Processing Stats

File Path                             PID    Runtime      # DAGs    # Errors  Last Runtime    Last Run
------------------------------------  -----  ---------  --------  ----------  --------------  -------------------
/opt/airflow/dags/nyc_taxi_ingest.py                           1           0  21.15s          2026-08-16T16:18:14
================================================================================
[2026-08-16T16:18:32.878+0000] {manager.py:737} INFO - Searching for files in /opt/airflow/dags
[2026-08-16T16:18:34.959+0000] {manager.py:740} INFO - There are 1 files in /opt/airflow/dags
[2026-08-16T16:18:54.722+0000] {manager.py:878} INFO - 
================================================================================
DAG File Processing Stats

File Path                               PID  Runtime      # DAGs    # Errors  Last Runtime    Last Run
------------------------------------  -----  ---------  --------  ----------  --------------  -------------------
/opt/airflow/dags/nyc_taxi_ingest.py     57  8.74s             1           0  21.15s          2026-08-16T16:18:14
================================================================================
[2026-08-16T16:19:24.826+0000] {manager.py:878} INFO - 
================================================================================
DAG File Processing Stats

File Path                             PID    Runtime      # DAGs    # Errors  Last Runtime    Last Run
------------------------------------  -----  ---------  --------  ----------  --------------  -------------------
/opt/airflow/dags/nyc_taxi_ingest.py                           1           0  13.55s          2026-08-16T16:18:59
================================================================================
[2026-08-16T16:19:55.738+0000] {manager.py:878} INFO - 
================================================================================
DAG File Processing Stats

File Path                             PID    Runtime      # DAGs    # Errors  Last Runtime    Last Run
------------------------------------  -----  ---------  --------  ----------  --------------  -------------------
/opt/airflow/dags/nyc_taxi_ingest.py                           1           0  8.49s           2026-08-16T16:19:38
================================================================================
[2026-08-16T16:20:26.161+0000] {manager.py:878} INFO - 
================================================================================
DAG File Processing Stats

File Path                             PID    Runtime      # DAGs    # Errors  Last Runtime    Last Run
------------------------------------  -----  ---------  --------  ----------  --------------  -------------------
/opt/airflow/dags/nyc_taxi_ingest.py                           1           0  12.93s          2026-08-16T16:20:22
================================================================================
[2026-08-16T16:20:56.828+0000] {manager.py:878} INFO - 
================================================================================
DAG File Processing Stats

File Path                               PID  Runtime      # DAGs    # Errors  Last Runtime    Last Run
------------------------------------  -----  ---------  --------  ----------  --------------  -------------------
/opt/airflow/dags/nyc_taxi_ingest.py     63  4.23s             1           0  12.93s          2026-08-16T16:20:22
================================================================================
[2026-08-16T16:21:27.071+0000] {manager.py:878} INFO - 
================================================================================
DAG File Processing Stats

File Path                             PID    Runtime      # DAGs    # Errors  Last Runtime    Last Run
------------------------------------  -----  ---------  --------  ----------  --------------  -------------------
/opt/airflow/dags/nyc_taxi_ingest.py                           1           0  9.83s           2026-08-16T16:21:02
================================================================================
[2026-08-16T16:21:57.560+0000] {manager.py:878} INFO - 
================================================================================
DAG File Processing Stats

File Path                             PID    Runtime      # DAGs    # Errors  Last Runtime    Last Run
------------------------------------  -----  ---------  --------  ----------  --------------  -------------------
/opt/airflow/dags/nyc_taxi_ingest.py                           1           0  11.40s          2026-08-16T16:21:44
================================================================================
